--------------------------------------------------------
--  File created - Monday-January-19-2015   
--------------------------------------------------------
DROP TABLE IU_COURSE cascade constraints;
DROP TABLE IU_CRSSECTION cascade constraints;
DROP TABLE IU_DEPARTMENT cascade constraints;
DROP TABLE IU_FACULTY cascade constraints;
DROP TABLE IU_LOCATION cascade constraints;
DROP TABLE IU_MAJOR cascade constraints;
DROP TABLE IU_REGISTRATION cascade constraints;
DROP TABLE IU_ROOM cascade constraints;
DROP TABLE IU_STUDENT cascade constraints;
DROP TABLE IU_TERM cascade constraints;
DROP TABLE NN_DEPENDENT cascade constraints;
DROP TABLE NN_DEPT cascade constraints;
DROP TABLE NN_EMPLEVEL cascade constraints;
DROP TABLE NN_EMPLOYEE cascade constraints;
DROP TABLE NN_POSITION cascade constraints;
DROP TABLE NN_QUALIFICATION cascade constraints;
DROP SEQUENCE IU_FACULTY_SEQ;
DROP SEQUENCE IU_STUDENT_SEQ;
--------------------------------------------------------
--  DDL for Sequence IU_FACULTY_SEQ
--------------------------------------------------------

   CREATE SEQUENCE  IU_FACULTY_SEQ  MINVALUE 1 MAXVALUE 999999999999999999999999999 INCREMENT BY 1 START WITH 520 CACHE 20 NOORDER  NOCYCLE ;
--------------------------------------------------------
--  DDL for Sequence IU_STUDENT_SEQ
--------------------------------------------------------

   CREATE SEQUENCE  IU_STUDENT_SEQ  MINVALUE 1 MAXVALUE 999999999999999999999999999 INCREMENT BY 1 START WITH 66 CACHE 20 NOORDER  NOCYCLE ;
--------------------------------------------------------
--  DDL for Table IU_COURSE
--------------------------------------------------------

  CREATE TABLE IU_COURSE 
   (	COURSEID VARCHAR2(6), 
	TITLE VARCHAR2(30), 
	CREDITS NUMBER(1,0), 
	PREREQ VARCHAR2(6), 
	LAB_HOURS NUMBER(3,0), 
	LECTURE_HOURS NUMBER(3,0), 
	HOMEWORK_HOURS NUMBER(3,0)
   ) ;
--------------------------------------------------------
--  DDL for Table IU_CRSSECTION
--------------------------------------------------------

  CREATE TABLE IU_CRSSECTION 
   (	CSID NUMBER(4,0), 
	COURSEID VARCHAR2(6), 
	SECTION CHAR(2), 
	TERMID CHAR(4), 
	FACULTYID NUMBER(3,0), 
	DAY VARCHAR2(2), 
	STARTTIME VARCHAR2(5), 
	ENDTIME VARCHAR2(5), 
	ROOMID NUMBER(2,0), 
	MAXCOUNT NUMBER(2,0)
   ) ;
--------------------------------------------------------
--  DDL for Table IU_DEPARTMENT
--------------------------------------------------------

  CREATE TABLE IU_DEPARTMENT 
   (	DEPTID NUMBER(3,0), 
	DEPTNAME VARCHAR2(30), 
	FACULTYID NUMBER(3,0)
   ) ;
--------------------------------------------------------
--  DDL for Table IU_FACULTY
--------------------------------------------------------

  CREATE TABLE IU_FACULTY 
   (	FACULTYID NUMBER(3,0), 
	NAME VARCHAR2(15), 
	ROOMID NUMBER(2,0), 
	PHONE CHAR(4), 
	DEPTID NUMBER(3,0)
   ) ;
--------------------------------------------------------
--  DDL for Table IU_LOCATION
--------------------------------------------------------

  CREATE TABLE IU_LOCATION 
   (	ROOMID NUMBER(2,0), 
	BUILDING VARCHAR2(15) DEFAULT 'Heritage', 
	ROOMNO CHAR(3), 
	CAPACITY NUMBER(2,0), 
	ROOMTYPE CHAR(1)
   ) ;
--------------------------------------------------------
--  DDL for Table IU_MAJOR
--------------------------------------------------------

  CREATE TABLE IU_MAJOR 
   (	MAJORID NUMBER(3,0), 
	MAJORDESC VARCHAR2(25)
   ) ;
--------------------------------------------------------
--  DDL for Table IU_REGISTRATION
--------------------------------------------------------

  CREATE TABLE IU_REGISTRATION 
   (	STUDENTID CHAR(5), 
	CSID NUMBER(4,0), 
	MIDTERM CHAR(1), 
	FINAL CHAR(1), 
	REGSTATUS CHAR(1)
   ) ;
--------------------------------------------------------
--  DDL for Table IU_ROOM
--------------------------------------------------------

  CREATE TABLE IU_ROOM 
   (	ROOMTYPE CHAR(1), 
	ROOMDESC VARCHAR2(9)
   ) ;
--------------------------------------------------------
--  DDL for Table IU_STUDENT
--------------------------------------------------------

  CREATE TABLE IU_STUDENT 
   (	STUDENTID CHAR(5), 
	LAST VARCHAR2(15), 
	FIRST VARCHAR2(15), 
	STREET VARCHAR2(25), 
	CITY VARCHAR2(15), 
	PROVINCE CHAR(2) DEFAULT 'QC', 
	POSTCODE CHAR(6), 
	STARTTERM CHAR(4), 
	BIRTHDATE DATE, 
	FACULTYID NUMBER(3,0), 
	MAJORID NUMBER(3,0), 
	PHONE CHAR(10), 
	CREDITSEARNED NUMBER(3,0)
   ) ;
--------------------------------------------------------
--  DDL for Table IU_TERM
--------------------------------------------------------

  CREATE TABLE IU_TERM 
   (	TERMID CHAR(4), 
	TERMDESC VARCHAR2(11), 
	STARTDATE DATE, 
	ENDDATE DATE
   ) ;
--------------------------------------------------------
--  DDL for Table NN_DEPENDENT
--------------------------------------------------------

  CREATE TABLE NN_DEPENDENT 
   (	EMPLOYEEID NUMBER(3,0), 
	DEPENDENTID NUMBER(1,0), 
	DEPDOB DATE, 
	RELATION VARCHAR2(8)
   ) ;
--------------------------------------------------------
--  DDL for Table NN_DEPT
--------------------------------------------------------

  CREATE TABLE NN_DEPT 
   (	DEPTID NUMBER(2,0), 
	DEPTNAME VARCHAR2(12), 
	LOCATION VARCHAR2(15), 
	EMPLOYEEID NUMBER(3,0)
   ) ;
--------------------------------------------------------
--  DDL for Table NN_EMPLEVEL
--------------------------------------------------------

  CREATE TABLE NN_EMPLEVEL 
   (	LEVELNO NUMBER(1,0), 
	LOWSALARY NUMBER(6,0), 
	HIGHSALARY NUMBER(6,0)
   ) ;
--------------------------------------------------------
--  DDL for Table NN_EMPLOYEE
--------------------------------------------------------

  CREATE TABLE NN_EMPLOYEE 
   (	EMPLOYEEID NUMBER(3,0), 
	LNAME VARCHAR2(15), 
	FNAME VARCHAR2(15), 
	POSITIONID NUMBER(1,0), 
	SUPERVISOR NUMBER(3,0), 
	HIREDATE DATE, 
	SALARY NUMBER(6,0), 
	COMMISSION NUMBER(5,0), 
	DEPTID NUMBER(2,0), 
	QUALID NUMBER(1,0)
   ) ;
--------------------------------------------------------
--  DDL for Table NN_POSITION
--------------------------------------------------------

  CREATE TABLE NN_POSITION 
   (	POSITIONID NUMBER(1,0), 
	POSDESC VARCHAR2(10)
   ) ;
--------------------------------------------------------
--  DDL for Table NN_QUALIFICATION
--------------------------------------------------------

  CREATE TABLE NN_QUALIFICATION 
   (	QUALID NUMBER(1,0), 
	QUALDESC VARCHAR2(11)
   ) ;
REM INSERTING into IU_COURSE
SET DEFINE OFF;
Insert into IU_COURSE (COURSEID,TITLE,CREDITS,PREREQ,LAB_HOURS,LECTURE_HOURS,HOMEWORK_HOURS) values ('EN100','Basic English',0,null,0,3,3);
Insert into IU_COURSE (COURSEID,TITLE,CREDITS,PREREQ,LAB_HOURS,LECTURE_HOURS,HOMEWORK_HOURS) values ('LA123','English Literature',3,'EN100',0,3,3);
Insert into IU_COURSE (COURSEID,TITLE,CREDITS,PREREQ,LAB_HOURS,LECTURE_HOURS,HOMEWORK_HOURS) values ('CIS253','Database Systems',3,null,0,3,3);
Insert into IU_COURSE (COURSEID,TITLE,CREDITS,PREREQ,LAB_HOURS,LECTURE_HOURS,HOMEWORK_HOURS) values ('CIS265','Systems Analysis',3,'CIS253',0,3,3);
Insert into IU_COURSE (COURSEID,TITLE,CREDITS,PREREQ,LAB_HOURS,LECTURE_HOURS,HOMEWORK_HOURS) values ('AC101','Accounting',3,null,0,3,3);
Insert into IU_COURSE (COURSEID,TITLE,CREDITS,PREREQ,LAB_HOURS,LECTURE_HOURS,HOMEWORK_HOURS) values ('MA150','College Algebra',3,null,0,3,3);
Insert into IU_COURSE (COURSEID,TITLE,CREDITS,PREREQ,LAB_HOURS,LECTURE_HOURS,HOMEWORK_HOURS) values ('420E11','Systems I',3,'420B20',3,3,3);
Insert into IU_COURSE (COURSEID,TITLE,CREDITS,PREREQ,LAB_HOURS,LECTURE_HOURS,HOMEWORK_HOURS) values ('420D10','Database I',3,'420B20',4,2,3);
Insert into IU_COURSE (COURSEID,TITLE,CREDITS,PREREQ,LAB_HOURS,LECTURE_HOURS,HOMEWORK_HOURS) values ('420B31','Programming III',2,'420B20',3,2,2);
Insert into IU_COURSE (COURSEID,TITLE,CREDITS,PREREQ,LAB_HOURS,LECTURE_HOURS,HOMEWORK_HOURS) values ('420C30','Web Programming III',2,'420C20',3,2,3);
Insert into IU_COURSE (COURSEID,TITLE,CREDITS,PREREQ,LAB_HOURS,LECTURE_HOURS,HOMEWORK_HOURS) values ('420E21','Systems II',3,'420E11',3,2,3);
Insert into IU_COURSE (COURSEID,TITLE,CREDITS,PREREQ,LAB_HOURS,LECTURE_HOURS,HOMEWORK_HOURS) values ('420D20','Database Management II',3,'420D10',2,2,2);
Insert into IU_COURSE (COURSEID,TITLE,CREDITS,PREREQ,LAB_HOURS,LECTURE_HOURS,HOMEWORK_HOURS) values ('420B42','Programming IV',2,'420B31',3,1,3);
Insert into IU_COURSE (COURSEID,TITLE,CREDITS,PREREQ,LAB_HOURS,LECTURE_HOURS,HOMEWORK_HOURS) values ('602101','French I',2,null,1,2,3);
Insert into IU_COURSE (COURSEID,TITLE,CREDITS,PREREQ,LAB_HOURS,LECTURE_HOURS,HOMEWORK_HOURS) values ('420C40','Web Programming IV',2,'420C30',2,3,2);
Insert into IU_COURSE (COURSEID,TITLE,CREDITS,PREREQ,LAB_HOURS,LECTURE_HOURS,HOMEWORK_HOURS) values ('603CXD','English - Professional Milieu',2,null,2,2,2);
Insert into IU_COURSE (COURSEID,TITLE,CREDITS,PREREQ,LAB_HOURS,LECTURE_HOURS,HOMEWORK_HOURS) values ('345CXA','Values in the Workplace',2,null,2,1,3);
Insert into IU_COURSE (COURSEID,TITLE,CREDITS,PREREQ,LAB_HOURS,LECTURE_HOURS,HOMEWORK_HOURS) values ('420B10','Programming I',3,null,3,3,3);
Insert into IU_COURSE (COURSEID,TITLE,CREDITS,PREREQ,LAB_HOURS,LECTURE_HOURS,HOMEWORK_HOURS) values ('420B20','Programming II',3,'420B10',3,3,3);
Insert into IU_COURSE (COURSEID,TITLE,CREDITS,PREREQ,LAB_HOURS,LECTURE_HOURS,HOMEWORK_HOURS) values ('420A13','Hardware and Operating Systems',3,null,3,3,2);
Insert into IU_COURSE (COURSEID,TITLE,CREDITS,PREREQ,LAB_HOURS,LECTURE_HOURS,HOMEWORK_HOURS) values ('420A32','Networks',2,'420A13',3,2,2);
Insert into IU_COURSE (COURSEID,TITLE,CREDITS,PREREQ,LAB_HOURS,LECTURE_HOURS,HOMEWORK_HOURS) values ('420C10','Web Programming I',2,null,2,3,2);
Insert into IU_COURSE (COURSEID,TITLE,CREDITS,PREREQ,LAB_HOURS,LECTURE_HOURS,HOMEWORK_HOURS) values ('420C20','Web Programming II',3,'420C10',2,3,3);
Insert into IU_COURSE (COURSEID,TITLE,CREDITS,PREREQ,LAB_HOURS,LECTURE_HOURS,HOMEWORK_HOURS) values ('350H05','Interpersonal Relationships',2,null,2,1,2);
Insert into IU_COURSE (COURSEID,TITLE,CREDITS,PREREQ,LAB_HOURS,LECTURE_HOURS,HOMEWORK_HOURS) values ('420E01','Business Information Systems',2,null,2,2,2);
Insert into IU_COURSE (COURSEID,TITLE,CREDITS,PREREQ,LAB_HOURS,LECTURE_HOURS,HOMEWORK_HOURS) values ('201H01','Math for Computer Science',2,null,3,2,2);
REM INSERTING into IU_CRSSECTION
SET DEFINE OFF;
Insert into IU_CRSSECTION (CSID,COURSEID,SECTION,TERMID,FACULTYID,DAY,STARTTIME,ENDTIME,ROOMID,MAXCOUNT) values (1101,'CIS265','01','WN03',111,'MW','09:00','10:30',13,30);
Insert into IU_CRSSECTION (CSID,COURSEID,SECTION,TERMID,FACULTYID,DAY,STARTTIME,ENDTIME,ROOMID,MAXCOUNT) values (1102,'CIS253','01','WN03',123,'TR','09:00','10:30',18,40);
Insert into IU_CRSSECTION (CSID,COURSEID,SECTION,TERMID,FACULTYID,DAY,STARTTIME,ENDTIME,ROOMID,MAXCOUNT) values (1103,'MA150','02','WN03',444,'F','09:00','12:00',15,25);
Insert into IU_CRSSECTION (CSID,COURSEID,SECTION,TERMID,FACULTYID,DAY,STARTTIME,ENDTIME,ROOMID,MAXCOUNT) values (1104,'AC101','10','WN03',345,'MW','10:30','12:00',16,2);
Insert into IU_CRSSECTION (CSID,COURSEID,SECTION,TERMID,FACULTYID,DAY,STARTTIME,ENDTIME,ROOMID,MAXCOUNT) values (1205,'CIS265','01','SP03',null,'MW','09:00','10:30',14,35);
Insert into IU_CRSSECTION (CSID,COURSEID,SECTION,TERMID,FACULTYID,DAY,STARTTIME,ENDTIME,ROOMID,MAXCOUNT) values (1206,'CIS265','02','SP03',111,'TR','09:00','10:30',18,30);
Insert into IU_CRSSECTION (CSID,COURSEID,SECTION,TERMID,FACULTYID,DAY,STARTTIME,ENDTIME,ROOMID,MAXCOUNT) values (1207,'LA123','05','SP03',null,'MW','09:00','10:30',15,30);
Insert into IU_CRSSECTION (CSID,COURSEID,SECTION,TERMID,FACULTYID,DAY,STARTTIME,ENDTIME,ROOMID,MAXCOUNT) values (1208,'CIS253','21','SP03',123,'TR','09:00','10:30',14,1);
Insert into IU_CRSSECTION (CSID,COURSEID,SECTION,TERMID,FACULTYID,DAY,STARTTIME,ENDTIME,ROOMID,MAXCOUNT) values (1209,'CIS253','11','SP03',111,'MW','09:00','10:30',18,40);
Insert into IU_CRSSECTION (CSID,COURSEID,SECTION,TERMID,FACULTYID,DAY,STARTTIME,ENDTIME,ROOMID,MAXCOUNT) values (1210,'CIS253','31','SP03',123,'F','TBA','TBA',16,2);
Insert into IU_CRSSECTION (CSID,COURSEID,SECTION,TERMID,FACULTYID,DAY,STARTTIME,ENDTIME,ROOMID,MAXCOUNT) values (4201,'420C30','01','FL13',402,'W','15:00','18:00',41,12);
Insert into IU_CRSSECTION (CSID,COURSEID,SECTION,TERMID,FACULTYID,DAY,STARTTIME,ENDTIME,ROOMID,MAXCOUNT) values (4202,'420B31','01','FL13',408,'M','12:00','15:00',42,24);
Insert into IU_CRSSECTION (CSID,COURSEID,SECTION,TERMID,FACULTYID,DAY,STARTTIME,ENDTIME,ROOMID,MAXCOUNT) values (4203,'420D10','01','FL13',284,'MT','15:00','17:00',41,24);
Insert into IU_CRSSECTION (CSID,COURSEID,SECTION,TERMID,FACULTYID,DAY,STARTTIME,ENDTIME,ROOMID,MAXCOUNT) values (4204,'420E11','01','FL13',408,'T','09:00','12:00',42,24);
Insert into IU_CRSSECTION (CSID,COURSEID,SECTION,TERMID,FACULTYID,DAY,STARTTIME,ENDTIME,ROOMID,MAXCOUNT) values (1501,'420B31','01','FL12',408,'MW','08:00','10:00',42,22);
Insert into IU_CRSSECTION (CSID,COURSEID,SECTION,TERMID,FACULTYID,DAY,STARTTIME,ENDTIME,ROOMID,MAXCOUNT) values (1502,'420C30','01','FL12',402,'MW','08:00','10:00',41,22);
Insert into IU_CRSSECTION (CSID,COURSEID,SECTION,TERMID,FACULTYID,DAY,STARTTIME,ENDTIME,ROOMID,MAXCOUNT) values (1503,'420D10','01','FL12',284,'TW','15:00','17:00',41,22);
Insert into IU_CRSSECTION (CSID,COURSEID,SECTION,TERMID,FACULTYID,DAY,STARTTIME,ENDTIME,ROOMID,MAXCOUNT) values (1504,'420E11','01','FL12',408,'TW','15:00','17:00',42,22);
Insert into IU_CRSSECTION (CSID,COURSEID,SECTION,TERMID,FACULTYID,DAY,STARTTIME,ENDTIME,ROOMID,MAXCOUNT) values (1601,'420B42','01','WN14',407,'TR','08:00','10:00',42,22);
Insert into IU_CRSSECTION (CSID,COURSEID,SECTION,TERMID,FACULTYID,DAY,STARTTIME,ENDTIME,ROOMID,MAXCOUNT) values (1602,'420C30','01','WN14',402,'MW','08:00','10:00',41,22);
Insert into IU_CRSSECTION (CSID,COURSEID,SECTION,TERMID,FACULTYID,DAY,STARTTIME,ENDTIME,ROOMID,MAXCOUNT) values (1603,'420D20','01','WN14',284,'MR','15:00','17:00',41,22);
Insert into IU_CRSSECTION (CSID,COURSEID,SECTION,TERMID,FACULTYID,DAY,STARTTIME,ENDTIME,ROOMID,MAXCOUNT) values (1604,'420E21','01','WN14',409,'TW','15:00','17:00',41,22);
Insert into IU_CRSSECTION (CSID,COURSEID,SECTION,TERMID,FACULTYID,DAY,STARTTIME,ENDTIME,ROOMID,MAXCOUNT) values (1605,'602101','01','WN14',123,'MW','08:00','09:30',16,30);
Insert into IU_CRSSECTION (CSID,COURSEID,SECTION,TERMID,FACULTYID,DAY,STARTTIME,ENDTIME,ROOMID,MAXCOUNT) values (4501,'420B42','01','WN15',402,'F','13:00','17:00',47,22);
Insert into IU_CRSSECTION (CSID,COURSEID,SECTION,TERMID,FACULTYID,DAY,STARTTIME,ENDTIME,ROOMID,MAXCOUNT) values (4502,'420C40','01','WN15',402,'R','14:00','17:00',41,22);
Insert into IU_CRSSECTION (CSID,COURSEID,SECTION,TERMID,FACULTYID,DAY,STARTTIME,ENDTIME,ROOMID,MAXCOUNT) values (4503,'420D20','01','WN15',284,'F','09:00','12:00',41,22);
Insert into IU_CRSSECTION (CSID,COURSEID,SECTION,TERMID,FACULTYID,DAY,STARTTIME,ENDTIME,ROOMID,MAXCOUNT) values (4504,'420E21','01','WN15',409,'TW','15:00','17:00',42,22);
Insert into IU_CRSSECTION (CSID,COURSEID,SECTION,TERMID,FACULTYID,DAY,STARTTIME,ENDTIME,ROOMID,MAXCOUNT) values (4505,'603CXD','01','WN15',408,'T','08:00','12:00',42,40);
Insert into IU_CRSSECTION (CSID,COURSEID,SECTION,TERMID,FACULTYID,DAY,STARTTIME,ENDTIME,ROOMID,MAXCOUNT) values (4401,'420C30','01','FL14',402,'W','15:00','18:00',41,12);
Insert into IU_CRSSECTION (CSID,COURSEID,SECTION,TERMID,FACULTYID,DAY,STARTTIME,ENDTIME,ROOMID,MAXCOUNT) values (4402,'420B31','01','FL14',408,'M','12:00','15:00',42,24);
Insert into IU_CRSSECTION (CSID,COURSEID,SECTION,TERMID,FACULTYID,DAY,STARTTIME,ENDTIME,ROOMID,MAXCOUNT) values (4403,'420D10','01','FL14',284,'MT','15:00','17:00',41,24);
Insert into IU_CRSSECTION (CSID,COURSEID,SECTION,TERMID,FACULTYID,DAY,STARTTIME,ENDTIME,ROOMID,MAXCOUNT) values (4404,'420E11','01','FL14',408,'T','09:00','12:00',42,24);
Insert into IU_CRSSECTION (CSID,COURSEID,SECTION,TERMID,FACULTYID,DAY,STARTTIME,ENDTIME,ROOMID,MAXCOUNT) values (4506,'345CXA','01','WN15',422,'T','TBA','TBA',14,40);
Insert into IU_CRSSECTION (CSID,COURSEID,SECTION,TERMID,FACULTYID,DAY,STARTTIME,ENDTIME,ROOMID,MAXCOUNT) values (4507,'420B20','01','WN15',284,'W','08:00','11:00',41,24);
Insert into IU_CRSSECTION (CSID,COURSEID,SECTION,TERMID,FACULTYID,DAY,STARTTIME,ENDTIME,ROOMID,MAXCOUNT) values (4508,'420C20','01','WN15',402,'T','08:00','11:00',41,24);
Insert into IU_CRSSECTION (CSID,COURSEID,SECTION,TERMID,FACULTYID,DAY,STARTTIME,ENDTIME,ROOMID,MAXCOUNT) values (4509,'420A32','01','WN15',407,'M','14:00','18:00',47,24);
Insert into IU_CRSSECTION (CSID,COURSEID,SECTION,TERMID,FACULTYID,DAY,STARTTIME,ENDTIME,ROOMID,MAXCOUNT) values (4510,'350H05','01','WN15',null,'F','TBA','TBA',null,40);
Insert into IU_CRSSECTION (CSID,COURSEID,SECTION,TERMID,FACULTYID,DAY,STARTTIME,ENDTIME,ROOMID,MAXCOUNT) values (4511,'420E01','01','WN15',408,'M','14:00','16:00',null,40);
Insert into IU_CRSSECTION (CSID,COURSEID,SECTION,TERMID,FACULTYID,DAY,STARTTIME,ENDTIME,ROOMID,MAXCOUNT) values (4512,'603CXD','01','WN15',421,'TF','13:00','15:00',44,40);
Insert into IU_CRSSECTION (CSID,COURSEID,SECTION,TERMID,FACULTYID,DAY,STARTTIME,ENDTIME,ROOMID,MAXCOUNT) values (4513,'420E01','01','WN15',408,'M','14:00','16:00',null,40);
Insert into IU_CRSSECTION (CSID,COURSEID,SECTION,TERMID,FACULTYID,DAY,STARTTIME,ENDTIME,ROOMID,MAXCOUNT) values (1105,'MA150','01','WN03',444,'M','09:00','12:00',15,25);
Insert into IU_CRSSECTION (CSID,COURSEID,SECTION,TERMID,FACULTYID,DAY,STARTTIME,ENDTIME,ROOMID,MAXCOUNT) values (1211,'MA150','01','SP03',444,'M','09:00','12:00',null,25);
REM INSERTING into IU_DEPARTMENT
SET DEFINE OFF;
Insert into IU_DEPARTMENT (DEPTID,DEPTNAME,FACULTYID) values (1,'Computer Science',111);
Insert into IU_DEPARTMENT (DEPTID,DEPTNAME,FACULTYID) values (2,'Telecommunications',222);
Insert into IU_DEPARTMENT (DEPTID,DEPTNAME,FACULTYID) values (3,'Accounting',333);
Insert into IU_DEPARTMENT (DEPTID,DEPTNAME,FACULTYID) values (4,'Math and Science',444);
Insert into IU_DEPARTMENT (DEPTID,DEPTNAME,FACULTYID) values (5,'Liberal Arts',555);
Insert into IU_DEPARTMENT (DEPTID,DEPTNAME,FACULTYID) values (420,'Heritage Computer Science',391);
Insert into IU_DEPARTMENT (DEPTID,DEPTNAME,FACULTYID) values (345,'Humanities',null);
Insert into IU_DEPARTMENT (DEPTID,DEPTNAME,FACULTYID) values (603,'English',null);
REM INSERTING into IU_FACULTY
SET DEFINE OFF;
Insert into IU_FACULTY (FACULTYID,NAME,ROOMID,PHONE,DEPTID) values (111,'Jones',11,'525 ',1);
Insert into IU_FACULTY (FACULTYID,NAME,ROOMID,PHONE,DEPTID) values (222,'Williams',20,'533 ',2);
Insert into IU_FACULTY (FACULTYID,NAME,ROOMID,PHONE,DEPTID) values (123,'Mobley',11,'529 ',1);
Insert into IU_FACULTY (FACULTYID,NAME,ROOMID,PHONE,DEPTID) values (235,'Vajpayee',12,'577 ',2);
Insert into IU_FACULTY (FACULTYID,NAME,ROOMID,PHONE,DEPTID) values (345,'Sen',12,'579 ',3);
Insert into IU_FACULTY (FACULTYID,NAME,ROOMID,PHONE,DEPTID) values (444,'Rivera',21,'544 ',4);
Insert into IU_FACULTY (FACULTYID,NAME,ROOMID,PHONE,DEPTID) values (555,'Chang',17,'587 ',5);
Insert into IU_FACULTY (FACULTYID,NAME,ROOMID,PHONE,DEPTID) values (333,'Collins',17,'599 ',3);
Insert into IU_FACULTY (FACULTYID,NAME,ROOMID,PHONE,DEPTID) values (284,'Hamilton',34,'2171',420);
Insert into IU_FACULTY (FACULTYID,NAME,ROOMID,PHONE,DEPTID) values (391,'Turanyi',32,'2071',420);
Insert into IU_FACULTY (FACULTYID,NAME,ROOMID,PHONE,DEPTID) values (402,'McDonald',33,'2083',420);
Insert into IU_FACULTY (FACULTYID,NAME,ROOMID,PHONE,DEPTID) values (407,'Patterson',36,'1431',420);
Insert into IU_FACULTY (FACULTYID,NAME,ROOMID,PHONE,DEPTID) values (408,'Stark',35,'1432',420);
Insert into IU_FACULTY (FACULTYID,NAME,ROOMID,PHONE,DEPTID) values (421,'Strachan',null,'1426',603);
Insert into IU_FACULTY (FACULTYID,NAME,ROOMID,PHONE,DEPTID) values (422,'Zieba',null,'2153',345);
Insert into IU_FACULTY (FACULTYID,NAME,ROOMID,PHONE,DEPTID) values (409,'Audet',null,null,420);
SET DEFINE OFF;
REM INSERTING into IU_LOCATION
SET DEFINE OFF;
Insert into IU_LOCATION (ROOMID,BUILDING,ROOMNO,CAPACITY,ROOMTYPE) values (11,'Gandhi','101',2,'O');
Insert into IU_LOCATION (ROOMID,BUILDING,ROOMNO,CAPACITY,ROOMTYPE) values (12,'Gandhi','103',2,'O');
Insert into IU_LOCATION (ROOMID,BUILDING,ROOMNO,CAPACITY,ROOMTYPE) values (13,'Kennedy','202',35,'L');
Insert into IU_LOCATION (ROOMID,BUILDING,ROOMNO,CAPACITY,ROOMTYPE) values (14,'Kennedy','204',50,'L');
Insert into IU_LOCATION (ROOMID,BUILDING,ROOMNO,CAPACITY,ROOMTYPE) values (15,'Nehru','301',50,'C');
Insert into IU_LOCATION (ROOMID,BUILDING,ROOMNO,CAPACITY,ROOMTYPE) values (16,'Nehru','309',45,'C');
Insert into IU_LOCATION (ROOMID,BUILDING,ROOMNO,CAPACITY,ROOMTYPE) values (17,'Gandhi','105',2,'O');
Insert into IU_LOCATION (ROOMID,BUILDING,ROOMNO,CAPACITY,ROOMTYPE) values (18,'Kennedy','206',40,'L');
Insert into IU_LOCATION (ROOMID,BUILDING,ROOMNO,CAPACITY,ROOMTYPE) values (19,'Kennedy','210',30,'L');
Insert into IU_LOCATION (ROOMID,BUILDING,ROOMNO,CAPACITY,ROOMTYPE) values (20,'Gandhi','107',1,'O');
Insert into IU_LOCATION (ROOMID,BUILDING,ROOMNO,CAPACITY,ROOMTYPE) values (21,'Gandhi','109',1,'O');
Insert into IU_LOCATION (ROOMID,BUILDING,ROOMNO,CAPACITY,ROOMTYPE) values (32,'Heritage','207',1,'O');
Insert into IU_LOCATION (ROOMID,BUILDING,ROOMNO,CAPACITY,ROOMTYPE) values (33,'Heritage','208',1,'O');
Insert into IU_LOCATION (ROOMID,BUILDING,ROOMNO,CAPACITY,ROOMTYPE) values (34,'Heritage','217',2,'O');
Insert into IU_LOCATION (ROOMID,BUILDING,ROOMNO,CAPACITY,ROOMTYPE) values (41,'Heritage','219',24,'L');
Insert into IU_LOCATION (ROOMID,BUILDING,ROOMNO,CAPACITY,ROOMTYPE) values (42,'Heritage','220',24,'L');
Insert into IU_LOCATION (ROOMID,BUILDING,ROOMNO,CAPACITY,ROOMTYPE) values (35,'Heritage','270',2,'O');
Insert into IU_LOCATION (ROOMID,BUILDING,ROOMNO,CAPACITY,ROOMTYPE) values (43,'Heritage','246',40,'C');
Insert into IU_LOCATION (ROOMID,BUILDING,ROOMNO,CAPACITY,ROOMTYPE) values (44,'Heritage','211',40,'C');
Insert into IU_LOCATION (ROOMID,BUILDING,ROOMNO,CAPACITY,ROOMTYPE) values (45,'Heritage','212',40,'C');
Insert into IU_LOCATION (ROOMID,BUILDING,ROOMNO,CAPACITY,ROOMTYPE) values (46,'Heritage','221',40,'C');
Insert into IU_LOCATION (ROOMID,BUILDING,ROOMNO,CAPACITY,ROOMTYPE) values (47,'Heritage','287',20,'L');
Insert into IU_LOCATION (ROOMID,BUILDING,ROOMNO,CAPACITY,ROOMTYPE) values (36,'Heritage','271',1,'O');
REM INSERTING into IU_MAJOR
SET DEFINE OFF;
Insert into IU_MAJOR (MAJORID,MAJORDESC) values (100,'AAS-Accounting');
Insert into IU_MAJOR (MAJORID,MAJORDESC) values (200,'AAS-Computer Science');
Insert into IU_MAJOR (MAJORID,MAJORDESC) values (300,'AAS-Telecommunications');
Insert into IU_MAJOR (MAJORID,MAJORDESC) values (400,'BS-Accounting');
Insert into IU_MAJOR (MAJORID,MAJORDESC) values (500,'BS-Computer Science');
Insert into IU_MAJOR (MAJORID,MAJORDESC) values (600,'BS-Telecommunications');
Insert into IU_MAJOR (MAJORID,MAJORDESC) values (420,'DEC-Computer Science');
REM INSERTING into IU_REGISTRATION
SET DEFINE OFF;
Insert into IU_REGISTRATION (STUDENTID,CSID,MIDTERM,FINAL,REGSTATUS) values ('00102',1105,'B','B','R');
Insert into IU_REGISTRATION (STUDENTID,CSID,MIDTERM,FINAL,REGSTATUS) values ('HR002',4401,'C','F','R');
Insert into IU_REGISTRATION (STUDENTID,CSID,MIDTERM,FINAL,REGSTATUS) values ('HR002',4402,'C','C','R');
Insert into IU_REGISTRATION (STUDENTID,CSID,MIDTERM,FINAL,REGSTATUS) values ('HR002',4403,'C','D','R');
Insert into IU_REGISTRATION (STUDENTID,CSID,MIDTERM,FINAL,REGSTATUS) values ('HR002',4404,'D','C','R');
Insert into IU_REGISTRATION (STUDENTID,CSID,MIDTERM,FINAL,REGSTATUS) values ('HR003',4401,'C','B','R');
Insert into IU_REGISTRATION (STUDENTID,CSID,MIDTERM,FINAL,REGSTATUS) values ('HR003',4402,'C','D','R');
Insert into IU_REGISTRATION (STUDENTID,CSID,MIDTERM,FINAL,REGSTATUS) values ('HR003',4403,'F','F','R');
Insert into IU_REGISTRATION (STUDENTID,CSID,MIDTERM,FINAL,REGSTATUS) values ('HR003',4404,'D','F','R');
Insert into IU_REGISTRATION (STUDENTID,CSID,MIDTERM,FINAL,REGSTATUS) values ('HR004',4401,'A','B','R');
Insert into IU_REGISTRATION (STUDENTID,CSID,MIDTERM,FINAL,REGSTATUS) values ('HR004',4402,'B','B','R');
Insert into IU_REGISTRATION (STUDENTID,CSID,MIDTERM,FINAL,REGSTATUS) values ('HR004',4403,'B','A','R');
Insert into IU_REGISTRATION (STUDENTID,CSID,MIDTERM,FINAL,REGSTATUS) values ('HR004',4404,'C','A','R');
Insert into IU_REGISTRATION (STUDENTID,CSID,MIDTERM,FINAL,REGSTATUS) values ('HR001',4501,null,null,'R');
Insert into IU_REGISTRATION (STUDENTID,CSID,MIDTERM,FINAL,REGSTATUS) values ('HR001',4502,null,null,'R');
Insert into IU_REGISTRATION (STUDENTID,CSID,MIDTERM,FINAL,REGSTATUS) values ('HR001',4503,null,null,'R');
Insert into IU_REGISTRATION (STUDENTID,CSID,MIDTERM,FINAL,REGSTATUS) values ('HR001',4504,null,null,'R');
Insert into IU_REGISTRATION (STUDENTID,CSID,MIDTERM,FINAL,REGSTATUS) values ('HR001',4505,null,null,'R');
Insert into IU_REGISTRATION (STUDENTID,CSID,MIDTERM,FINAL,REGSTATUS) values ('HR001',4506,null,null,'R');
Insert into IU_REGISTRATION (STUDENTID,CSID,MIDTERM,FINAL,REGSTATUS) values ('HR002',4501,null,null,'R');
Insert into IU_REGISTRATION (STUDENTID,CSID,MIDTERM,FINAL,REGSTATUS) values ('HR002',4503,null,null,'R');
Insert into IU_REGISTRATION (STUDENTID,CSID,MIDTERM,FINAL,REGSTATUS) values ('HR002',4504,null,null,'R');
Insert into IU_REGISTRATION (STUDENTID,CSID,MIDTERM,FINAL,REGSTATUS) values ('HR002',4505,null,null,'R');
Insert into IU_REGISTRATION (STUDENTID,CSID,MIDTERM,FINAL,REGSTATUS) values ('HR002',4506,null,null,'R');
Insert into IU_REGISTRATION (STUDENTID,CSID,MIDTERM,FINAL,REGSTATUS) values ('HR003',4501,null,null,'R');
Insert into IU_REGISTRATION (STUDENTID,CSID,MIDTERM,FINAL,REGSTATUS) values ('HR003',4505,null,null,'R');
Insert into IU_REGISTRATION (STUDENTID,CSID,MIDTERM,FINAL,REGSTATUS) values ('HR003',4506,null,null,'R');
Insert into IU_REGISTRATION (STUDENTID,CSID,MIDTERM,FINAL,REGSTATUS) values ('HR004',4501,null,null,'R');
Insert into IU_REGISTRATION (STUDENTID,CSID,MIDTERM,FINAL,REGSTATUS) values ('HR004',4502,null,null,'R');
Insert into IU_REGISTRATION (STUDENTID,CSID,MIDTERM,FINAL,REGSTATUS) values ('HR004',4503,null,null,'R');
Insert into IU_REGISTRATION (STUDENTID,CSID,MIDTERM,FINAL,REGSTATUS) values ('HR004',4504,null,null,'R');
Insert into IU_REGISTRATION (STUDENTID,CSID,MIDTERM,FINAL,REGSTATUS) values ('HR004',4505,null,null,'R');
Insert into IU_REGISTRATION (STUDENTID,CSID,MIDTERM,FINAL,REGSTATUS) values ('HR004',4506,null,null,'R');
Insert into IU_REGISTRATION (STUDENTID,CSID,MIDTERM,FINAL,REGSTATUS) values ('00103',1211,null,null,'R');
Insert into IU_REGISTRATION (STUDENTID,CSID,MIDTERM,FINAL,REGSTATUS) values ('00100',1101,'C','F','R');
Insert into IU_REGISTRATION (STUDENTID,CSID,MIDTERM,FINAL,REGSTATUS) values ('00100',1102,'B','B','R');
Insert into IU_REGISTRATION (STUDENTID,CSID,MIDTERM,FINAL,REGSTATUS) values ('00100',1104,'B','A','R');
Insert into IU_REGISTRATION (STUDENTID,CSID,MIDTERM,FINAL,REGSTATUS) values ('00101',1102,'F','D','R');
Insert into IU_REGISTRATION (STUDENTID,CSID,MIDTERM,FINAL,REGSTATUS) values ('00101',1103,'A','A','R');
Insert into IU_REGISTRATION (STUDENTID,CSID,MIDTERM,FINAL,REGSTATUS) values ('00103',1101,'F','W','W');
Insert into IU_REGISTRATION (STUDENTID,CSID,MIDTERM,FINAL,REGSTATUS) values ('00103',1104,'D','D','R');
Insert into IU_REGISTRATION (STUDENTID,CSID,MIDTERM,FINAL,REGSTATUS) values ('00100',1207,null,null,'X');
Insert into IU_REGISTRATION (STUDENTID,CSID,MIDTERM,FINAL,REGSTATUS) values ('00103',1206,null,null,'W');
Insert into IU_REGISTRATION (STUDENTID,CSID,MIDTERM,FINAL,REGSTATUS) values ('00104',1206,null,null,'X');
Insert into IU_REGISTRATION (STUDENTID,CSID,MIDTERM,FINAL,REGSTATUS) values ('00104',1207,null,null,'R');
Insert into IU_REGISTRATION (STUDENTID,CSID,MIDTERM,FINAL,REGSTATUS) values ('00104',1210,null,null,'R');
Insert into IU_REGISTRATION (STUDENTID,CSID,MIDTERM,FINAL,REGSTATUS) values ('00105',1208,null,null,'R');
Insert into IU_REGISTRATION (STUDENTID,CSID,MIDTERM,FINAL,REGSTATUS) values ('00105',1209,null,null,'X');
Insert into IU_REGISTRATION (STUDENTID,CSID,MIDTERM,FINAL,REGSTATUS) values ('00101',1205,null,'X','X');
Insert into IU_REGISTRATION (STUDENTID,CSID,MIDTERM,FINAL,REGSTATUS) values ('00102',1210,null,null,'R');
Insert into IU_REGISTRATION (STUDENTID,CSID,MIDTERM,FINAL,REGSTATUS) values ('00102',1207,null,null,'X');
Insert into IU_REGISTRATION (STUDENTID,CSID,MIDTERM,FINAL,REGSTATUS) values ('00102',1206,null,null,'R');
Insert into IU_REGISTRATION (STUDENTID,CSID,MIDTERM,FINAL,REGSTATUS) values ('HR001',4401,'C','B','R');
Insert into IU_REGISTRATION (STUDENTID,CSID,MIDTERM,FINAL,REGSTATUS) values ('HR001',4402,'B','A','R');
Insert into IU_REGISTRATION (STUDENTID,CSID,MIDTERM,FINAL,REGSTATUS) values ('HR001',4403,'B','B','R');
Insert into IU_REGISTRATION (STUDENTID,CSID,MIDTERM,FINAL,REGSTATUS) values ('HR001',4404,'D','C','R');
Insert into IU_REGISTRATION (STUDENTID,CSID,MIDTERM,FINAL,REGSTATUS) values ('00105',1102,'C','F','R');
REM INSERTING into IU_ROOM
SET DEFINE OFF;
Insert into IU_ROOM (ROOMTYPE,ROOMDESC) values ('L','Lab');
Insert into IU_ROOM (ROOMTYPE,ROOMDESC) values ('C','Classroom');
Insert into IU_ROOM (ROOMTYPE,ROOMDESC) values ('O','Office');
REM INSERTING into IU_STUDENT
SET DEFINE OFF;
Insert into IU_STUDENT (STUDENTID,LAST,FIRST,STREET,CITY,PROVINCE,POSTCODE,STARTTERM,BIRTHDATE,FACULTYID,MAJORID,PHONE,CREDITSEARNED) values ('00100','Diaz','Jose','1 Ford Avenue #7','Hill','QC','J8X8C3','WN03',to_date('83-02-12','RR-MM-DD'),123,100,'9735551111',6);
Insert into IU_STUDENT (STUDENTID,LAST,FIRST,STREET,CITY,PROVINCE,POSTCODE,STARTTERM,BIRTHDATE,FACULTYID,MAJORID,PHONE,CREDITSEARNED) values ('00101','Tyler','Mickey','12 Morris Avenue','Bronx','ON','K1C4D8','SP03',to_date('84-03-18','RR-MM-DD'),555,500,'7185552222',6);
Insert into IU_STUDENT (STUDENTID,LAST,FIRST,STREET,CITY,PROVINCE,POSTCODE,STARTTERM,BIRTHDATE,FACULTYID,MAJORID,PHONE,CREDITSEARNED) values ('00102','Patel','Rajesh','25 River Road #3','Edison','QC','J8Y8T7','WN03',to_date('85-12-12','RR-MM-DD'),111,400,'7325553333',0);
Insert into IU_STUDENT (STUDENTID,LAST,FIRST,STREET,CITY,PROVINCE,POSTCODE,STARTTERM,BIRTHDATE,FACULTYID,MAJORID,PHONE,CREDITSEARNED) values ('00103','Rickles','Deborah','100 Main Street','Iselin','QC','J8T8Q8','FL02',to_date('70-10-20','RR-MM-DD'),555,500,'7325554444',3);
Insert into IU_STUDENT (STUDENTID,LAST,FIRST,STREET,CITY,PROVINCE,POSTCODE,STARTTERM,BIRTHDATE,FACULTYID,MAJORID,PHONE,CREDITSEARNED) values ('00104','Lee','Brian','2845 First Lane','Hope','ON','K1J3Y3','WN03',to_date('85-11-28','RR-MM-DD'),345,600,'2125555555',0);
Insert into IU_STUDENT (STUDENTID,LAST,FIRST,STREET,CITY,PROVINCE,POSTCODE,STARTTERM,BIRTHDATE,FACULTYID,MAJORID,PHONE,CREDITSEARNED) values ('00105','Khan','Amir','213 Broadway','Clifton','QC','J7R2P2','WN03',to_date('84-07-07','RR-MM-DD'),222,200,'2015556666',0);
Insert into IU_STUDENT (STUDENTID,LAST,FIRST,STREET,CITY,PROVINCE,POSTCODE,STARTTERM,BIRTHDATE,FACULTYID,MAJORID,PHONE,CREDITSEARNED) values ('HR001','Black','Jack',null,null,'QC',null,'FL13',null,284,200,null,0);
Insert into IU_STUDENT (STUDENTID,LAST,FIRST,STREET,CITY,PROVINCE,POSTCODE,STARTTERM,BIRTHDATE,FACULTYID,MAJORID,PHONE,CREDITSEARNED) values ('HR002','Grey','Tess',null,null,'QC',null,'FL13',null,402,200,null,null);
Insert into IU_STUDENT (STUDENTID,LAST,FIRST,STREET,CITY,PROVINCE,POSTCODE,STARTTERM,BIRTHDATE,FACULTYID,MAJORID,PHONE,CREDITSEARNED) values ('HR003','Field','Chester',null,null,'QC',null,'FL13',null,402,200,null,null);
Insert into IU_STUDENT (STUDENTID,LAST,FIRST,STREET,CITY,PROVINCE,POSTCODE,STARTTERM,BIRTHDATE,FACULTYID,MAJORID,PHONE,CREDITSEARNED) values ('HR004','Fant','Ella',null,null,'QC',null,'FL13',null,408,200,null,null);
Insert into IU_STUDENT (STUDENTID,LAST,FIRST,STREET,CITY,PROVINCE,POSTCODE,STARTTERM,BIRTHDATE,FACULTYID,MAJORID,PHONE,CREDITSEARNED) values ('HR005','Morphism','Polly',null,null,'QC',null,'FL13',null,284,200,null,null);
REM INSERTING into IU_TERM
SET DEFINE OFF;
Insert into IU_TERM (TERMID,TERMDESC,STARTDATE,ENDDATE) values ('SP02','Spring 2002',to_date('02-04-28','RR-MM-DD'),to_date('02-08-16','RR-MM-DD'));
Insert into IU_TERM (TERMID,TERMDESC,STARTDATE,ENDDATE) values ('FL02','Fall 2002',to_date('02-09-08','RR-MM-DD'),to_date('02-12-20','RR-MM-DD'));
Insert into IU_TERM (TERMID,TERMDESC,STARTDATE,ENDDATE) values ('WN03','Winter 2003',to_date('03-01-05','RR-MM-DD'),to_date('03-04-18','RR-MM-DD'));
Insert into IU_TERM (TERMID,TERMDESC,STARTDATE,ENDDATE) values ('SP03','Spring 2003',to_date('03-04-27','RR-MM-DD'),to_date('03-08-15','RR-MM-DD'));
Insert into IU_TERM (TERMID,TERMDESC,STARTDATE,ENDDATE) values ('FL03','Fall 2003',to_date('03-09-07','RR-MM-DD'),to_date('03-12-19','RR-MM-DD'));
Insert into IU_TERM (TERMID,TERMDESC,STARTDATE,ENDDATE) values ('WN13','Winter 2013',to_date('13-01-17','RR-MM-DD'),to_date('13-05-22','RR-MM-DD'));
Insert into IU_TERM (TERMID,TERMDESC,STARTDATE,ENDDATE) values ('FL12','Fall 2012',to_date('12-08-22','RR-MM-DD'),to_date('12-12-19','RR-MM-DD'));
Insert into IU_TERM (TERMID,TERMDESC,STARTDATE,ENDDATE) values ('WN12','Winter 2012',to_date('12-01-16','RR-MM-DD'),to_date('12-05-18','RR-MM-DD'));
Insert into IU_TERM (TERMID,TERMDESC,STARTDATE,ENDDATE) values ('WN15','Winter 2015',to_date('15-01-16','RR-MM-DD'),to_date('15-05-22','RR-MM-DD'));
Insert into IU_TERM (TERMID,TERMDESC,STARTDATE,ENDDATE) values ('FL14','Fall 2014',to_date('14-08-25','RR-MM-DD'),to_date('15-05-22','RR-MM-DD'));
Insert into IU_TERM (TERMID,TERMDESC,STARTDATE,ENDDATE) values ('FL13','Fall 2013',to_date('13-08-21','RR-MM-DD'),to_date('13-12-17','RR-MM-DD'));
Insert into IU_TERM (TERMID,TERMDESC,STARTDATE,ENDDATE) values ('WN14','Winter 2014',to_date('14-01-16','RR-MM-DD'),to_date('14-05-21','RR-MM-DD'));
REM INSERTING into NN_DEPENDENT
SET DEFINE OFF;
Insert into NN_DEPENDENT (EMPLOYEEID,DEPENDENTID,DEPDOB,RELATION) values (543,1,to_date('58-09-28','RR-MM-DD'),'Spouse');
Insert into NN_DEPENDENT (EMPLOYEEID,DEPENDENTID,DEPDOB,RELATION) values (543,2,to_date('88-10-14','RR-MM-DD'),'Son');
Insert into NN_DEPENDENT (EMPLOYEEID,DEPENDENTID,DEPDOB,RELATION) values (200,1,to_date('76-06-10','RR-MM-DD'),'Spouse');
Insert into NN_DEPENDENT (EMPLOYEEID,DEPENDENTID,DEPDOB,RELATION) values (222,1,to_date('75-02-04','RR-MM-DD'),'Spouse');
Insert into NN_DEPENDENT (EMPLOYEEID,DEPENDENTID,DEPDOB,RELATION) values (222,2,to_date('97-08-23','RR-MM-DD'),'Son');
Insert into NN_DEPENDENT (EMPLOYEEID,DEPENDENTID,DEPDOB,RELATION) values (222,3,to_date('99-07-10','RR-MM-DD'),'Daughter');
Insert into NN_DEPENDENT (EMPLOYEEID,DEPENDENTID,DEPDOB,RELATION) values (111,1,to_date('45-12-12','RR-MM-DD'),'Spouse');
REM INSERTING into NN_DEPT
SET DEFINE OFF;
Insert into NN_DEPT (DEPTID,DEPTNAME,LOCATION,EMPLOYEEID) values (10,'Finance','Charlotte',123);
Insert into NN_DEPT (DEPTID,DEPTNAME,LOCATION,EMPLOYEEID) values (20,'InfoSys','New York',543);
Insert into NN_DEPT (DEPTID,DEPTNAME,LOCATION,EMPLOYEEID) values (30,'Sales','Woodbridge',135);
Insert into NN_DEPT (DEPTID,DEPTNAME,LOCATION,EMPLOYEEID) values (40,'Marketing','Los Angeles',246);
REM INSERTING into NN_EMPLEVEL
SET DEFINE OFF;
Insert into NN_EMPLEVEL (LEVELNO,LOWSALARY,HIGHSALARY) values (1,1,25000);
Insert into NN_EMPLEVEL (LEVELNO,LOWSALARY,HIGHSALARY) values (2,25001,50000);
Insert into NN_EMPLEVEL (LEVELNO,LOWSALARY,HIGHSALARY) values (3,50001,100000);
Insert into NN_EMPLEVEL (LEVELNO,LOWSALARY,HIGHSALARY) values (4,100001,500000);
REM INSERTING into NN_EMPLOYEE
SET DEFINE OFF;
Insert into NN_EMPLOYEE (EMPLOYEEID,LNAME,FNAME,POSITIONID,SUPERVISOR,HIREDATE,SALARY,COMMISSION,DEPTID,QUALID) values (111,'Smith','John',1,null,to_date('60-04-15','RR-MM-DD'),265000,35000,10,1);
Insert into NN_EMPLOYEE (EMPLOYEEID,LNAME,FNAME,POSITIONID,SUPERVISOR,HIREDATE,SALARY,COMMISSION,DEPTID,QUALID) values (246,'Houston','Larry',2,111,to_date('67-05-19','RR-MM-DD'),150000,10000,20,2);
Insert into NN_EMPLOYEE (EMPLOYEEID,LNAME,FNAME,POSITIONID,SUPERVISOR,HIREDATE,SALARY,COMMISSION,DEPTID,QUALID) values (123,'Roberts','Sandi',2,111,to_date('91-12-02','RR-MM-DD'),75000,null,10,2);
Insert into NN_EMPLOYEE (EMPLOYEEID,LNAME,FNAME,POSITIONID,SUPERVISOR,HIREDATE,SALARY,COMMISSION,DEPTID,QUALID) values (433,'McCall','Alex',3,543,to_date('97-05-10','RR-MM-DD'),66500,null,20,4);
Insert into NN_EMPLOYEE (EMPLOYEEID,LNAME,FNAME,POSITIONID,SUPERVISOR,HIREDATE,SALARY,COMMISSION,DEPTID,QUALID) values (543,'Dev','Derek',2,111,to_date('95-03-15','RR-MM-DD'),80000,20000,20,1);
Insert into NN_EMPLOYEE (EMPLOYEEID,LNAME,FNAME,POSITIONID,SUPERVISOR,HIREDATE,SALARY,COMMISSION,DEPTID,QUALID) values (200,'Shaw','Jinku',5,135,to_date('00-01-03','RR-MM-DD'),24500,3000,30,null);
Insert into NN_EMPLOYEE (EMPLOYEEID,LNAME,FNAME,POSITIONID,SUPERVISOR,HIREDATE,SALARY,COMMISSION,DEPTID,QUALID) values (135,'Garner','Stanley',2,111,to_date('96-02-29','RR-MM-DD'),45000,5000,30,5);
Insert into NN_EMPLOYEE (EMPLOYEEID,LNAME,FNAME,POSITIONID,SUPERVISOR,HIREDATE,SALARY,COMMISSION,DEPTID,QUALID) values (222,'Chen','Sunny',4,123,to_date('99-08-15','RR-MM-DD'),35000,null,10,3);
REM INSERTING into NN_POSITION
SET DEFINE OFF;
Insert into NN_POSITION (POSITIONID,POSDESC) values (1,'President');
Insert into NN_POSITION (POSITIONID,POSDESC) values (2,'Manager');
Insert into NN_POSITION (POSITIONID,POSDESC) values (3,'Programmer');
Insert into NN_POSITION (POSITIONID,POSDESC) values (4,'Accountant');
Insert into NN_POSITION (POSITIONID,POSDESC) values (5,'Salesman');
REM INSERTING into NN_QUALIFICATION
SET DEFINE OFF;
Insert into NN_QUALIFICATION (QUALID,QUALDESC) values (1,'Doctorate');
Insert into NN_QUALIFICATION (QUALID,QUALDESC) values (2,'Masters');
Insert into NN_QUALIFICATION (QUALID,QUALDESC) values (3,'Bachelors');
Insert into NN_QUALIFICATION (QUALID,QUALDESC) values (4,'Associates');
Insert into NN_QUALIFICATION (QUALID,QUALDESC) values (5,'High School');
--------------------------------------------------------
--  DDL for Index COURSE_COURSEID_PK
--------------------------------------------------------

  CREATE UNIQUE INDEX COURSE_COURSEID_PK ON IU_COURSE (COURSEID) 
  ;
--------------------------------------------------------
--  DDL for Index CRSSECTION_CSID_PK
--------------------------------------------------------

  CREATE UNIQUE INDEX CRSSECTION_CSID_PK ON IU_CRSSECTION (CSID) 
  ;
--------------------------------------------------------
--  DDL for Index DEPARTMENT_DEPTID_PK
--------------------------------------------------------

  CREATE UNIQUE INDEX DEPARTMENT_DEPTID_PK ON IU_DEPARTMENT (DEPTID) 
  ;
--------------------------------------------------------
--  DDL for Index DEPENDENT_EMPIDDEPID_PK
--------------------------------------------------------

  CREATE UNIQUE INDEX DEPENDENT_EMPIDDEPID_PK ON NN_DEPENDENT (EMPLOYEEID, DEPENDENTID) 
  ;
--------------------------------------------------------
--  DDL for Index DEPT_DEPTID_PK
--------------------------------------------------------

  CREATE UNIQUE INDEX DEPT_DEPTID_PK ON NN_DEPT (DEPTID) 
  ;
--------------------------------------------------------
--  DDL for Index EMPLEVEL_LEVEL_PK
--------------------------------------------------------

  CREATE UNIQUE INDEX EMPLEVEL_LEVEL_PK ON NN_EMPLEVEL (LEVELNO) 
  ;
--------------------------------------------------------
--  DDL for Index EMPLOYEE_EMPLOYEEID_PK
--------------------------------------------------------

  CREATE UNIQUE INDEX EMPLOYEE_EMPLOYEEID_PK ON NN_EMPLOYEE (EMPLOYEEID) 
  ;
--------------------------------------------------------
--  DDL for Index FACULTY_FACULTYID_PK
--------------------------------------------------------

  CREATE UNIQUE INDEX FACULTY_FACULTYID_PK ON IU_FACULTY (FACULTYID) 
  ;
--------------------------------------------------------
--  DDL for Index FACULTY_PHONE_UK
--------------------------------------------------------

  CREATE UNIQUE INDEX FACULTY_PHONE_UK ON IU_FACULTY (PHONE) 
  ;
--------------------------------------------------------
--  DDL for Index LOCATION_ROOMID_PK
--------------------------------------------------------

  CREATE UNIQUE INDEX LOCATION_ROOMID_PK ON IU_LOCATION (ROOMID) 
  ;
--------------------------------------------------------
--  DDL for Index MAJOR_MAJORED_PK
--------------------------------------------------------

  CREATE UNIQUE INDEX MAJOR_MAJORID_PK ON IU_MAJOR (MAJORID) 
  ;
--------------------------------------------------------
--  DDL for Index POSITION_POSITIONID_PK
--------------------------------------------------------

  CREATE UNIQUE INDEX POSITION_POSITIONID_PK ON NN_POSITION (POSITIONID) 
  ;
--------------------------------------------------------
--  DDL for Index QUALIFICATION_QUALID_PK
--------------------------------------------------------

  CREATE UNIQUE INDEX QUALIFICATION_QUALID_PK ON NN_QUALIFICATION (QUALID) 
  ;
--------------------------------------------------------
--  DDL for Index REGISTRATION_STUID_CSID_PK
--------------------------------------------------------

  CREATE UNIQUE INDEX REGISTRATION_STUID_CSID_PK ON IU_REGISTRATION (STUDENTID, CSID) 
  ;
--------------------------------------------------------
--  DDL for Index ROOM_ROOMTYPE_PK
--------------------------------------------------------

  CREATE UNIQUE INDEX ROOM_ROOMTYPE_PK ON IU_ROOM (ROOMTYPE) 
  ;
--------------------------------------------------------
--  DDL for Index STUDENT_STUDENTID_PK
--------------------------------------------------------

  CREATE UNIQUE INDEX STUDENT_STUDENTID_PK ON IU_STUDENT (STUDENTID) 
  ;
--------------------------------------------------------
--  DDL for Index TERM_TERMID_PK
--------------------------------------------------------

  CREATE UNIQUE INDEX TERM_TERMID_PK ON IU_TERM (TERMID) 
  ;
--------------------------------------------------------
--  Constraints for Table IU_COURSE
--------------------------------------------------------

  ALTER TABLE IU_COURSE ADD CONSTRAINT COURSE_COURSEID_PK PRIMARY KEY (COURSEID) ENABLE;
--------------------------------------------------------
--  Constraints for Table IU_CRSSECTION
--------------------------------------------------------

  ALTER TABLE IU_CRSSECTION ADD CONSTRAINT CRSSECTION_CSID_PK PRIMARY KEY (CSID) ENABLE;
 
  ALTER TABLE IU_CRSSECTION MODIFY (COURSEID NOT NULL ENABLE);
 
  ALTER TABLE IU_CRSSECTION MODIFY (SECTION NOT NULL ENABLE);
 
  ALTER TABLE IU_CRSSECTION MODIFY (TERMID NOT NULL ENABLE);
--------------------------------------------------------
--  Constraints for Table IU_DEPARTMENT
--------------------------------------------------------

  ALTER TABLE IU_DEPARTMENT ADD CONSTRAINT DEPARTMENT_DEPTID_PK PRIMARY KEY (DEPTID) ENABLE;
--------------------------------------------------------
--  Constraints for Table IU_FACULTY
--------------------------------------------------------

  ALTER TABLE IU_FACULTY ADD CONSTRAINT FACULTY_FACULTYID_PK PRIMARY KEY (FACULTYID) ENABLE;
 
  ALTER TABLE IU_FACULTY ADD CONSTRAINT FACULTY_PHONE_UK UNIQUE (PHONE) ENABLE;
 
  ALTER TABLE IU_FACULTY MODIFY (NAME NOT NULL ENABLE);
--------------------------------------------------------
--  Constraints for Table IU_LOCATION
--------------------------------------------------------

  ALTER TABLE IU_LOCATION ADD CONSTRAINT LOCATION_ROOMID_PK PRIMARY KEY (ROOMID) ENABLE;
 
  ALTER TABLE IU_LOCATION MODIFY (BUILDING NOT NULL ENABLE);
 
  ALTER TABLE IU_LOCATION MODIFY (ROOMNO NOT NULL ENABLE);
--------------------------------------------------------
--  Constraints for Table IU_MAJOR
--------------------------------------------------------

  ALTER TABLE IU_MAJOR ADD CONSTRAINT MAJOR_MAJORED_PK PRIMARY KEY (MAJORID) ENABLE;
--------------------------------------------------------
--  Constraints for Table IU_REGISTRATION
--------------------------------------------------------

  ALTER TABLE IU_REGISTRATION ADD CONSTRAINT REGISTRATION_STUID_CSID_PK PRIMARY KEY (STUDENTID, CSID) ENABLE;
--------------------------------------------------------
--  Constraints for Table IU_ROOM
--------------------------------------------------------

  ALTER TABLE IU_ROOM ADD CONSTRAINT ROOM_ROOMTYPE_PK PRIMARY KEY (ROOMTYPE) ENABLE;
--------------------------------------------------------
--  Constraints for Table IU_STUDENT
--------------------------------------------------------

  ALTER TABLE IU_STUDENT ADD CONSTRAINT STUDENT_STUDENTID_PK PRIMARY KEY (STUDENTID) ENABLE;
 
  ALTER TABLE IU_STUDENT MODIFY (LAST NOT NULL ENABLE);
 
  ALTER TABLE IU_STUDENT MODIFY (FIRST NOT NULL ENABLE);
--------------------------------------------------------
--  Constraints for Table IU_TERM
--------------------------------------------------------

  ALTER TABLE IU_TERM ADD CONSTRAINT TERM_TERMID_PK PRIMARY KEY (TERMID) ENABLE;
--------------------------------------------------------
--  Constraints for Table NN_DEPENDENT
--------------------------------------------------------

  ALTER TABLE NN_DEPENDENT ADD CONSTRAINT DEPENDENT_EMPIDDEPID_PK PRIMARY KEY (EMPLOYEEID, DEPENDENTID) ENABLE;
--------------------------------------------------------
--  Constraints for Table NN_DEPT
--------------------------------------------------------

  ALTER TABLE NN_DEPT ADD CONSTRAINT DEPT_DEPTID_PK PRIMARY KEY (DEPTID) ENABLE;
 
  ALTER TABLE NN_DEPT MODIFY (DEPTNAME NOT NULL ENABLE);
--------------------------------------------------------
--  Constraints for Table NN_EMPLEVEL
--------------------------------------------------------

  ALTER TABLE NN_EMPLEVEL ADD CONSTRAINT EMPLEVEL_LEVEL_PK PRIMARY KEY (LEVELNO) ENABLE;
--------------------------------------------------------
--  Constraints for Table NN_EMPLOYEE
--------------------------------------------------------

  ALTER TABLE NN_EMPLOYEE ADD CONSTRAINT EMPLOYEE_EMPLOYEEID_PK PRIMARY KEY (EMPLOYEEID) ENABLE;
 
  ALTER TABLE NN_EMPLOYEE MODIFY (LNAME NOT NULL ENABLE);
 
  ALTER TABLE NN_EMPLOYEE MODIFY (FNAME NOT NULL ENABLE);
 
  ALTER TABLE NN_EMPLOYEE MODIFY (DEPTID NOT NULL ENABLE);
--------------------------------------------------------
--  Constraints for Table NN_POSITION
--------------------------------------------------------

  ALTER TABLE NN_POSITION ADD CONSTRAINT POSITION_POSITIONID_PK PRIMARY KEY (POSITIONID) ENABLE;
--------------------------------------------------------
--  Constraints for Table NN_QUALIFICATION
--------------------------------------------------------

  ALTER TABLE NN_QUALIFICATION ADD CONSTRAINT QUALIFICATION_QUALID_PK PRIMARY KEY (QUALID) ENABLE;
--------------------------------------------------------
--  Ref Constraints for Table IU_COURSE
--------------------------------------------------------

  ALTER TABLE IU_COURSE ADD CONSTRAINT COURSE_PREREQ_FK FOREIGN KEY (PREREQ)
	  REFERENCES IU_COURSE (COURSEID) ENABLE;
--------------------------------------------------------
--  Ref Constraints for Table IU_CRSSECTION
--------------------------------------------------------

  ALTER TABLE IU_CRSSECTION ADD CONSTRAINT CRSSECTION_COURSEID_FK FOREIGN KEY (COURSEID)
	  REFERENCES IU_COURSE (COURSEID) ENABLE;
 
  ALTER TABLE IU_CRSSECTION ADD CONSTRAINT CRSSECTION_FACULTYID_FK FOREIGN KEY (FACULTYID)
	  REFERENCES IU_FACULTY (FACULTYID) ENABLE;
 
  ALTER TABLE IU_CRSSECTION ADD CONSTRAINT CRSSECTION_ROOMID_FK FOREIGN KEY (ROOMID)
	  REFERENCES IU_LOCATION (ROOMID) ENABLE;
 
  ALTER TABLE IU_CRSSECTION ADD CONSTRAINT CRSSECTION_TERMID_FK FOREIGN KEY (TERMID)
	  REFERENCES IU_TERM (TERMID) ENABLE;
--------------------------------------------------------
--  Ref Constraints for Table IU_DEPARTMENT
--------------------------------------------------------

  ALTER TABLE IU_DEPARTMENT ADD CONSTRAINT DEPARTMENT_FACULTYID_FK FOREIGN KEY (FACULTYID)
	  REFERENCES IU_FACULTY (FACULTYID) ENABLE;
--------------------------------------------------------
--  Ref Constraints for Table IU_FACULTY
--------------------------------------------------------

  ALTER TABLE IU_FACULTY ADD CONSTRAINT FACULTY_DEPTID_FK FOREIGN KEY (DEPTID)
	  REFERENCES IU_DEPARTMENT (DEPTID) ENABLE;
 
  ALTER TABLE IU_FACULTY ADD CONSTRAINT FACULTY_ROOMID_FK FOREIGN KEY (ROOMID)
	  REFERENCES IU_LOCATION (ROOMID) ENABLE;
--------------------------------------------------------
--  Ref Constraints for Table IU_LOCATION
--------------------------------------------------------

  ALTER TABLE IU_LOCATION ADD CONSTRAINT LOCATION_ROOMTYPE_FK FOREIGN KEY (ROOMTYPE)
	  REFERENCES IU_ROOM (ROOMTYPE) ENABLE;
--------------------------------------------------------
--  Ref Constraints for Table IU_REGISTRATION
--------------------------------------------------------

  ALTER TABLE IU_REGISTRATION ADD CONSTRAINT REGISTRATION_CSID_FK FOREIGN KEY (CSID)
	  REFERENCES IU_CRSSECTION (CSID) ENABLE;
 
  ALTER TABLE IU_REGISTRATION ADD CONSTRAINT REGISTRATION_STUDENTID_FK FOREIGN KEY (STUDENTID)
	  REFERENCES IU_STUDENT (STUDENTID) ENABLE;
--------------------------------------------------------
--  Ref Constraints for Table IU_STUDENT
--------------------------------------------------------

  ALTER TABLE IU_STUDENT ADD CONSTRAINT STUDENT_FACULTYID_FK FOREIGN KEY (FACULTYID)
	  REFERENCES IU_FACULTY (FACULTYID) ENABLE;
 
  ALTER TABLE IU_STUDENT ADD CONSTRAINT STUDENT_MAJORID_FK FOREIGN KEY (MAJORID)
	  REFERENCES IU_MAJOR (MAJORID) ENABLE;
--------------------------------------------------------
--  Ref Constraints for Table NN_DEPENDENT
--------------------------------------------------------

  ALTER TABLE NN_DEPENDENT ADD CONSTRAINT DEPENDENT_EMPLOYEEID_FK FOREIGN KEY (EMPLOYEEID)
	  REFERENCES NN_EMPLOYEE (EMPLOYEEID) ENABLE;
--------------------------------------------------------
--  Ref Constraints for Table NN_EMPLOYEE
--------------------------------------------------------

  ALTER TABLE NN_EMPLOYEE ADD CONSTRAINT EMPLOYEE_DEPTID_FK FOREIGN KEY (DEPTID)
	  REFERENCES NN_DEPT (DEPTID) ENABLE;
 
  ALTER TABLE NN_EMPLOYEE ADD CONSTRAINT EMPLOYEE_POSITIONID_FK FOREIGN KEY (POSITIONID)
	  REFERENCES NN_POSITION (POSITIONID) ENABLE;
 
  ALTER TABLE NN_EMPLOYEE ADD CONSTRAINT EMPLOYEE_QUALID_FK FOREIGN KEY (QUALID)
	  REFERENCES NN_QUALIFICATION (QUALID) ENABLE;