DROP TABLE HVK_CAT cascade constraints;
DROP TABLE HVK_CAT_SUITE cascade constraints;
DROP TABLE HVK_CAT_SUITE_TYPE cascade constraints;
DROP TABLE HVK_DAILY_RATE cascade constraints;
DROP TABLE HVK_DISCOUNT cascade constraints;
DROP TABLE HVK_DOG cascade constraints;
DROP TABLE HVK_FOOD cascade constraints;
DROP TABLE HVK_KENNEL_LOG cascade constraints;
DROP TABLE HVK_MEDICATION cascade constraints;
DROP TABLE HVK_OWNER cascade constraints;
DROP TABLE HVK_PET cascade constraints;
DROP TABLE HVK_PET_FOOD cascade constraints;
DROP TABLE HVK_PET_RESERVATION cascade constraints;
DROP TABLE HVK_PET_RESERVATION_DISCOUNT cascade constraints;
DROP TABLE HVK_PET_RESERVATION_SERVICE cascade constraints;
DROP TABLE HVK_PET_VACCINATION cascade constraints;
DROP TABLE HVK_RESERVATION cascade constraints;
DROP TABLE HVK_RESERVATION_DISCOUNT cascade constraints;
DROP TABLE HVK_RUN cascade constraints;
DROP TABLE HVK_SERVICE cascade constraints;
DROP TABLE HVK_SPECIAL_NOTES cascade constraints;
DROP TABLE HVK_VACCINATION cascade constraints;
DROP TABLE HVK_VETERINARIAN cascade constraints;


--------------------------------------------------------
--  File created - Monday-November-23-2015;
-- used to initialize for lab 14 team accounts, backedup from ShahTables
--------------------------------------------------------
DROP TABLE "IU_COURSE" cascade constraints;
DROP TABLE "IU_CRSSECTION" cascade constraints;
DROP TABLE "IU_DEPARTMENT" cascade constraints;
DROP TABLE "IU_FACULTY" cascade constraints;
DROP TABLE "IU_LOCATION" cascade constraints;
DROP TABLE "IU_MAJOR" cascade constraints;
DROP TABLE "IU_REGISTRATION" cascade constraints;
DROP TABLE "IU_ROOM" cascade constraints;
DROP TABLE "IU_STUDENT" cascade constraints;
DROP TABLE "IU_TERM" cascade constraints;
DROP TABLE "NN_DEPENDENT" cascade constraints;
DROP TABLE "NN_DEPT" cascade constraints;
DROP TABLE "NN_EMPLEVEL" cascade constraints;
DROP TABLE "NN_EMPLOYEE" cascade constraints;
DROP TABLE "NN_JOB_HISTORY" cascade constraints;
DROP TABLE "NN_POSITION" cascade constraints;
--------------------------------------------------------
--  DDL for Table IU_COURSE
--------------------------------------------------------

  CREATE TABLE "IU_COURSE" 
   (	"COURSEID" VARCHAR2(6 BYTE), 
	"TITLE" VARCHAR2(30 BYTE), 
	"CREDITS" NUMBER(1,0), 
	"PREREQ" VARCHAR2(6 BYTE), 
	"LECTURE_HOURS" NUMBER(3,0) DEFAULT 3, 
	"LAB_HOURS" NUMBER(3,0) DEFAULT 0, 
	"HOMEWORK_HOURS" NUMBER(3,0) DEFAULT 3, 
	"DEPTID" NUMBER(3,0)
   ) PCTFREE 10 PCTUSED 40 INITRANS 1 MAXTRANS 255 NOCOMPRESS LOGGING
  STORAGE(INITIAL 65536 NEXT 1048576 MINEXTENTS 1 MAXEXTENTS 2147483645
  PCTINCREASE 0 FREELISTS 1 FREELIST GROUPS 1 BUFFER_POOL DEFAULT)
  TABLESPACE "USERS" ;
--------------------------------------------------------
--  DDL for Table IU_CRSSECTION
--------------------------------------------------------

  CREATE TABLE "IU_CRSSECTION" 
   (	"CSID" NUMBER(4,0), 
	"COURSEID" VARCHAR2(6 BYTE), 
	"SECTION" CHAR(2 BYTE), 
	"TERMID" CHAR(4 BYTE), 
	"FACULTYID" NUMBER(3,0), 
	"DAY" VARCHAR2(2 BYTE), 
	"STARTTIME" VARCHAR2(5 BYTE), 
	"ENDTIME" VARCHAR2(5 BYTE), 
	"ROOMID" NUMBER(2,0), 
	"MAXCOUNT" NUMBER(2,0)
   ) PCTFREE 10 PCTUSED 40 INITRANS 1 MAXTRANS 255 NOCOMPRESS LOGGING
  STORAGE(INITIAL 65536 NEXT 1048576 MINEXTENTS 1 MAXEXTENTS 2147483645
  PCTINCREASE 0 FREELISTS 1 FREELIST GROUPS 1 BUFFER_POOL DEFAULT)
  TABLESPACE "USERS" ;
--------------------------------------------------------
--  DDL for Table IU_DEPARTMENT
--------------------------------------------------------

  CREATE TABLE "IU_DEPARTMENT" 
   (	"DEPTID" NUMBER(3,0), 
	"DEPTNAME" VARCHAR2(25 BYTE), 
	"FACULTYID" NUMBER(3,0)
   ) PCTFREE 10 PCTUSED 40 INITRANS 1 MAXTRANS 255 NOCOMPRESS LOGGING
  STORAGE(INITIAL 65536 NEXT 1048576 MINEXTENTS 1 MAXEXTENTS 2147483645
  PCTINCREASE 0 FREELISTS 1 FREELIST GROUPS 1 BUFFER_POOL DEFAULT)
  TABLESPACE "USERS" ;
--------------------------------------------------------
--  DDL for Table IU_FACULTY
--------------------------------------------------------

  CREATE TABLE "IU_FACULTY" 
   (	"FACULTYID" NUMBER(3,0), 
	"NAME" VARCHAR2(15 BYTE), 
	"ROOMID" NUMBER(2,0), 
	"PHONE" CHAR(4 BYTE), 
	"DEPTID" NUMBER(3,0)
   ) PCTFREE 10 PCTUSED 40 INITRANS 1 MAXTRANS 255 NOCOMPRESS LOGGING
  STORAGE(INITIAL 65536 NEXT 1048576 MINEXTENTS 1 MAXEXTENTS 2147483645
  PCTINCREASE 0 FREELISTS 1 FREELIST GROUPS 1 BUFFER_POOL DEFAULT)
  TABLESPACE "USERS" ;
--------------------------------------------------------
--  DDL for Table IU_LOCATION
--------------------------------------------------------

  CREATE TABLE "IU_LOCATION" 
   (	"ROOMID" NUMBER(2,0), 
	"BUILDING" VARCHAR2(10 BYTE) DEFAULT 'Heritage', 
	"ROOMNO" CHAR(3 BYTE), 
	"CAPACITY" NUMBER(2,0), 
	"ROOMTYPE" CHAR(1 BYTE)
   ) PCTFREE 10 PCTUSED 40 INITRANS 1 MAXTRANS 255 NOCOMPRESS LOGGING
  STORAGE(INITIAL 65536 NEXT 1048576 MINEXTENTS 1 MAXEXTENTS 2147483645
  PCTINCREASE 0 FREELISTS 1 FREELIST GROUPS 1 BUFFER_POOL DEFAULT)
  TABLESPACE "USERS" ;
--------------------------------------------------------
--  DDL for Table IU_MAJOR
--------------------------------------------------------

  CREATE TABLE "IU_MAJOR" 
   (	"MAJORID" NUMBER(3,0), 
	"MAJORDESC" VARCHAR2(25 BYTE)
   ) PCTFREE 10 PCTUSED 40 INITRANS 1 MAXTRANS 255 NOCOMPRESS LOGGING
  STORAGE(INITIAL 65536 NEXT 1048576 MINEXTENTS 1 MAXEXTENTS 2147483645
  PCTINCREASE 0 FREELISTS 1 FREELIST GROUPS 1 BUFFER_POOL DEFAULT)
  TABLESPACE "USERS" ;
--------------------------------------------------------
--  DDL for Table IU_REGISTRATION
--------------------------------------------------------

  CREATE TABLE "IU_REGISTRATION" 
   (	"STUDENTID" CHAR(5 BYTE), 
	"CSID" NUMBER(4,0), 
	"MIDTERM" CHAR(1 BYTE), 
	"FINAL" CHAR(1 BYTE), 
	"REGSTATUS" CHAR(1 BYTE)
   ) PCTFREE 10 PCTUSED 40 INITRANS 1 MAXTRANS 255 NOCOMPRESS LOGGING
  STORAGE(INITIAL 65536 NEXT 1048576 MINEXTENTS 1 MAXEXTENTS 2147483645
  PCTINCREASE 0 FREELISTS 1 FREELIST GROUPS 1 BUFFER_POOL DEFAULT)
  TABLESPACE "USERS" ;
--------------------------------------------------------
--  DDL for Table IU_ROOM
--------------------------------------------------------

  CREATE TABLE "IU_ROOM" 
   (	"ROOMTYPE" CHAR(1 BYTE), 
	"ROOMDESC" VARCHAR2(9 BYTE)
   ) PCTFREE 10 PCTUSED 40 INITRANS 1 MAXTRANS 255 NOCOMPRESS LOGGING
  STORAGE(INITIAL 65536 NEXT 1048576 MINEXTENTS 1 MAXEXTENTS 2147483645
  PCTINCREASE 0 FREELISTS 1 FREELIST GROUPS 1 BUFFER_POOL DEFAULT)
  TABLESPACE "USERS" ;
--------------------------------------------------------
--  DDL for Table IU_STUDENT
--------------------------------------------------------

  CREATE TABLE "IU_STUDENT" 
   (	"STUDENTID" CHAR(5 BYTE), 
	"LAST" VARCHAR2(15 BYTE), 
	"FIRST" VARCHAR2(15 BYTE), 
	"STREET" VARCHAR2(25 BYTE), 
	"CITY" VARCHAR2(15 BYTE), 
	"PROVINCE" CHAR(2 BYTE), 
	"POSTCODE" CHAR(6 BYTE), 
	"STARTTERM" CHAR(4 BYTE), 
	"BIRTHDATE" DATE, 
	"FACULTYID" NUMBER(3,0), 
	"MAJORID" NUMBER(3,0), 
	"PHONE" CHAR(10 BYTE)
   ) PCTFREE 10 PCTUSED 40 INITRANS 1 MAXTRANS 255 NOCOMPRESS LOGGING
  STORAGE(INITIAL 65536 NEXT 1048576 MINEXTENTS 1 MAXEXTENTS 2147483645
  PCTINCREASE 0 FREELISTS 1 FREELIST GROUPS 1 BUFFER_POOL DEFAULT)
  TABLESPACE "USERS" ;
--------------------------------------------------------
--  DDL for Table IU_TERM
--------------------------------------------------------

  CREATE TABLE "IU_TERM" 
   (	"TERMID" CHAR(4 BYTE), 
	"TERMDESC" VARCHAR2(11 BYTE), 
	"STARTDATE" DATE, 
	"ENDDATE" DATE
   ) PCTFREE 10 PCTUSED 40 INITRANS 1 MAXTRANS 255 NOCOMPRESS LOGGING
  STORAGE(INITIAL 65536 NEXT 1048576 MINEXTENTS 1 MAXEXTENTS 2147483645
  PCTINCREASE 0 FREELISTS 1 FREELIST GROUPS 1 BUFFER_POOL DEFAULT)
  TABLESPACE "USERS" ;
--------------------------------------------------------
--  DDL for Table NN_DEPENDENT
--------------------------------------------------------

  CREATE TABLE "NN_DEPENDENT" 
   (	"EMPLOYEEID" NUMBER(3,0), 
	"DEPENDENTID" NUMBER(1,0), 
	"DEPDOB" DATE, 
	"RELATION" VARCHAR2(8 BYTE)
   ) PCTFREE 10 PCTUSED 40 INITRANS 1 MAXTRANS 255 NOCOMPRESS LOGGING
  STORAGE(INITIAL 65536 NEXT 1048576 MINEXTENTS 1 MAXEXTENTS 2147483645
  PCTINCREASE 0 FREELISTS 1 FREELIST GROUPS 1 BUFFER_POOL DEFAULT)
  TABLESPACE "USERS" ;
--------------------------------------------------------
--  DDL for Table NN_DEPT
--------------------------------------------------------

  CREATE TABLE "NN_DEPT" 
   (	"DEPTID" NUMBER(2,0), 
	"DEPTNAME" VARCHAR2(12 BYTE), 
	"LOCATION" VARCHAR2(15 BYTE), 
	"EMPLOYEEID" NUMBER(3,0)
   ) PCTFREE 10 PCTUSED 40 INITRANS 1 MAXTRANS 255 NOCOMPRESS LOGGING
  STORAGE(INITIAL 65536 NEXT 1048576 MINEXTENTS 1 MAXEXTENTS 2147483645
  PCTINCREASE 0 FREELISTS 1 FREELIST GROUPS 1 BUFFER_POOL DEFAULT)
  TABLESPACE "USERS" ;
--------------------------------------------------------
--  DDL for Table NN_EMPLEVEL
--------------------------------------------------------

  CREATE TABLE "NN_EMPLEVEL" 
   (	"LEVELNO" NUMBER(1,0), 
	"LOWSALARY" NUMBER(6,0), 
	"HIGHSALARY" NUMBER(6,0)
   ) PCTFREE 10 PCTUSED 40 INITRANS 1 MAXTRANS 255 NOCOMPRESS LOGGING
  STORAGE(INITIAL 65536 NEXT 1048576 MINEXTENTS 1 MAXEXTENTS 2147483645
  PCTINCREASE 0 FREELISTS 1 FREELIST GROUPS 1 BUFFER_POOL DEFAULT)
  TABLESPACE "USERS" ;
--------------------------------------------------------
--  DDL for Table NN_EMPLOYEE
--------------------------------------------------------

  CREATE TABLE "NN_EMPLOYEE" 
   (	"EMPLOYEEID" NUMBER(3,0), 
	"LNAME" VARCHAR2(15 BYTE), 
	"FNAME" VARCHAR2(15 BYTE), 
	"POSITIONID" NUMBER(1,0), 
	"SUPERVISOR" NUMBER(3,0), 
	"HIREDATE" DATE, 
	"SALARY" NUMBER(6,0), 
	"COMMISSION" NUMBER(5,0), 
	"DEPTID" NUMBER(2,0), 
	"QUALID" NUMBER(1,0)
   ) PCTFREE 10 PCTUSED 40 INITRANS 1 MAXTRANS 255 NOCOMPRESS LOGGING
  STORAGE(INITIAL 65536 NEXT 1048576 MINEXTENTS 1 MAXEXTENTS 2147483645
  PCTINCREASE 0 FREELISTS 1 FREELIST GROUPS 1 BUFFER_POOL DEFAULT)
  TABLESPACE "USERS" ;
--------------------------------------------------------
--  DDL for Table NN_JOB_HISTORY
--------------------------------------------------------

  CREATE TABLE "NN_JOB_HISTORY" 
   (	"EMPLOYEEID" NUMBER(3,0), 
	"DEPTID" NUMBER(2,0), 
	"POSITIONID" NUMBER(1,0), 
	"STARTDATE" DATE, 
	"ENDDATE" DATE, 
	"SALARY" NUMBER(6,0)
   ) PCTFREE 10 PCTUSED 40 INITRANS 1 MAXTRANS 255 NOCOMPRESS LOGGING
  STORAGE(INITIAL 65536 NEXT 1048576 MINEXTENTS 1 MAXEXTENTS 2147483645
  PCTINCREASE 0 FREELISTS 1 FREELIST GROUPS 1 BUFFER_POOL DEFAULT)
  TABLESPACE "USERS" ;
--------------------------------------------------------
--  DDL for Table NN_POSITION
--------------------------------------------------------

  CREATE TABLE "NN_POSITION" 
   (	"POSITIONID" NUMBER(1,0), 
	"POSDESC" VARCHAR2(10 BYTE)
   ) PCTFREE 10 PCTUSED 40 INITRANS 1 MAXTRANS 255 NOCOMPRESS LOGGING
  STORAGE(INITIAL 65536 NEXT 1048576 MINEXTENTS 1 MAXEXTENTS 2147483645
  PCTINCREASE 0 FREELISTS 1 FREELIST GROUPS 1 BUFFER_POOL DEFAULT)
  TABLESPACE "USERS" ;
REM INSERTING into IU_COURSE
SET DEFINE OFF;
Insert into IU_COURSE (COURSEID,TITLE,CREDITS,PREREQ,LECTURE_HOURS,LAB_HOURS,HOMEWORK_HOURS,DEPTID) values ('EN100','Basic English',0,null,3,3,3,null);
Insert into IU_COURSE (COURSEID,TITLE,CREDITS,PREREQ,LECTURE_HOURS,LAB_HOURS,HOMEWORK_HOURS,DEPTID) values ('LA123','English Literature',3,'EN100',3,3,3,null);
Insert into IU_COURSE (COURSEID,TITLE,CREDITS,PREREQ,LECTURE_HOURS,LAB_HOURS,HOMEWORK_HOURS,DEPTID) values ('CIS253','Database Systems',3,null,3,3,3,null);
Insert into IU_COURSE (COURSEID,TITLE,CREDITS,PREREQ,LECTURE_HOURS,LAB_HOURS,HOMEWORK_HOURS,DEPTID) values ('CIS265','Systems Analysis',3,'CIS253',3,3,3,null);
Insert into IU_COURSE (COURSEID,TITLE,CREDITS,PREREQ,LECTURE_HOURS,LAB_HOURS,HOMEWORK_HOURS,DEPTID) values ('AC101','Accounting',3,null,3,3,3,null);
Insert into IU_COURSE (COURSEID,TITLE,CREDITS,PREREQ,LECTURE_HOURS,LAB_HOURS,HOMEWORK_HOURS,DEPTID) values ('MA150','College Algebra',3,null,3,3,3,null);
Insert into IU_COURSE (COURSEID,TITLE,CREDITS,PREREQ,LECTURE_HOURS,LAB_HOURS,HOMEWORK_HOURS,DEPTID) values ('420C30','Web Programming III',2,null,2,3,3,420);
Insert into IU_COURSE (COURSEID,TITLE,CREDITS,PREREQ,LECTURE_HOURS,LAB_HOURS,HOMEWORK_HOURS,DEPTID) values ('420E10','Systems I',3,null,3,3,3,420);
Insert into IU_COURSE (COURSEID,TITLE,CREDITS,PREREQ,LECTURE_HOURS,LAB_HOURS,HOMEWORK_HOURS,DEPTID) values ('420D10','Database Management I',3,null,2,4,3,420);
Insert into IU_COURSE (COURSEID,TITLE,CREDITS,PREREQ,LECTURE_HOURS,LAB_HOURS,HOMEWORK_HOURS,DEPTID) values ('420B31','Progamming III',2,null,2,3,2,420);
Insert into IU_COURSE (COURSEID,TITLE,CREDITS,PREREQ,LECTURE_HOURS,LAB_HOURS,HOMEWORK_HOURS,DEPTID) values ('420D20','Database Management II',2,'420D10',2,2,2,420);
REM INSERTING into IU_CRSSECTION
SET DEFINE OFF;
Insert into IU_CRSSECTION (CSID,COURSEID,SECTION,TERMID,FACULTYID,DAY,STARTTIME,ENDTIME,ROOMID,MAXCOUNT) values (4202,'420B31','01','FL12',408,'F','9:00','12:00',42,24);
Insert into IU_CRSSECTION (CSID,COURSEID,SECTION,TERMID,FACULTYID,DAY,STARTTIME,ENDTIME,ROOMID,MAXCOUNT) values (4203,'420D10','01','FL12',284,'M','3:00','5:00',42,24);
Insert into IU_CRSSECTION (CSID,COURSEID,SECTION,TERMID,FACULTYID,DAY,STARTTIME,ENDTIME,ROOMID,MAXCOUNT) values (4204,'420E10','01','FL12',408,'R','9:00','12:00',41,24);
Insert into IU_CRSSECTION (CSID,COURSEID,SECTION,TERMID,FACULTYID,DAY,STARTTIME,ENDTIME,ROOMID,MAXCOUNT) values (1101,'CIS265','01','WN03',111,'MW','09:00','10:30',13,30);
Insert into IU_CRSSECTION (CSID,COURSEID,SECTION,TERMID,FACULTYID,DAY,STARTTIME,ENDTIME,ROOMID,MAXCOUNT) values (1102,'CIS253','01','WN03',123,'TR','09:00','10:30',18,40);
Insert into IU_CRSSECTION (CSID,COURSEID,SECTION,TERMID,FACULTYID,DAY,STARTTIME,ENDTIME,ROOMID,MAXCOUNT) values (1103,'MA150','02','WN03',444,'F','09:00','12:00',15,25);
Insert into IU_CRSSECTION (CSID,COURSEID,SECTION,TERMID,FACULTYID,DAY,STARTTIME,ENDTIME,ROOMID,MAXCOUNT) values (1104,'AC101','10','WN03',345,'MW','10:30','12:00',16,35);
Insert into IU_CRSSECTION (CSID,COURSEID,SECTION,TERMID,FACULTYID,DAY,STARTTIME,ENDTIME,ROOMID,MAXCOUNT) values (1205,'CIS265','01','SP03',null,'MW','09:00','10:30',14,35);
Insert into IU_CRSSECTION (CSID,COURSEID,SECTION,TERMID,FACULTYID,DAY,STARTTIME,ENDTIME,ROOMID,MAXCOUNT) values (1206,'CIS265','02','SP03',111,'TR','09:00','10:30',18,30);
Insert into IU_CRSSECTION (CSID,COURSEID,SECTION,TERMID,FACULTYID,DAY,STARTTIME,ENDTIME,ROOMID,MAXCOUNT) values (1207,'LA123','05','SP03',null,'MW','09:00','10:30',15,30);
Insert into IU_CRSSECTION (CSID,COURSEID,SECTION,TERMID,FACULTYID,DAY,STARTTIME,ENDTIME,ROOMID,MAXCOUNT) values (1208,'CIS253','21','SP03',123,'TR','09:00','10:30',14,40);
Insert into IU_CRSSECTION (CSID,COURSEID,SECTION,TERMID,FACULTYID,DAY,STARTTIME,ENDTIME,ROOMID,MAXCOUNT) values (1209,'CIS253','11','SP03',111,'MW','09:00','10:30',18,40);
Insert into IU_CRSSECTION (CSID,COURSEID,SECTION,TERMID,FACULTYID,DAY,STARTTIME,ENDTIME,ROOMID,MAXCOUNT) values (1210,'CIS253','31','SP03',123,'F','TBA','TBA',11,1);
Insert into IU_CRSSECTION (CSID,COURSEID,SECTION,TERMID,FACULTYID,DAY,STARTTIME,ENDTIME,ROOMID,MAXCOUNT) values (4201,'420C30','01','FL12',402,'T','13:00','16:00',41,24);
REM INSERTING into IU_DEPARTMENT
SET DEFINE OFF;
Insert into IU_DEPARTMENT (DEPTID,DEPTNAME,FACULTYID) values (1,'Computer Science',111);
Insert into IU_DEPARTMENT (DEPTID,DEPTNAME,FACULTYID) values (2,'Telecommunications',222);
Insert into IU_DEPARTMENT (DEPTID,DEPTNAME,FACULTYID) values (3,'Accounting',333);
Insert into IU_DEPARTMENT (DEPTID,DEPTNAME,FACULTYID) values (4,'Math and Science',444);
Insert into IU_DEPARTMENT (DEPTID,DEPTNAME,FACULTYID) values (5,'Liberal Arts',555);
Insert into IU_DEPARTMENT (DEPTID,DEPTNAME,FACULTYID) values (420,'Heritage Computer Science',391);
REM INSERTING into IU_FACULTY
SET DEFINE OFF;
Insert into IU_FACULTY (FACULTYID,NAME,ROOMID,PHONE,DEPTID) values (111,'Jones',11,'525 ',1);
Insert into IU_FACULTY (FACULTYID,NAME,ROOMID,PHONE,DEPTID) values (222,'Williams',20,'533 ',2);
Insert into IU_FACULTY (FACULTYID,NAME,ROOMID,PHONE,DEPTID) values (123,'Mobley',11,'529 ',1);
Insert into IU_FACULTY (FACULTYID,NAME,ROOMID,PHONE,DEPTID) values (235,'Vajpayee',12,'577 ',2);
Insert into IU_FACULTY (FACULTYID,NAME,ROOMID,PHONE,DEPTID) values (345,'Sen',12,'579 ',3);
Insert into IU_FACULTY (FACULTYID,NAME,ROOMID,PHONE,DEPTID) values (444,'Rivera',21,'544 ',4);
Insert into IU_FACULTY (FACULTYID,NAME,ROOMID,PHONE,DEPTID) values (555,'Chang',17,'587 ',5);
Insert into IU_FACULTY (FACULTYID,NAME,ROOMID,PHONE,DEPTID) values (333,'Collins',17,'599 ',3);
Insert into IU_FACULTY (FACULTYID,NAME,ROOMID,PHONE,DEPTID) values (284,'Hamilton',34,'2171',420);
Insert into IU_FACULTY (FACULTYID,NAME,ROOMID,PHONE,DEPTID) values (391,'Turany',32,'2071',420);
Insert into IU_FACULTY (FACULTYID,NAME,ROOMID,PHONE,DEPTID) values (402,'McDonald',33,'2083',420);
Insert into IU_FACULTY (FACULTYID,NAME,ROOMID,PHONE,DEPTID) values (407,'Patterson',36,'2701',420);
Insert into IU_FACULTY (FACULTYID,NAME,ROOMID,PHONE,DEPTID) values (408,'Stark',35,'2700',420);
REM INSERTING into IU_LOCATION
SET DEFINE OFF;
Insert into IU_LOCATION (ROOMID,BUILDING,ROOMNO,CAPACITY,ROOMTYPE) values (11,'Gandhi','101',2,'O');
Insert into IU_LOCATION (ROOMID,BUILDING,ROOMNO,CAPACITY,ROOMTYPE) values (12,'Gandhi','103',2,'O');
Insert into IU_LOCATION (ROOMID,BUILDING,ROOMNO,CAPACITY,ROOMTYPE) values (13,'Kennedy','202',35,'L');
Insert into IU_LOCATION (ROOMID,BUILDING,ROOMNO,CAPACITY,ROOMTYPE) values (14,'Kennedy','204',50,'L');
Insert into IU_LOCATION (ROOMID,BUILDING,ROOMNO,CAPACITY,ROOMTYPE) values (15,'Nehru','301',50,'C');
Insert into IU_LOCATION (ROOMID,BUILDING,ROOMNO,CAPACITY,ROOMTYPE) values (16,'Nehru','309',45,'C');
Insert into IU_LOCATION (ROOMID,BUILDING,ROOMNO,CAPACITY,ROOMTYPE) values (17,'Gandhi','105',2,'O');
Insert into IU_LOCATION (ROOMID,BUILDING,ROOMNO,CAPACITY,ROOMTYPE) values (18,'Kennedy','206',40,'L');
Insert into IU_LOCATION (ROOMID,BUILDING,ROOMNO,CAPACITY,ROOMTYPE) values (19,'Kennedy','210',30,'L');
Insert into IU_LOCATION (ROOMID,BUILDING,ROOMNO,CAPACITY,ROOMTYPE) values (20,'Gandhi','107',2,'O');
Insert into IU_LOCATION (ROOMID,BUILDING,ROOMNO,CAPACITY,ROOMTYPE) values (21,'Gandhi','109',2,'O');
Insert into IU_LOCATION (ROOMID,BUILDING,ROOMNO,CAPACITY,ROOMTYPE) values (33,'Heritage','208',1,'O');
Insert into IU_LOCATION (ROOMID,BUILDING,ROOMNO,CAPACITY,ROOMTYPE) values (32,'Heritage','207',1,'O');
Insert into IU_LOCATION (ROOMID,BUILDING,ROOMNO,CAPACITY,ROOMTYPE) values (34,'Heritage','217',2,'O');
Insert into IU_LOCATION (ROOMID,BUILDING,ROOMNO,CAPACITY,ROOMTYPE) values (35,'Heritage','270',2,'O');
Insert into IU_LOCATION (ROOMID,BUILDING,ROOMNO,CAPACITY,ROOMTYPE) values (36,'Heritage','271',1,'O');
Insert into IU_LOCATION (ROOMID,BUILDING,ROOMNO,CAPACITY,ROOMTYPE) values (41,'Heritage','219',24,'L');
Insert into IU_LOCATION (ROOMID,BUILDING,ROOMNO,CAPACITY,ROOMTYPE) values (42,'Heritage','220',24,'L');
REM INSERTING into IU_MAJOR
SET DEFINE OFF;
Insert into IU_MAJOR (MAJORID,MAJORDESC) values (100,'AAS-Accounting');
Insert into IU_MAJOR (MAJORID,MAJORDESC) values (200,'AAS-Computer Science');
Insert into IU_MAJOR (MAJORID,MAJORDESC) values (300,'AAS-Telecommunications');
Insert into IU_MAJOR (MAJORID,MAJORDESC) values (400,'BS-Accounting');
Insert into IU_MAJOR (MAJORID,MAJORDESC) values (500,'BS-Computer Science');
Insert into IU_MAJOR (MAJORID,MAJORDESC) values (600,'BS-Telecommunications');
REM INSERTING into IU_REGISTRATION
SET DEFINE OFF;
Insert into IU_REGISTRATION (STUDENTID,CSID,MIDTERM,FINAL,REGSTATUS) values ('00100',1101,'C','F','R');
Insert into IU_REGISTRATION (STUDENTID,CSID,MIDTERM,FINAL,REGSTATUS) values ('00100',1102,'B','B','R');
Insert into IU_REGISTRATION (STUDENTID,CSID,MIDTERM,FINAL,REGSTATUS) values ('00100',1104,'B','A','R');
Insert into IU_REGISTRATION (STUDENTID,CSID,MIDTERM,FINAL,REGSTATUS) values ('00101',1102,'F','D','R');
Insert into IU_REGISTRATION (STUDENTID,CSID,MIDTERM,FINAL,REGSTATUS) values ('00101',1103,'A','A','R');
Insert into IU_REGISTRATION (STUDENTID,CSID,MIDTERM,FINAL,REGSTATUS) values ('00103',1101,'F','W','W');
Insert into IU_REGISTRATION (STUDENTID,CSID,MIDTERM,FINAL,REGSTATUS) values ('00103',1104,'D','D','R');
Insert into IU_REGISTRATION (STUDENTID,CSID,MIDTERM,FINAL,REGSTATUS) values ('00100',1207,null,null,'X');
Insert into IU_REGISTRATION (STUDENTID,CSID,MIDTERM,FINAL,REGSTATUS) values ('00103',1206,null,null,'W');
Insert into IU_REGISTRATION (STUDENTID,CSID,MIDTERM,FINAL,REGSTATUS) values ('00104',1206,null,null,'X');
Insert into IU_REGISTRATION (STUDENTID,CSID,MIDTERM,FINAL,REGSTATUS) values ('00104',1207,null,null,'R');
Insert into IU_REGISTRATION (STUDENTID,CSID,MIDTERM,FINAL,REGSTATUS) values ('00104',1210,null,null,'R');
Insert into IU_REGISTRATION (STUDENTID,CSID,MIDTERM,FINAL,REGSTATUS) values ('00105',1208,null,null,'R');
Insert into IU_REGISTRATION (STUDENTID,CSID,MIDTERM,FINAL,REGSTATUS) values ('00105',1209,null,null,'X');
Insert into IU_REGISTRATION (STUDENTID,CSID,MIDTERM,FINAL,REGSTATUS) values ('00101',1205,null,null,'X');
Insert into IU_REGISTRATION (STUDENTID,CSID,MIDTERM,FINAL,REGSTATUS) values ('00102',1210,null,null,'R');
Insert into IU_REGISTRATION (STUDENTID,CSID,MIDTERM,FINAL,REGSTATUS) values ('00102',1207,null,null,'X');
Insert into IU_REGISTRATION (STUDENTID,CSID,MIDTERM,FINAL,REGSTATUS) values ('00102',1206,null,null,'R');
REM INSERTING into IU_ROOM
SET DEFINE OFF;
Insert into IU_ROOM (ROOMTYPE,ROOMDESC) values ('L','Lab');
Insert into IU_ROOM (ROOMTYPE,ROOMDESC) values ('C','Classroom');
Insert into IU_ROOM (ROOMTYPE,ROOMDESC) values ('O','Office');
REM INSERTING into IU_STUDENT
SET DEFINE OFF;
Insert into IU_STUDENT (STUDENTID,LAST,FIRST,STREET,CITY,PROVINCE,POSTCODE,STARTTERM,BIRTHDATE,FACULTYID,MAJORID,PHONE) values ('00100','Diaz','Jose','1 Ford Avenue #7','Hill','QC','J8X8C3','WN03',to_date('12-FEB-83','DD-MON-RR'),123,100,'9735551111');
Insert into IU_STUDENT (STUDENTID,LAST,FIRST,STREET,CITY,PROVINCE,POSTCODE,STARTTERM,BIRTHDATE,FACULTYID,MAJORID,PHONE) values ('00101','Tyler','Mickey','12 Morris Avenue','Bronx','ON','K1C4D8','SP03',to_date('18-MAR-84','DD-MON-RR'),555,500,'7185552222');
Insert into IU_STUDENT (STUDENTID,LAST,FIRST,STREET,CITY,PROVINCE,POSTCODE,STARTTERM,BIRTHDATE,FACULTYID,MAJORID,PHONE) values ('00102','Patel','Rajesh','25 River Road #3','Edison','QC','J8Y8T7','WN03',to_date('12-DEC-85','DD-MON-RR'),111,400,'7325553333');
Insert into IU_STUDENT (STUDENTID,LAST,FIRST,STREET,CITY,PROVINCE,POSTCODE,STARTTERM,BIRTHDATE,FACULTYID,MAJORID,PHONE) values ('00103','Rickles','Deborah','100 Main Street','Iselin','QC','J8T8Q8','FL02',to_date('20-OCT-70','DD-MON-RR'),555,500,'7325554444');
Insert into IU_STUDENT (STUDENTID,LAST,FIRST,STREET,CITY,PROVINCE,POSTCODE,STARTTERM,BIRTHDATE,FACULTYID,MAJORID,PHONE) values ('00104','Lee','Brian','2845 First Lane','Hope','ON','K1J3Y3','WN03',to_date('28-NOV-85','DD-MON-RR'),345,600,'2125555555');
Insert into IU_STUDENT (STUDENTID,LAST,FIRST,STREET,CITY,PROVINCE,POSTCODE,STARTTERM,BIRTHDATE,FACULTYID,MAJORID,PHONE) values ('00105','Khan','Amir','213 Broadway','Clifton','QC','J7R2P2','WN03',to_date('07-JUL-84','DD-MON-RR'),222,200,'2015556666');
Insert into IU_STUDENT (STUDENTID,LAST,FIRST,STREET,CITY,PROVINCE,POSTCODE,STARTTERM,BIRTHDATE,FACULTYID,MAJORID,PHONE) values ('HR001','Student','One',null,null,null,null,'FL11',null,284,200,null);
Insert into IU_STUDENT (STUDENTID,LAST,FIRST,STREET,CITY,PROVINCE,POSTCODE,STARTTERM,BIRTHDATE,FACULTYID,MAJORID,PHONE) values ('HR002','Student','Two',null,null,null,null,'FL11',null,284,200,null);
Insert into IU_STUDENT (STUDENTID,LAST,FIRST,STREET,CITY,PROVINCE,POSTCODE,STARTTERM,BIRTHDATE,FACULTYID,MAJORID,PHONE) values ('HR003','Student','Three',null,null,null,null,'FL11',null,284,200,null);
REM INSERTING into IU_TERM
SET DEFINE OFF;
Insert into IU_TERM (TERMID,TERMDESC,STARTDATE,ENDDATE) values ('SP02','Spring 2002',to_date('28-APR-02','DD-MON-RR'),to_date('16-AUG-02','DD-MON-RR'));
Insert into IU_TERM (TERMID,TERMDESC,STARTDATE,ENDDATE) values ('FL02','Fall 2002',to_date('08-SEP-02','DD-MON-RR'),to_date('20-DEC-02','DD-MON-RR'));
Insert into IU_TERM (TERMID,TERMDESC,STARTDATE,ENDDATE) values ('WN03','Winter 2003',to_date('05-JAN-03','DD-MON-RR'),to_date('18-APR-03','DD-MON-RR'));
Insert into IU_TERM (TERMID,TERMDESC,STARTDATE,ENDDATE) values ('SP03','Spring 2003',to_date('27-APR-03','DD-MON-RR'),to_date('15-AUG-03','DD-MON-RR'));
Insert into IU_TERM (TERMID,TERMDESC,STARTDATE,ENDDATE) values ('FL03','Fall 2003',to_date('07-SEP-03','DD-MON-RR'),to_date('19-DEC-03','DD-MON-RR'));
Insert into IU_TERM (TERMID,TERMDESC,STARTDATE,ENDDATE) values ('FL11','Fall 2011',to_date('22-AUG-11','DD-MON-RR'),to_date('19-DEC-11','DD-MON-RR'));
Insert into IU_TERM (TERMID,TERMDESC,STARTDATE,ENDDATE) values ('WN12','Winter 2012',to_date('16-JAN-12','DD-MON-RR'),to_date('18-MAY-12','DD-MON-RR'));
Insert into IU_TERM (TERMID,TERMDESC,STARTDATE,ENDDATE) values ('FL12','Fall 2012',to_date('22-AUG-12','DD-MON-RR'),to_date('19-DEC-12','DD-MON-RR'));
REM INSERTING into NN_DEPENDENT
SET DEFINE OFF;
Insert into NN_DEPENDENT (EMPLOYEEID,DEPENDENTID,DEPDOB,RELATION) values (543,1,to_date('28-SEP-58','DD-MON-RR'),'Spouse');
Insert into NN_DEPENDENT (EMPLOYEEID,DEPENDENTID,DEPDOB,RELATION) values (543,2,to_date('14-OCT-88','DD-MON-RR'),'Son');
Insert into NN_DEPENDENT (EMPLOYEEID,DEPENDENTID,DEPDOB,RELATION) values (200,1,to_date('10-JUN-76','DD-MON-RR'),'Spouse');
Insert into NN_DEPENDENT (EMPLOYEEID,DEPENDENTID,DEPDOB,RELATION) values (222,1,to_date('04-FEB-75','DD-MON-RR'),'Spouse');
Insert into NN_DEPENDENT (EMPLOYEEID,DEPENDENTID,DEPDOB,RELATION) values (222,2,to_date('23-AUG-97','DD-MON-RR'),'Son');
Insert into NN_DEPENDENT (EMPLOYEEID,DEPENDENTID,DEPDOB,RELATION) values (222,3,to_date('10-JUL-99','DD-MON-RR'),'Daughter');
Insert into NN_DEPENDENT (EMPLOYEEID,DEPENDENTID,DEPDOB,RELATION) values (111,1,to_date('12-DEC-45','DD-MON-RR'),'Spouse');
REM INSERTING into NN_DEPT
SET DEFINE OFF;
Insert into NN_DEPT (DEPTID,DEPTNAME,LOCATION,EMPLOYEEID) values (10,'Finance','Charlotte',123);
Insert into NN_DEPT (DEPTID,DEPTNAME,LOCATION,EMPLOYEEID) values (20,'InfoSys','New York',543);
Insert into NN_DEPT (DEPTID,DEPTNAME,LOCATION,EMPLOYEEID) values (30,'Sales','Woodbridge',135);
Insert into NN_DEPT (DEPTID,DEPTNAME,LOCATION,EMPLOYEEID) values (40,'Marketing','Los Angeles',246);
REM INSERTING into NN_EMPLEVEL
SET DEFINE OFF;
Insert into NN_EMPLEVEL (LEVELNO,LOWSALARY,HIGHSALARY) values (1,1,25000);
Insert into NN_EMPLEVEL (LEVELNO,LOWSALARY,HIGHSALARY) values (2,25001,50000);
Insert into NN_EMPLEVEL (LEVELNO,LOWSALARY,HIGHSALARY) values (3,50001,100000);
Insert into NN_EMPLEVEL (LEVELNO,LOWSALARY,HIGHSALARY) values (4,100001,500000);
REM INSERTING into NN_EMPLOYEE
SET DEFINE OFF;
Insert into NN_EMPLOYEE (EMPLOYEEID,LNAME,FNAME,POSITIONID,SUPERVISOR,HIREDATE,SALARY,COMMISSION,DEPTID,QUALID) values (111,'Smith','John',1,null,to_date('15-APR-60','DD-MON-RR'),265000,35000,10,1);
Insert into NN_EMPLOYEE (EMPLOYEEID,LNAME,FNAME,POSITIONID,SUPERVISOR,HIREDATE,SALARY,COMMISSION,DEPTID,QUALID) values (246,'Houston','Larry',2,111,to_date('19-MAY-67','DD-MON-RR'),150000,10000,40,2);
Insert into NN_EMPLOYEE (EMPLOYEEID,LNAME,FNAME,POSITIONID,SUPERVISOR,HIREDATE,SALARY,COMMISSION,DEPTID,QUALID) values (123,'Roberts','Sandi',2,111,to_date('02-DEC-91','DD-MON-RR'),75000,null,10,2);
Insert into NN_EMPLOYEE (EMPLOYEEID,LNAME,FNAME,POSITIONID,SUPERVISOR,HIREDATE,SALARY,COMMISSION,DEPTID,QUALID) values (433,'McCall','Alex',3,543,to_date('10-MAY-97','DD-MON-RR'),66500,null,20,4);
Insert into NN_EMPLOYEE (EMPLOYEEID,LNAME,FNAME,POSITIONID,SUPERVISOR,HIREDATE,SALARY,COMMISSION,DEPTID,QUALID) values (543,'Dev','Derek',2,111,to_date('15-MAR-95','DD-MON-RR'),80000,20000,20,1);
Insert into NN_EMPLOYEE (EMPLOYEEID,LNAME,FNAME,POSITIONID,SUPERVISOR,HIREDATE,SALARY,COMMISSION,DEPTID,QUALID) values (200,'Shaw','Jinku',5,135,to_date('03-JAN-00','DD-MON-RR'),24500,3000,30,null);
Insert into NN_EMPLOYEE (EMPLOYEEID,LNAME,FNAME,POSITIONID,SUPERVISOR,HIREDATE,SALARY,COMMISSION,DEPTID,QUALID) values (135,'Garner','Stanley',2,111,to_date('29-FEB-96','DD-MON-RR'),45000,5000,30,5);
Insert into NN_EMPLOYEE (EMPLOYEEID,LNAME,FNAME,POSITIONID,SUPERVISOR,HIREDATE,SALARY,COMMISSION,DEPTID,QUALID) values (222,'Chen','Sunny',4,123,to_date('15-AUG-99','DD-MON-RR'),35000,null,10,3);
REM INSERTING into NN_JOB_HISTORY
SET DEFINE OFF;
Insert into NN_JOB_HISTORY (EMPLOYEEID,DEPTID,POSITIONID,STARTDATE,ENDDATE,SALARY) values (246,30,5,to_date('19-MAY-67','DD-MON-RR'),to_date('31-AUG-70','DD-MON-RR'),10000);
Insert into NN_JOB_HISTORY (EMPLOYEEID,DEPTID,POSITIONID,STARTDATE,ENDDATE,SALARY) values (246,40,5,to_date('31-AUG-70','DD-MON-RR'),to_date('15-DEC-82','DD-MON-RR'),40000);
REM INSERTING into NN_POSITION
SET DEFINE OFF;
Insert into NN_POSITION (POSITIONID,POSDESC) values (1,'President');
Insert into NN_POSITION (POSITIONID,POSDESC) values (2,'Manager');
Insert into NN_POSITION (POSITIONID,POSDESC) values (3,'Programmer');
Insert into NN_POSITION (POSITIONID,POSDESC) values (4,'Accountant');
Insert into NN_POSITION (POSITIONID,POSDESC) values (5,'Salesman');
--------------------------------------------------------
--  DDL for Index IU_REGISTRATION_CSID_STUD_IDX
--------------------------------------------------------

  CREATE INDEX "IU_REGISTRATION_CSID_STUD_IDX" ON "IU_REGISTRATION" ("CSID", "STUDENTID") 
  PCTFREE 10 INITRANS 2 MAXTRANS 255 COMPUTE STATISTICS 
  STORAGE(INITIAL 65536 NEXT 1048576 MINEXTENTS 1 MAXEXTENTS 2147483645
  PCTINCREASE 0 FREELISTS 1 FREELIST GROUPS 1 BUFFER_POOL DEFAULT)
  TABLESPACE "USERS" ;
--------------------------------------------------------
--  DDL for Index NN_POSITION_POSITIONID_PK
--------------------------------------------------------

  CREATE UNIQUE INDEX "NN_POSITION_POSITIONID_PK" ON "NN_POSITION" ("POSITIONID") 
  PCTFREE 10 INITRANS 2 MAXTRANS 255 COMPUTE STATISTICS 
  STORAGE(INITIAL 65536 NEXT 1048576 MINEXTENTS 1 MAXEXTENTS 2147483645
  PCTINCREASE 0 FREELISTS 1 FREELIST GROUPS 1 BUFFER_POOL DEFAULT)
  TABLESPACE "USERS" ;
--------------------------------------------------------
--  DDL for Index NN_JOBHISTORY_PK
--------------------------------------------------------

  CREATE UNIQUE INDEX "NN_JOBHISTORY_PK" ON "NN_JOB_HISTORY" ("EMPLOYEEID", "STARTDATE") 
  PCTFREE 10 INITRANS 2 MAXTRANS 255 COMPUTE STATISTICS 
  STORAGE(INITIAL 65536 NEXT 1048576 MINEXTENTS 1 MAXEXTENTS 2147483645
  PCTINCREASE 0 FREELISTS 1 FREELIST GROUPS 1 BUFFER_POOL DEFAULT)
  TABLESPACE "USERS" ;
--------------------------------------------------------
--  DDL for Index NN_EMPLEVEL_LEVEL_PK
--------------------------------------------------------

  CREATE UNIQUE INDEX "NN_EMPLEVEL_LEVEL_PK" ON "NN_EMPLEVEL" ("LEVELNO") 
  PCTFREE 10 INITRANS 2 MAXTRANS 255 COMPUTE STATISTICS 
  STORAGE(INITIAL 65536 NEXT 1048576 MINEXTENTS 1 MAXEXTENTS 2147483645
  PCTINCREASE 0 FREELISTS 1 FREELIST GROUPS 1 BUFFER_POOL DEFAULT)
  TABLESPACE "USERS" ;
--------------------------------------------------------
--  DDL for Index SYS_C0047189
--------------------------------------------------------

  CREATE UNIQUE INDEX "SYS_C0047189" ON "IU_MAJOR" ("MAJORID") 
  PCTFREE 10 INITRANS 2 MAXTRANS 255 COMPUTE STATISTICS 
  STORAGE(INITIAL 65536 NEXT 1048576 MINEXTENTS 1 MAXEXTENTS 2147483645
  PCTINCREASE 0 FREELISTS 1 FREELIST GROUPS 1 BUFFER_POOL DEFAULT)
  TABLESPACE "USERS" ;
--------------------------------------------------------
--  DDL for Index TERM_TERMID_PK
--------------------------------------------------------

  CREATE UNIQUE INDEX "TERM_TERMID_PK" ON "IU_TERM" ("TERMID") 
  PCTFREE 10 INITRANS 2 MAXTRANS 255 COMPUTE STATISTICS 
  STORAGE(INITIAL 65536 NEXT 1048576 MINEXTENTS 1 MAXEXTENTS 2147483645
  PCTINCREASE 0 FREELISTS 1 FREELIST GROUPS 1 BUFFER_POOL DEFAULT)
  TABLESPACE "USERS" ;
--------------------------------------------------------
--  DDL for Index LOCATION_ROOMID_PK
--------------------------------------------------------

  CREATE UNIQUE INDEX "LOCATION_ROOMID_PK" ON "IU_LOCATION" ("ROOMID") 
  PCTFREE 10 INITRANS 2 MAXTRANS 255 COMPUTE STATISTICS 
  STORAGE(INITIAL 65536 NEXT 1048576 MINEXTENTS 1 MAXEXTENTS 2147483645
  PCTINCREASE 0 FREELISTS 1 FREELIST GROUPS 1 BUFFER_POOL DEFAULT)
  TABLESPACE "USERS" ;
--------------------------------------------------------
--  DDL for Index ROOM_ROOMTYPE_PK
--------------------------------------------------------

  CREATE UNIQUE INDEX "ROOM_ROOMTYPE_PK" ON "IU_ROOM" ("ROOMTYPE") 
  PCTFREE 10 INITRANS 2 MAXTRANS 255 COMPUTE STATISTICS 
  STORAGE(INITIAL 65536 NEXT 1048576 MINEXTENTS 1 MAXEXTENTS 2147483645
  PCTINCREASE 0 FREELISTS 1 FREELIST GROUPS 1 BUFFER_POOL DEFAULT)
  TABLESPACE "USERS" ;
--------------------------------------------------------
--  DDL for Index IU_STUDENT_MAJORID_IDX
--------------------------------------------------------

  CREATE INDEX "IU_STUDENT_MAJORID_IDX" ON "IU_STUDENT" ("MAJORID") 
  PCTFREE 10 INITRANS 2 MAXTRANS 255 COMPUTE STATISTICS 
  STORAGE(INITIAL 65536 NEXT 1048576 MINEXTENTS 1 MAXEXTENTS 2147483645
  PCTINCREASE 0 FREELISTS 1 FREELIST GROUPS 1 BUFFER_POOL DEFAULT)
  TABLESPACE "USERS" ;
--------------------------------------------------------
--  DDL for Index NN_DEPT_DEPTID_PK
--------------------------------------------------------

  CREATE UNIQUE INDEX "NN_DEPT_DEPTID_PK" ON "NN_DEPT" ("DEPTID") 
  PCTFREE 10 INITRANS 2 MAXTRANS 255 COMPUTE STATISTICS 
  STORAGE(INITIAL 65536 NEXT 1048576 MINEXTENTS 1 MAXEXTENTS 2147483645
  PCTINCREASE 0 FREELISTS 1 FREELIST GROUPS 1 BUFFER_POOL DEFAULT)
  TABLESPACE "USERS" ;
--------------------------------------------------------
--  DDL for Index COURSE_COURSEID_PK
--------------------------------------------------------

  CREATE UNIQUE INDEX "COURSE_COURSEID_PK" ON "IU_COURSE" ("COURSEID") 
  PCTFREE 10 INITRANS 2 MAXTRANS 255 COMPUTE STATISTICS 
  STORAGE(INITIAL 65536 NEXT 1048576 MINEXTENTS 1 MAXEXTENTS 2147483645
  PCTINCREASE 0 FREELISTS 1 FREELIST GROUPS 1 BUFFER_POOL DEFAULT)
  TABLESPACE "USERS" ;
--------------------------------------------------------
--  DDL for Index IU_REGISTRATION_PK
--------------------------------------------------------

  CREATE UNIQUE INDEX "IU_REGISTRATION_PK" ON "IU_REGISTRATION" ("STUDENTID", "CSID") 
  PCTFREE 10 INITRANS 2 MAXTRANS 255 COMPUTE STATISTICS 
  STORAGE(INITIAL 65536 NEXT 1048576 MINEXTENTS 1 MAXEXTENTS 2147483645
  PCTINCREASE 0 FREELISTS 1 FREELIST GROUPS 1 BUFFER_POOL DEFAULT)
  TABLESPACE "USERS" ;
--------------------------------------------------------
--  DDL for Index NN_EMPLOYEE_EMPLOYEEID_PK
--------------------------------------------------------

  CREATE UNIQUE INDEX "NN_EMPLOYEE_EMPLOYEEID_PK" ON "NN_EMPLOYEE" ("EMPLOYEEID") 
  PCTFREE 10 INITRANS 2 MAXTRANS 255 COMPUTE STATISTICS 
  STORAGE(INITIAL 65536 NEXT 1048576 MINEXTENTS 1 MAXEXTENTS 2147483645
  PCTINCREASE 0 FREELISTS 1 FREELIST GROUPS 1 BUFFER_POOL DEFAULT)
  TABLESPACE "USERS" ;
--------------------------------------------------------
--  DDL for Index NN_DEPENDENT_EMPIDDEPID_PK
--------------------------------------------------------

  CREATE UNIQUE INDEX "NN_DEPENDENT_EMPIDDEPID_PK" ON "NN_DEPENDENT" ("EMPLOYEEID", "DEPENDENTID") 
  PCTFREE 10 INITRANS 2 MAXTRANS 255 COMPUTE STATISTICS 
  STORAGE(INITIAL 65536 NEXT 1048576 MINEXTENTS 1 MAXEXTENTS 2147483645
  PCTINCREASE 0 FREELISTS 1 FREELIST GROUPS 1 BUFFER_POOL DEFAULT)
  TABLESPACE "USERS" ;
--------------------------------------------------------
--  DDL for Index IU_CRSSECTION_PK
--------------------------------------------------------

  CREATE UNIQUE INDEX "IU_CRSSECTION_PK" ON "IU_CRSSECTION" ("CSID") 
  PCTFREE 10 INITRANS 2 MAXTRANS 255 COMPUTE STATISTICS 
  STORAGE(INITIAL 65536 NEXT 1048576 MINEXTENTS 1 MAXEXTENTS 2147483645
  PCTINCREASE 0 FREELISTS 1 FREELIST GROUPS 1 BUFFER_POOL DEFAULT)
  TABLESPACE "USERS" ;
--------------------------------------------------------
--  DDL for Index FACULTY_FACULTYID_PK
--------------------------------------------------------

  CREATE UNIQUE INDEX "FACULTY_FACULTYID_PK" ON "IU_FACULTY" ("FACULTYID") 
  PCTFREE 10 INITRANS 2 MAXTRANS 255 COMPUTE STATISTICS 
  STORAGE(INITIAL 65536 NEXT 1048576 MINEXTENTS 1 MAXEXTENTS 2147483645
  PCTINCREASE 0 FREELISTS 1 FREELIST GROUPS 1 BUFFER_POOL DEFAULT)
  TABLESPACE "USERS" ;
--------------------------------------------------------
--  DDL for Index SYS_C0047181
--------------------------------------------------------

  CREATE UNIQUE INDEX "SYS_C0047181" ON "IU_COURSE" ("TITLE") 
  PCTFREE 10 INITRANS 2 MAXTRANS 255 COMPUTE STATISTICS 
  STORAGE(INITIAL 65536 NEXT 1048576 MINEXTENTS 1 MAXEXTENTS 2147483645
  PCTINCREASE 0 FREELISTS 1 FREELIST GROUPS 1 BUFFER_POOL DEFAULT)
  TABLESPACE "USERS" ;
--------------------------------------------------------
--  DDL for Index IU_STUDENT_PK
--------------------------------------------------------

  CREATE UNIQUE INDEX "IU_STUDENT_PK" ON "IU_STUDENT" ("STUDENTID") 
  PCTFREE 10 INITRANS 2 MAXTRANS 255 COMPUTE STATISTICS 
  STORAGE(INITIAL 65536 NEXT 1048576 MINEXTENTS 1 MAXEXTENTS 2147483645
  PCTINCREASE 0 FREELISTS 1 FREELIST GROUPS 1 BUFFER_POOL DEFAULT)
  TABLESPACE "USERS" ;
--------------------------------------------------------
--  DDL for Index DEPARTMENT_DEPTID_PK
--------------------------------------------------------

  CREATE UNIQUE INDEX "DEPARTMENT_DEPTID_PK" ON "IU_DEPARTMENT" ("DEPTID") 
  PCTFREE 10 INITRANS 2 MAXTRANS 255 COMPUTE STATISTICS 
  STORAGE(INITIAL 65536 NEXT 1048576 MINEXTENTS 1 MAXEXTENTS 2147483645
  PCTINCREASE 0 FREELISTS 1 FREELIST GROUPS 1 BUFFER_POOL DEFAULT)
  TABLESPACE "USERS" ;
--------------------------------------------------------
--  Constraints for Table IU_FACULTY
--------------------------------------------------------

  ALTER TABLE "IU_FACULTY" ADD CONSTRAINT "FACULTY_FACULTYID_PK" PRIMARY KEY ("FACULTYID")
  USING INDEX PCTFREE 10 INITRANS 2 MAXTRANS 255 COMPUTE STATISTICS 
  STORAGE(INITIAL 65536 NEXT 1048576 MINEXTENTS 1 MAXEXTENTS 2147483645
  PCTINCREASE 0 FREELISTS 1 FREELIST GROUPS 1 BUFFER_POOL DEFAULT)
  TABLESPACE "USERS"  ENABLE;
 
  ALTER TABLE "IU_FACULTY" MODIFY ("NAME" NOT NULL ENABLE);
--------------------------------------------------------
--  Constraints for Table IU_DEPARTMENT
--------------------------------------------------------

  ALTER TABLE "IU_DEPARTMENT" ADD CONSTRAINT "DEPARTMENT_DEPTID_PK" PRIMARY KEY ("DEPTID")
  USING INDEX PCTFREE 10 INITRANS 2 MAXTRANS 255 COMPUTE STATISTICS 
  STORAGE(INITIAL 65536 NEXT 1048576 MINEXTENTS 1 MAXEXTENTS 2147483645
  PCTINCREASE 0 FREELISTS 1 FREELIST GROUPS 1 BUFFER_POOL DEFAULT)
  TABLESPACE "USERS"  ENABLE;
 
  ALTER TABLE "IU_DEPARTMENT" MODIFY ("DEPTNAME" NOT NULL ENABLE);
--------------------------------------------------------
--  Constraints for Table IU_ROOM
--------------------------------------------------------

  ALTER TABLE "IU_ROOM" ADD CONSTRAINT "ROOM_ROOMTYPE_PK" PRIMARY KEY ("ROOMTYPE")
  USING INDEX PCTFREE 10 INITRANS 2 MAXTRANS 255 COMPUTE STATISTICS 
  STORAGE(INITIAL 65536 NEXT 1048576 MINEXTENTS 1 MAXEXTENTS 2147483645
  PCTINCREASE 0 FREELISTS 1 FREELIST GROUPS 1 BUFFER_POOL DEFAULT)
  TABLESPACE "USERS"  ENABLE;
 
  ALTER TABLE "IU_ROOM" MODIFY ("ROOMDESC" NOT NULL ENABLE);
--------------------------------------------------------
--  Constraints for Table IU_LOCATION
--------------------------------------------------------

  ALTER TABLE "IU_LOCATION" ADD CONSTRAINT "LOCATION_ROOMID_PK" PRIMARY KEY ("ROOMID")
  USING INDEX PCTFREE 10 INITRANS 2 MAXTRANS 255 COMPUTE STATISTICS 
  STORAGE(INITIAL 65536 NEXT 1048576 MINEXTENTS 1 MAXEXTENTS 2147483645
  PCTINCREASE 0 FREELISTS 1 FREELIST GROUPS 1 BUFFER_POOL DEFAULT)
  TABLESPACE "USERS"  ENABLE;
 
  ALTER TABLE "IU_LOCATION" MODIFY ("BUILDING" NOT NULL ENABLE);
 
  ALTER TABLE "IU_LOCATION" MODIFY ("ROOMNO" NOT NULL ENABLE);
--------------------------------------------------------
--  Constraints for Table NN_DEPT
--------------------------------------------------------

  ALTER TABLE "NN_DEPT" ADD CONSTRAINT "NN_DEPT_DEPTID_PK" PRIMARY KEY ("DEPTID")
  USING INDEX PCTFREE 10 INITRANS 2 MAXTRANS 255 COMPUTE STATISTICS 
  STORAGE(INITIAL 65536 NEXT 1048576 MINEXTENTS 1 MAXEXTENTS 2147483645
  PCTINCREASE 0 FREELISTS 1 FREELIST GROUPS 1 BUFFER_POOL DEFAULT)
  TABLESPACE "USERS"  ENABLE;
 
  ALTER TABLE "NN_DEPT" MODIFY ("DEPTID" NOT NULL ENABLE);
 
  ALTER TABLE "NN_DEPT" MODIFY ("DEPTNAME" NOT NULL ENABLE);
--------------------------------------------------------
--  Constraints for Table IU_CRSSECTION
--------------------------------------------------------

  ALTER TABLE "IU_CRSSECTION" ADD CONSTRAINT "IU_CRSSECTION_PK" PRIMARY KEY ("CSID")
  USING INDEX PCTFREE 10 INITRANS 2 MAXTRANS 255 COMPUTE STATISTICS 
  STORAGE(INITIAL 65536 NEXT 1048576 MINEXTENTS 1 MAXEXTENTS 2147483645
  PCTINCREASE 0 FREELISTS 1 FREELIST GROUPS 1 BUFFER_POOL DEFAULT)
  TABLESPACE "USERS"  ENABLE;
 
  ALTER TABLE "IU_CRSSECTION" MODIFY ("COURSEID" NOT NULL ENABLE);
 
  ALTER TABLE "IU_CRSSECTION" MODIFY ("SECTION" NOT NULL ENABLE);
 
  ALTER TABLE "IU_CRSSECTION" MODIFY ("TERMID" NOT NULL ENABLE);
 
  ALTER TABLE "IU_CRSSECTION" MODIFY ("CSID" NOT NULL ENABLE);
--------------------------------------------------------
--  Constraints for Table IU_COURSE
--------------------------------------------------------

  ALTER TABLE "IU_COURSE" ADD CONSTRAINT "COURSE_COURSEID_PK" PRIMARY KEY ("COURSEID")
  USING INDEX PCTFREE 10 INITRANS 2 MAXTRANS 255 COMPUTE STATISTICS 
  STORAGE(INITIAL 65536 NEXT 1048576 MINEXTENTS 1 MAXEXTENTS 2147483645
  PCTINCREASE 0 FREELISTS 1 FREELIST GROUPS 1 BUFFER_POOL DEFAULT)
  TABLESPACE "USERS"  ENABLE;
 
  ALTER TABLE "IU_COURSE" ADD CONSTRAINT "IU_HOMEWORK_HOURS_CK" CHECK (homework_hours <= lecture_hours + lab_hours) ENABLE;
 
  ALTER TABLE "IU_COURSE" ADD UNIQUE ("TITLE")
  USING INDEX PCTFREE 10 INITRANS 2 MAXTRANS 255 COMPUTE STATISTICS 
  STORAGE(INITIAL 65536 NEXT 1048576 MINEXTENTS 1 MAXEXTENTS 2147483645
  PCTINCREASE 0 FREELISTS 1 FREELIST GROUPS 1 BUFFER_POOL DEFAULT)
  TABLESPACE "USERS"  ENABLE;
--------------------------------------------------------
--  Constraints for Table NN_EMPLEVEL
--------------------------------------------------------

  ALTER TABLE "NN_EMPLEVEL" ADD CONSTRAINT "NN_EMPLEVEL_LEVEL_PK" PRIMARY KEY ("LEVELNO")
  USING INDEX PCTFREE 10 INITRANS 2 MAXTRANS 255 COMPUTE STATISTICS 
  STORAGE(INITIAL 65536 NEXT 1048576 MINEXTENTS 1 MAXEXTENTS 2147483645
  PCTINCREASE 0 FREELISTS 1 FREELIST GROUPS 1 BUFFER_POOL DEFAULT)
  TABLESPACE "USERS"  ENABLE;
 
  ALTER TABLE "NN_EMPLEVEL" MODIFY ("LEVELNO" NOT NULL ENABLE);
 
  ALTER TABLE "NN_EMPLEVEL" MODIFY ("LOWSALARY" NOT NULL ENABLE);
 
  ALTER TABLE "NN_EMPLEVEL" MODIFY ("HIGHSALARY" NOT NULL ENABLE);
--------------------------------------------------------
--  Constraints for Table IU_MAJOR
--------------------------------------------------------

  ALTER TABLE "IU_MAJOR" ADD PRIMARY KEY ("MAJORID")
  USING INDEX PCTFREE 10 INITRANS 2 MAXTRANS 255 COMPUTE STATISTICS 
  STORAGE(INITIAL 65536 NEXT 1048576 MINEXTENTS 1 MAXEXTENTS 2147483645
  PCTINCREASE 0 FREELISTS 1 FREELIST GROUPS 1 BUFFER_POOL DEFAULT)
  TABLESPACE "USERS"  ENABLE;
--------------------------------------------------------
--  Constraints for Table NN_POSITION
--------------------------------------------------------

  ALTER TABLE "NN_POSITION" ADD CONSTRAINT "NN_POSITION_POSITIONID_PK" PRIMARY KEY ("POSITIONID")
  USING INDEX PCTFREE 10 INITRANS 2 MAXTRANS 255 COMPUTE STATISTICS 
  STORAGE(INITIAL 65536 NEXT 1048576 MINEXTENTS 1 MAXEXTENTS 2147483645
  PCTINCREASE 0 FREELISTS 1 FREELIST GROUPS 1 BUFFER_POOL DEFAULT)
  TABLESPACE "USERS"  ENABLE;
 
  ALTER TABLE "NN_POSITION" MODIFY ("POSITIONID" NOT NULL ENABLE);
 
  ALTER TABLE "NN_POSITION" MODIFY ("POSDESC" NOT NULL ENABLE);
--------------------------------------------------------
--  Constraints for Table IU_REGISTRATION
--------------------------------------------------------

  ALTER TABLE "IU_REGISTRATION" ADD CONSTRAINT "IU_REGISTRATION_PK" PRIMARY KEY ("STUDENTID", "CSID")
  USING INDEX PCTFREE 10 INITRANS 2 MAXTRANS 255 COMPUTE STATISTICS 
  STORAGE(INITIAL 65536 NEXT 1048576 MINEXTENTS 1 MAXEXTENTS 2147483645
  PCTINCREASE 0 FREELISTS 1 FREELIST GROUPS 1 BUFFER_POOL DEFAULT)
  TABLESPACE "USERS"  ENABLE;
--------------------------------------------------------
--  Constraints for Table NN_EMPLOYEE
--------------------------------------------------------

  ALTER TABLE "NN_EMPLOYEE" ADD CONSTRAINT "NN_EMPLOYEE_EMPLOYEEID_PK" PRIMARY KEY ("EMPLOYEEID")
  USING INDEX PCTFREE 10 INITRANS 2 MAXTRANS 255 COMPUTE STATISTICS 
  STORAGE(INITIAL 65536 NEXT 1048576 MINEXTENTS 1 MAXEXTENTS 2147483645
  PCTINCREASE 0 FREELISTS 1 FREELIST GROUPS 1 BUFFER_POOL DEFAULT)
  TABLESPACE "USERS"  ENABLE;
 
  ALTER TABLE "NN_EMPLOYEE" MODIFY ("LNAME" NOT NULL ENABLE);
 
  ALTER TABLE "NN_EMPLOYEE" MODIFY ("FNAME" NOT NULL ENABLE);
 
  ALTER TABLE "NN_EMPLOYEE" MODIFY ("DEPTID" NOT NULL ENABLE);
--------------------------------------------------------
--  Constraints for Table IU_STUDENT
--------------------------------------------------------

  ALTER TABLE "IU_STUDENT" ADD CONSTRAINT "IU_STUDENT_PK" PRIMARY KEY ("STUDENTID")
  USING INDEX PCTFREE 10 INITRANS 2 MAXTRANS 255 COMPUTE STATISTICS 
  STORAGE(INITIAL 65536 NEXT 1048576 MINEXTENTS 1 MAXEXTENTS 2147483645
  PCTINCREASE 0 FREELISTS 1 FREELIST GROUPS 1 BUFFER_POOL DEFAULT)
  TABLESPACE "USERS"  ENABLE;
 
  ALTER TABLE "IU_STUDENT" MODIFY ("LAST" NOT NULL ENABLE);
 
  ALTER TABLE "IU_STUDENT" MODIFY ("FIRST" NOT NULL ENABLE);
 
  ALTER TABLE "IU_STUDENT" MODIFY ("STUDENTID" NOT NULL ENABLE);
--------------------------------------------------------
--  Constraints for Table NN_DEPENDENT
--------------------------------------------------------

  ALTER TABLE "NN_DEPENDENT" ADD CONSTRAINT "NN_DEPENDENT_EMPIDDEPID_PK" PRIMARY KEY ("EMPLOYEEID", "DEPENDENTID")
  USING INDEX PCTFREE 10 INITRANS 2 MAXTRANS 255 COMPUTE STATISTICS 
  STORAGE(INITIAL 65536 NEXT 1048576 MINEXTENTS 1 MAXEXTENTS 2147483645
  PCTINCREASE 0 FREELISTS 1 FREELIST GROUPS 1 BUFFER_POOL DEFAULT)
  TABLESPACE "USERS"  ENABLE;
 
  ALTER TABLE "NN_DEPENDENT" MODIFY ("EMPLOYEEID" NOT NULL ENABLE);
 
  ALTER TABLE "NN_DEPENDENT" MODIFY ("DEPENDENTID" NOT NULL ENABLE);
--------------------------------------------------------
--  Constraints for Table NN_JOB_HISTORY
--------------------------------------------------------

  ALTER TABLE "NN_JOB_HISTORY" ADD CONSTRAINT "NN_JOBHISTORY_PK" PRIMARY KEY ("EMPLOYEEID", "STARTDATE")
  USING INDEX PCTFREE 10 INITRANS 2 MAXTRANS 255 COMPUTE STATISTICS 
  STORAGE(INITIAL 65536 NEXT 1048576 MINEXTENTS 1 MAXEXTENTS 2147483645
  PCTINCREASE 0 FREELISTS 1 FREELIST GROUPS 1 BUFFER_POOL DEFAULT)
  TABLESPACE "USERS"  ENABLE;
 
  ALTER TABLE "NN_JOB_HISTORY" ADD CONSTRAINT "NN_JOBHISTORY_SALARY_CHK" CHECK (SALARY BETWEEN 10000 AND 200000) ENABLE;
 
  ALTER TABLE "NN_JOB_HISTORY" MODIFY ("EMPLOYEEID" NOT NULL ENABLE);
 
  ALTER TABLE "NN_JOB_HISTORY" MODIFY ("DEPTID" NOT NULL ENABLE);
 
  ALTER TABLE "NN_JOB_HISTORY" MODIFY ("POSITIONID" NOT NULL ENABLE);
 
  ALTER TABLE "NN_JOB_HISTORY" MODIFY ("STARTDATE" NOT NULL ENABLE);
 
  ALTER TABLE "NN_JOB_HISTORY" MODIFY ("ENDDATE" NOT NULL ENABLE);
 
  ALTER TABLE "NN_JOB_HISTORY" MODIFY ("SALARY" NOT NULL ENABLE);
--------------------------------------------------------
--  Constraints for Table IU_TERM
--------------------------------------------------------

  ALTER TABLE "IU_TERM" ADD CONSTRAINT "TERM_STARTDATE_CK" CHECK (startdate < enddate) ENABLE;
 
  ALTER TABLE "IU_TERM" ADD CONSTRAINT "TERM_TERMID_PK" PRIMARY KEY ("TERMID")
  USING INDEX PCTFREE 10 INITRANS 2 MAXTRANS 255 COMPUTE STATISTICS 
  STORAGE(INITIAL 65536 NEXT 1048576 MINEXTENTS 1 MAXEXTENTS 2147483645
  PCTINCREASE 0 FREELISTS 1 FREELIST GROUPS 1 BUFFER_POOL DEFAULT)
  TABLESPACE "USERS"  ENABLE;
--------------------------------------------------------
--  Ref Constraints for Table IU_COURSE
--------------------------------------------------------

  ALTER TABLE "IU_COURSE" ADD CONSTRAINT "COURSE_PREREQ_FK" FOREIGN KEY ("PREREQ")
	  REFERENCES "IU_COURSE" ("COURSEID") ENABLE;
 
  ALTER TABLE "IU_COURSE" ADD CONSTRAINT "IU_COURSE_DEPARTMENT_FK" FOREIGN KEY ("DEPTID")
	  REFERENCES "IU_DEPARTMENT" ("DEPTID") ON DELETE CASCADE ENABLE;
--------------------------------------------------------
--  Ref Constraints for Table IU_CRSSECTION
--------------------------------------------------------

  ALTER TABLE "IU_CRSSECTION" ADD CONSTRAINT "IU_CRSSECTION_COURSEID_FK" FOREIGN KEY ("COURSEID")
	  REFERENCES "IU_COURSE" ("COURSEID") ENABLE;
 
  ALTER TABLE "IU_CRSSECTION" ADD CONSTRAINT "IU_CRSSECTION_FACULTYID_FK" FOREIGN KEY ("FACULTYID")
	  REFERENCES "IU_FACULTY" ("FACULTYID") ENABLE;
 
  ALTER TABLE "IU_CRSSECTION" ADD CONSTRAINT "IU_CRSSECTION_ROOMID_FK" FOREIGN KEY ("ROOMID")
	  REFERENCES "IU_LOCATION" ("ROOMID") ENABLE;
 
  ALTER TABLE "IU_CRSSECTION" ADD CONSTRAINT "IU_CRSSECTION_TERMID_FK" FOREIGN KEY ("TERMID")
	  REFERENCES "IU_TERM" ("TERMID") ENABLE;
--------------------------------------------------------
--  Ref Constraints for Table IU_DEPARTMENT
--------------------------------------------------------

  ALTER TABLE "IU_DEPARTMENT" ADD CONSTRAINT "IU_DEPARTMENT_FACULTYID_FK" FOREIGN KEY ("FACULTYID")
	  REFERENCES "IU_FACULTY" ("FACULTYID") ENABLE;
--------------------------------------------------------
--  Ref Constraints for Table IU_FACULTY
--------------------------------------------------------

  ALTER TABLE "IU_FACULTY" ADD CONSTRAINT "IU_FACULTY_DEPTID_FK" FOREIGN KEY ("DEPTID")
	  REFERENCES "IU_DEPARTMENT" ("DEPTID") ENABLE;
 
  ALTER TABLE "IU_FACULTY" ADD CONSTRAINT "IU_FACULTY_ROOMID_FK" FOREIGN KEY ("ROOMID")
	  REFERENCES "IU_LOCATION" ("ROOMID") ENABLE;
--------------------------------------------------------
--  Ref Constraints for Table IU_LOCATION
--------------------------------------------------------

  ALTER TABLE "IU_LOCATION" ADD CONSTRAINT "IU_LOCATION_ROOMTYPE_FK" FOREIGN KEY ("ROOMTYPE")
	  REFERENCES "IU_ROOM" ("ROOMTYPE") ENABLE;
--------------------------------------------------------
--  Ref Constraints for Table IU_REGISTRATION
--------------------------------------------------------

  ALTER TABLE "IU_REGISTRATION" ADD CONSTRAINT "IU_REGISTRATION_CRSSECTION_FK" FOREIGN KEY ("CSID")
	  REFERENCES "IU_CRSSECTION" ("CSID") ENABLE;
 
  ALTER TABLE "IU_REGISTRATION" ADD CONSTRAINT "IU_REGISTRATION_STUDENT_FK" FOREIGN KEY ("STUDENTID")
	  REFERENCES "IU_STUDENT" ("STUDENTID") ENABLE;
--------------------------------------------------------
--  Ref Constraints for Table IU_STUDENT
--------------------------------------------------------

  ALTER TABLE "IU_STUDENT" ADD CONSTRAINT "IU_STUDENT_FACULTYID_FK" FOREIGN KEY ("FACULTYID")
	  REFERENCES "IU_FACULTY" ("FACULTYID") ENABLE;
 
  ALTER TABLE "IU_STUDENT" ADD CONSTRAINT "IU_STUDENT_MAJORID_FK" FOREIGN KEY ("MAJORID")
	  REFERENCES "IU_MAJOR" ("MAJORID") ENABLE;
 
  ALTER TABLE "IU_STUDENT" ADD CONSTRAINT "IU_STUDENT_TERMID_FK" FOREIGN KEY ("STARTTERM")
	  REFERENCES "IU_TERM" ("TERMID") ENABLE;
--------------------------------------------------------
--  Ref Constraints for Table NN_DEPENDENT
--------------------------------------------------------

  ALTER TABLE "NN_DEPENDENT" ADD CONSTRAINT "NN_DEPENDENT_EMPLOYEEID_FK" FOREIGN KEY ("EMPLOYEEID")
	  REFERENCES "NN_EMPLOYEE" ("EMPLOYEEID") ENABLE;
--------------------------------------------------------
--  Ref Constraints for Table NN_EMPLOYEE
--------------------------------------------------------

  ALTER TABLE "NN_EMPLOYEE" ADD CONSTRAINT "NN_EMPLOYEE_DEPTID_FK" FOREIGN KEY ("DEPTID")
	  REFERENCES "NN_DEPT" ("DEPTID") ENABLE;
 
  ALTER TABLE "NN_EMPLOYEE" ADD CONSTRAINT "NN_EMPLOYEE_POSITIONID_FK" FOREIGN KEY ("POSITIONID")
	  REFERENCES "NN_POSITION" ("POSITIONID") ENABLE;
--------------------------------------------------------
--  Ref Constraints for Table NN_JOB_HISTORY
--------------------------------------------------------

  ALTER TABLE "NN_JOB_HISTORY" ADD CONSTRAINT "NN_JOBHISTORY_DEPT_FK" FOREIGN KEY ("DEPTID")
	  REFERENCES "NN_DEPT" ("DEPTID") ENABLE;
 
  ALTER TABLE "NN_JOB_HISTORY" ADD CONSTRAINT "NN_JOBHISTORY_EMPLOYEE_FK" FOREIGN KEY ("EMPLOYEEID")
	  REFERENCES "NN_EMPLOYEE" ("EMPLOYEEID") ON DELETE CASCADE ENABLE;
 
  ALTER TABLE "NN_JOB_HISTORY" ADD CONSTRAINT "NN_JOBHISTORY_POSITION_FK" FOREIGN KEY ("POSITIONID")
	  REFERENCES "NN_POSITION" ("POSITIONID") ENABLE;