--------------------------------------------------------
--  File created - Thursday-November-10-2016   
--------------------------------------------------------
DROP TABLE "PDUMARESQ"."HVK_CAT" cascade constraints;
DROP TABLE "PDUMARESQ"."HVK_CAT_SUITE" cascade constraints;
DROP TABLE "PDUMARESQ"."HVK_CAT_SUITE_TYPE" cascade constraints;
DROP TABLE "PDUMARESQ"."HVK_DAILY_RATE" cascade constraints;
DROP TABLE "PDUMARESQ"."HVK_DISCOUNT" cascade constraints;
DROP TABLE "PDUMARESQ"."HVK_DOG" cascade constraints;
DROP TABLE "PDUMARESQ"."HVK_FOOD" cascade constraints;
DROP TABLE "PDUMARESQ"."HVK_KENNEL_LOG" cascade constraints;
DROP TABLE "PDUMARESQ"."HVK_MEDICATION" cascade constraints;
DROP TABLE "PDUMARESQ"."HVK_OWNER" cascade constraints;
DROP TABLE "PDUMARESQ"."HVK_PET" cascade constraints;
DROP TABLE "PDUMARESQ"."HVK_PET_FOOD" cascade constraints;
DROP TABLE "PDUMARESQ"."HVK_PET_RESERVATION" cascade constraints;
DROP TABLE "PDUMARESQ"."HVK_PET_RESERVATION_DISCOUNT" cascade constraints;
DROP TABLE "PDUMARESQ"."HVK_PET_RESERVATION_SERVICE" cascade constraints;
DROP TABLE "PDUMARESQ"."HVK_PET_VACCINATION" cascade constraints;
DROP TABLE "PDUMARESQ"."HVK_RESERVATION" cascade constraints;
DROP TABLE "PDUMARESQ"."HVK_RESERVATION_DISCOUNT" cascade constraints;
DROP TABLE "PDUMARESQ"."HVK_RUN" cascade constraints;
DROP TABLE "PDUMARESQ"."HVK_SERVICE" cascade constraints;
DROP TABLE "PDUMARESQ"."HVK_SPECIAL_NOTES" cascade constraints;
DROP TABLE "PDUMARESQ"."HVK_VACCINATION" cascade constraints;
DROP TABLE "PDUMARESQ"."HVK_VETERINARIAN" cascade constraints;
DROP SEQUENCE "PDUMARESQ"."HVK_FOOD_SEQ";
--------------------------------------------------------
--  DDL for Sequence HVK_FOOD_SEQ
--------------------------------------------------------

   CREATE SEQUENCE  "PDUMARESQ"."HVK_FOOD_SEQ"  MINVALUE 1 MAXVALUE 999999999999999999999999999 INCREMENT BY 1 START WITH 50 CACHE 20 NOORDER  NOCYCLE ;
--------------------------------------------------------
--  DDL for Table HVK_CAT
--------------------------------------------------------

  CREATE TABLE "PDUMARESQ"."HVK_CAT" 
   (	"PET_PET_NUMBER" NUMBER(7,0), 
	"CAT_DECLAWED" CHAR(1 BYTE), 
	"CAT_INDOOR_OUTDOOR" CHAR(1 BYTE)
   ) PCTFREE 10 PCTUSED 40 INITRANS 1 MAXTRANS 255 NOCOMPRESS LOGGING
  STORAGE(INITIAL 65536 NEXT 1048576 MINEXTENTS 1 MAXEXTENTS 2147483645
  PCTINCREASE 0 FREELISTS 1 FREELIST GROUPS 1 BUFFER_POOL DEFAULT)
  TABLESPACE "SYSTEM" ;
--------------------------------------------------------
--  DDL for Table HVK_CAT_SUITE
--------------------------------------------------------

  CREATE TABLE "PDUMARESQ"."HVK_CAT_SUITE" 
   (	"CAT_SUITE_NUMBER" NUMBER(7,0), 
	"SUITE_STATUS" NUMBER DEFAULT 1, 
	"CST_CAT_SUITE_TYPE_NUMBER" NUMBER(7,0)
   ) PCTFREE 10 PCTUSED 40 INITRANS 1 MAXTRANS 255 NOCOMPRESS LOGGING
  STORAGE(INITIAL 65536 NEXT 1048576 MINEXTENTS 1 MAXEXTENTS 2147483645
  PCTINCREASE 0 FREELISTS 1 FREELIST GROUPS 1 BUFFER_POOL DEFAULT)
  TABLESPACE "SYSTEM" ;
--------------------------------------------------------
--  DDL for Table HVK_CAT_SUITE_TYPE
--------------------------------------------------------

  CREATE TABLE "PDUMARESQ"."HVK_CAT_SUITE_TYPE" 
   (	"CAT_SUITE_TYPE_NUMBER" NUMBER(7,0), 
	"CAT_SUITE_MAXIMUM_OCCUPANCY" NUMBER(1,0) DEFAULT 1, 
	"SUITE_DESCRIPTION" VARCHAR2(50 BYTE)
   ) PCTFREE 10 PCTUSED 40 INITRANS 1 MAXTRANS 255 NOCOMPRESS LOGGING
  STORAGE(INITIAL 65536 NEXT 1048576 MINEXTENTS 1 MAXEXTENTS 2147483645
  PCTINCREASE 0 FREELISTS 1 FREELIST GROUPS 1 BUFFER_POOL DEFAULT)
  TABLESPACE "SYSTEM" ;
--------------------------------------------------------
--  DDL for Table HVK_DAILY_RATE
--------------------------------------------------------

  CREATE TABLE "PDUMARESQ"."HVK_DAILY_RATE" 
   (	"DAILY_RATE_NUMBER" NUMBER(7,0), 
	"DAILY_RATE" NUMBER(5,2), 
	"DAILY_RATE_PET_TYPE" CHAR(1 BYTE), 
	"DAILY_RATE_DOG_SIZE" CHAR(1 BYTE), 
	"DAILY_RATE_NUMBER_OF_CATS" NUMBER(1,0) DEFAULT 1, 
	"SERV_SERVICE_NUMBER" NUMBER(7,0), 
	"CST_CAT_SUITE_TYPE_NUMBER" NUMBER(7,0)
   ) PCTFREE 10 PCTUSED 40 INITRANS 1 MAXTRANS 255 NOCOMPRESS LOGGING
  STORAGE(INITIAL 65536 NEXT 1048576 MINEXTENTS 1 MAXEXTENTS 2147483645
  PCTINCREASE 0 FREELISTS 1 FREELIST GROUPS 1 BUFFER_POOL DEFAULT)
  TABLESPACE "SYSTEM" ;
--------------------------------------------------------
--  DDL for Table HVK_DISCOUNT
--------------------------------------------------------

  CREATE TABLE "PDUMARESQ"."HVK_DISCOUNT" 
   (	"DISCOUNT_NUMBER" NUMBER(7,0), 
	"DISCOUNT_DESCRIPTION" VARCHAR2(50 BYTE), 
	"DISCOUNT_PERCENTAGE" NUMBER(3,2), 
	"DISCOUNT_TYPE" CHAR(1 BYTE) DEFAULT 'D'
   ) PCTFREE 10 PCTUSED 40 INITRANS 1 MAXTRANS 255 NOCOMPRESS LOGGING
  STORAGE(INITIAL 65536 NEXT 1048576 MINEXTENTS 1 MAXEXTENTS 2147483645
  PCTINCREASE 0 FREELISTS 1 FREELIST GROUPS 1 BUFFER_POOL DEFAULT)
  TABLESPACE "SYSTEM" ;
--------------------------------------------------------
--  DDL for Table HVK_DOG
--------------------------------------------------------

  CREATE TABLE "PDUMARESQ"."HVK_DOG" 
   (	"PET_PET_NUMBER" NUMBER(7,0), 
	"DOG_SIZE" CHAR(1 BYTE)
   ) PCTFREE 10 PCTUSED 40 INITRANS 1 MAXTRANS 255 NOCOMPRESS LOGGING
  STORAGE(INITIAL 65536 NEXT 1048576 MINEXTENTS 1 MAXEXTENTS 2147483645
  PCTINCREASE 0 FREELISTS 1 FREELIST GROUPS 1 BUFFER_POOL DEFAULT)
  TABLESPACE "SYSTEM" ;
--------------------------------------------------------
--  DDL for Table HVK_FOOD
--------------------------------------------------------

  CREATE TABLE "PDUMARESQ"."HVK_FOOD" 
   (	"FOOD_NUMBER" NUMBER(7,0), 
	"FOOD_BRAND" VARCHAR2(50 BYTE), 
	"FOOD_VARIETY" VARCHAR2(100 BYTE), 
	"FOOD_PET_TYPE" CHAR(1 BYTE)
   ) PCTFREE 10 PCTUSED 40 INITRANS 1 MAXTRANS 255 NOCOMPRESS LOGGING
  STORAGE(INITIAL 65536 NEXT 1048576 MINEXTENTS 1 MAXEXTENTS 2147483645
  PCTINCREASE 0 FREELISTS 1 FREELIST GROUPS 1 BUFFER_POOL DEFAULT)
  TABLESPACE "SYSTEM" ;
--------------------------------------------------------
--  DDL for Table HVK_KENNEL_LOG
--------------------------------------------------------

  CREATE TABLE "PDUMARESQ"."HVK_KENNEL_LOG" 
   (	"KENNEL_LOG_DATE" DATE, 
	"KENNEL_LOG_SEQUENCE_NUMBER" NUMBER DEFAULT 1, 
	"KENNEL_LOG_NOTES" VARCHAR2(200 BYTE), 
	"PR_PET_RES_NUMBER" NUMBER(7,0), 
	"KENNEL_LOG_VIDEO" BLOB
   ) PCTFREE 10 PCTUSED 40 INITRANS 1 MAXTRANS 255 NOCOMPRESS LOGGING
  STORAGE(INITIAL 65536 NEXT 1048576 MINEXTENTS 1 MAXEXTENTS 2147483645
  PCTINCREASE 0 FREELISTS 1 FREELIST GROUPS 1 BUFFER_POOL DEFAULT)
  TABLESPACE "SYSTEM" 
 LOB ("KENNEL_LOG_VIDEO") STORE AS (
  TABLESPACE "SYSTEM" ENABLE STORAGE IN ROW CHUNK 8192 PCTVERSION 10
  NOCACHE LOGGING 
  STORAGE(INITIAL 65536 NEXT 1048576 MINEXTENTS 1 MAXEXTENTS 2147483645
  PCTINCREASE 0 FREELISTS 1 FREELIST GROUPS 1 BUFFER_POOL DEFAULT)) ;
 

   COMMENT ON COLUMN "PDUMARESQ"."HVK_KENNEL_LOG"."KENNEL_LOG_SEQUENCE_NUMBER" IS 'Sequence number defaults to 1 and allows for more than 1 kennel log entry in a day. ';
--------------------------------------------------------
--  DDL for Table HVK_MEDICATION
--------------------------------------------------------

  CREATE TABLE "PDUMARESQ"."HVK_MEDICATION" 
   (	"MEDICATION_NUMBER" NUMBER(7,0), 
	"MEDICATION_NAME" VARCHAR2(50 BYTE), 
	"MEDICATION_DOSAGE" VARCHAR2(50 BYTE), 
	"MEDICATION_SPECIAL_INSTRUCT" VARCHAR2(50 BYTE), 
	"MEDICATION_END_DATE" DATE, 
	"PR_PET_RES_NUMBER" NUMBER(7,0)
   ) PCTFREE 10 PCTUSED 40 INITRANS 1 MAXTRANS 255 NOCOMPRESS LOGGING
  STORAGE(INITIAL 65536 NEXT 1048576 MINEXTENTS 1 MAXEXTENTS 2147483645
  PCTINCREASE 0 FREELISTS 1 FREELIST GROUPS 1 BUFFER_POOL DEFAULT)
  TABLESPACE "SYSTEM" ;
--------------------------------------------------------
--  DDL for Table HVK_OWNER
--------------------------------------------------------

  CREATE TABLE "PDUMARESQ"."HVK_OWNER" 
   (	"OWNER_NUMBER" NUMBER(7,0), 
	"OWNER_FIRST_NAME" VARCHAR2(25 BYTE), 
	"OWNER_LAST_NAME" VARCHAR2(25 BYTE), 
	"OWNER_STREET" VARCHAR2(40 BYTE), 
	"OWNER_CITY" VARCHAR2(25 BYTE), 
	"OWNER_PROVINCE" CHAR(2 BYTE) DEFAULT 'QC', 
	"OWNER_POSTAL_CODE" CHAR(6 BYTE), 
	"OWNER_PHONE" CHAR(10 BYTE), 
	"OWNER_EMAIL" VARCHAR2(50 BYTE), 
	"EMERGENCY_CONTACT_FIRST_NAME" VARCHAR2(25 BYTE), 
	"EMERGENCY_CONTACT_LAST_NAME" VARCHAR2(25 BYTE), 
	"EMERGENCY_CONTACT_PHONE" CHAR(10 BYTE)
   ) PCTFREE 10 PCTUSED 40 INITRANS 1 MAXTRANS 255 NOCOMPRESS LOGGING
  STORAGE(INITIAL 65536 NEXT 1048576 MINEXTENTS 1 MAXEXTENTS 2147483645
  PCTINCREASE 0 FREELISTS 1 FREELIST GROUPS 1 BUFFER_POOL DEFAULT)
  TABLESPACE "SYSTEM" ;
--------------------------------------------------------
--  DDL for Table HVK_PET
--------------------------------------------------------

  CREATE TABLE "PDUMARESQ"."HVK_PET" 
   (	"PET_NUMBER" NUMBER(7,0), 
	"PET_NAME" VARCHAR2(25 BYTE), 
	"PET_GENDER" CHAR(1 BYTE), 
	"PET_FIXED" CHAR(1 BYTE), 
	"PET_BREED" VARCHAR2(50 BYTE), 
	"PET_BIRTHDATE" DATE, 
	"OWN_OWNER_NUMBER" NUMBER(7,0), 
	"VET_VET_NUMBER" NUMBER(7,0), 
	"PET_PICTURE" BLOB
   ) PCTFREE 10 PCTUSED 40 INITRANS 1 MAXTRANS 255 NOCOMPRESS LOGGING
  STORAGE(INITIAL 65536 NEXT 1048576 MINEXTENTS 1 MAXEXTENTS 2147483645
  PCTINCREASE 0 FREELISTS 1 FREELIST GROUPS 1 BUFFER_POOL DEFAULT)
  TABLESPACE "SYSTEM" 
 LOB ("PET_PICTURE") STORE AS (
  TABLESPACE "SYSTEM" ENABLE STORAGE IN ROW CHUNK 8192 PCTVERSION 10
  NOCACHE LOGGING 
  STORAGE(INITIAL 65536 NEXT 1048576 MINEXTENTS 1 MAXEXTENTS 2147483645
  PCTINCREASE 0 FREELISTS 1 FREELIST GROUPS 1 BUFFER_POOL DEFAULT)) ;
--------------------------------------------------------
--  DDL for Table HVK_PET_FOOD
--------------------------------------------------------

  CREATE TABLE "PDUMARESQ"."HVK_PET_FOOD" 
   (	"PET_FOOD_FREQUENCY" NUMBER DEFAULT 1, 
	"PET_FOOD_QUANTITY" VARCHAR2(50 BYTE), 
	"PR_PET_RES_NUMBER" NUMBER(7,0), 
	"FOOD_FOOD_NUMBER" NUMBER(7,0)
   ) PCTFREE 10 PCTUSED 40 INITRANS 1 MAXTRANS 255 NOCOMPRESS LOGGING
  STORAGE(INITIAL 65536 NEXT 1048576 MINEXTENTS 1 MAXEXTENTS 2147483645
  PCTINCREASE 0 FREELISTS 1 FREELIST GROUPS 1 BUFFER_POOL DEFAULT)
  TABLESPACE "SYSTEM" ;
--------------------------------------------------------
--  DDL for Table HVK_PET_RESERVATION
--------------------------------------------------------

  CREATE TABLE "PDUMARESQ"."HVK_PET_RESERVATION" 
   (	"PET_RES_NUMBER" NUMBER(7,0), 
	"PET_PET_NUMBER" NUMBER(7,0), 
	"RES_RESERVATION_NUMBER" NUMBER(7,0), 
	"RUN_RUN_NUMBER" NUMBER(7,0), 
	"CS_CAT_SUITE_NUMBER" NUMBER(7,0), 
	"PR_SHARING_WITH" NUMBER(7,0)
   ) PCTFREE 10 PCTUSED 40 INITRANS 1 MAXTRANS 255 NOCOMPRESS LOGGING
  STORAGE(INITIAL 65536 NEXT 1048576 MINEXTENTS 1 MAXEXTENTS 2147483645
  PCTINCREASE 0 FREELISTS 1 FREELIST GROUPS 1 BUFFER_POOL DEFAULT)
  TABLESPACE "SYSTEM" ;
--------------------------------------------------------
--  DDL for Table HVK_PET_RESERVATION_DISCOUNT
--------------------------------------------------------

  CREATE TABLE "PDUMARESQ"."HVK_PET_RESERVATION_DISCOUNT" 
   (	"DISC_DISCOUNT_NUMBER" NUMBER(7,0), 
	"PR_PET_RES_NUMBER" NUMBER(7,0)
   ) PCTFREE 10 PCTUSED 40 INITRANS 1 MAXTRANS 255 NOCOMPRESS LOGGING
  STORAGE(INITIAL 65536 NEXT 1048576 MINEXTENTS 1 MAXEXTENTS 2147483645
  PCTINCREASE 0 FREELISTS 1 FREELIST GROUPS 1 BUFFER_POOL DEFAULT)
  TABLESPACE "SYSTEM" ;
--------------------------------------------------------
--  DDL for Table HVK_PET_RESERVATION_SERVICE
--------------------------------------------------------

  CREATE TABLE "PDUMARESQ"."HVK_PET_RESERVATION_SERVICE" 
   (	"SERVICE_FREQUENCY" NUMBER(2,0), 
	"PR_PET_RES_NUMBER" NUMBER(7,0), 
	"SERV_SERVICE_NUMBER" NUMBER(7,0)
   ) PCTFREE 10 PCTUSED 40 INITRANS 1 MAXTRANS 255 NOCOMPRESS LOGGING
  STORAGE(INITIAL 65536 NEXT 1048576 MINEXTENTS 1 MAXEXTENTS 2147483645
  PCTINCREASE 0 FREELISTS 1 FREELIST GROUPS 1 BUFFER_POOL DEFAULT)
  TABLESPACE "SYSTEM" ;
--------------------------------------------------------
--  DDL for Table HVK_PET_VACCINATION
--------------------------------------------------------

  CREATE TABLE "PDUMARESQ"."HVK_PET_VACCINATION" 
   (	"VACCINATION_EXPIRY_DATE" DATE, 
	"VACC_VACCINATION_NUMBER" NUMBER(7,0), 
	"PET_PET_NUMBER" NUMBER(7,0)
   ) PCTFREE 10 PCTUSED 40 INITRANS 1 MAXTRANS 255 NOCOMPRESS LOGGING
  STORAGE(INITIAL 65536 NEXT 1048576 MINEXTENTS 1 MAXEXTENTS 2147483645
  PCTINCREASE 0 FREELISTS 1 FREELIST GROUPS 1 BUFFER_POOL DEFAULT)
  TABLESPACE "SYSTEM" ;
--------------------------------------------------------
--  DDL for Table HVK_RESERVATION
--------------------------------------------------------

  CREATE TABLE "PDUMARESQ"."HVK_RESERVATION" 
   (	"RESERVATION_NUMBER" NUMBER(7,0), 
	"RESERVATION_START_DATE" DATE, 
	"RESERVATION_END_DATE" DATE, 
	"RESERVATION_STATUS" NUMBER(1,0) DEFAULT 1
   ) PCTFREE 10 PCTUSED 40 INITRANS 1 MAXTRANS 255 NOCOMPRESS LOGGING
  STORAGE(INITIAL 65536 NEXT 1048576 MINEXTENTS 1 MAXEXTENTS 2147483645
  PCTINCREASE 0 FREELISTS 1 FREELIST GROUPS 1 BUFFER_POOL DEFAULT)
  TABLESPACE "SYSTEM" ;
--------------------------------------------------------
--  DDL for Table HVK_RESERVATION_DISCOUNT
--------------------------------------------------------

  CREATE TABLE "PDUMARESQ"."HVK_RESERVATION_DISCOUNT" 
   (	"DISC_DISCOUNT_NUMBER" NUMBER(7,0), 
	"RES_RESERVATION_NUMBER" NUMBER(7,0)
   ) PCTFREE 10 PCTUSED 40 INITRANS 1 MAXTRANS 255 NOCOMPRESS LOGGING
  STORAGE(INITIAL 65536 NEXT 1048576 MINEXTENTS 1 MAXEXTENTS 2147483645
  PCTINCREASE 0 FREELISTS 1 FREELIST GROUPS 1 BUFFER_POOL DEFAULT)
  TABLESPACE "SYSTEM" ;
--------------------------------------------------------
--  DDL for Table HVK_RUN
--------------------------------------------------------

  CREATE TABLE "PDUMARESQ"."HVK_RUN" 
   (	"RUN_NUMBER" NUMBER(7,0), 
	"RUN_SIZE" CHAR(1 BYTE) DEFAULT 'R', 
	"RUN_COVERED" CHAR(1 BYTE), 
	"RUN_LOCATION" CHAR(1 BYTE), 
	"RUN_STATUS" NUMBER(1,0) DEFAULT 1
   ) PCTFREE 10 PCTUSED 40 INITRANS 1 MAXTRANS 255 NOCOMPRESS LOGGING
  STORAGE(INITIAL 65536 NEXT 1048576 MINEXTENTS 1 MAXEXTENTS 2147483645
  PCTINCREASE 0 FREELISTS 1 FREELIST GROUPS 1 BUFFER_POOL DEFAULT)
  TABLESPACE "SYSTEM" ;
--------------------------------------------------------
--  DDL for Table HVK_SERVICE
--------------------------------------------------------

  CREATE TABLE "PDUMARESQ"."HVK_SERVICE" 
   (	"SERVICE_NUMBER" NUMBER(7,0), 
	"SERVICE_DESCRIPTION" VARCHAR2(50 BYTE)
   ) PCTFREE 10 PCTUSED 40 INITRANS 1 MAXTRANS 255 NOCOMPRESS LOGGING
  STORAGE(INITIAL 65536 NEXT 1048576 MINEXTENTS 1 MAXEXTENTS 2147483645
  PCTINCREASE 0 FREELISTS 1 FREELIST GROUPS 1 BUFFER_POOL DEFAULT)
  TABLESPACE "SYSTEM" ;
--------------------------------------------------------
--  DDL for Table HVK_SPECIAL_NOTES
--------------------------------------------------------

  CREATE TABLE "PDUMARESQ"."HVK_SPECIAL_NOTES" 
   (	"SPECIAL_NOTES" VARCHAR2(200 BYTE), 
	"PET_PET_NUMBER" NUMBER(7,0)
   ) PCTFREE 10 PCTUSED 40 INITRANS 1 MAXTRANS 255 NOCOMPRESS LOGGING
  STORAGE(INITIAL 65536 NEXT 1048576 MINEXTENTS 1 MAXEXTENTS 2147483645
  PCTINCREASE 0 FREELISTS 1 FREELIST GROUPS 1 BUFFER_POOL DEFAULT)
  TABLESPACE "SYSTEM" ;
--------------------------------------------------------
--  DDL for Table HVK_VACCINATION
--------------------------------------------------------

  CREATE TABLE "PDUMARESQ"."HVK_VACCINATION" 
   (	"VACCINATION_NUMBER" NUMBER(7,0), 
	"VACCINATION_PET_TYPE" CHAR(1 BYTE), 
	"VACCINATION_NAME" VARCHAR2(50 BYTE)
   ) PCTFREE 10 PCTUSED 40 INITRANS 1 MAXTRANS 255 NOCOMPRESS LOGGING
  STORAGE(INITIAL 65536 NEXT 1048576 MINEXTENTS 1 MAXEXTENTS 2147483645
  PCTINCREASE 0 FREELISTS 1 FREELIST GROUPS 1 BUFFER_POOL DEFAULT)
  TABLESPACE "SYSTEM" ;
--------------------------------------------------------
--  DDL for Table HVK_VETERINARIAN
--------------------------------------------------------

  CREATE TABLE "PDUMARESQ"."HVK_VETERINARIAN" 
   (	"VET_NUMBER" NUMBER(7,0), 
	"VET_NAME" VARCHAR2(50 BYTE), 
	"VET_PHONE" CHAR(10 BYTE), 
	"VET_STREET" VARCHAR2(40 BYTE), 
	"VET_CITY" VARCHAR2(25 BYTE), 
	"VET_PROVINCE" CHAR(2 BYTE) DEFAULT 'QC', 
	"VET_POSTAL_CODE" CHAR(6 BYTE)
   ) PCTFREE 10 PCTUSED 40 INITRANS 1 MAXTRANS 255 NOCOMPRESS LOGGING
  STORAGE(INITIAL 65536 NEXT 1048576 MINEXTENTS 1 MAXEXTENTS 2147483645
  PCTINCREASE 0 FREELISTS 1 FREELIST GROUPS 1 BUFFER_POOL DEFAULT)
  TABLESPACE "SYSTEM" ;
 

   COMMENT ON COLUMN "PDUMARESQ"."HVK_VETERINARIAN"."VET_NAME" IS 'Name of pet''s veterinarian or the veterinarian clinic name';
REM INSERTING into PDUMARESQ.HVK_CAT
SET DEFINE OFF;
Insert into PDUMARESQ.HVK_CAT (PET_PET_NUMBER,CAT_DECLAWED,CAT_INDOOR_OUTDOOR) values (4,'F','T');
Insert into PDUMARESQ.HVK_CAT (PET_PET_NUMBER,CAT_DECLAWED,CAT_INDOOR_OUTDOOR) values (5,'F','F');
Insert into PDUMARESQ.HVK_CAT (PET_PET_NUMBER,CAT_DECLAWED,CAT_INDOOR_OUTDOOR) values (8,'F','F');
Insert into PDUMARESQ.HVK_CAT (PET_PET_NUMBER,CAT_DECLAWED,CAT_INDOOR_OUTDOOR) values (36,'F','T');
Insert into PDUMARESQ.HVK_CAT (PET_PET_NUMBER,CAT_DECLAWED,CAT_INDOOR_OUTDOOR) values (37,'F','T');
Insert into PDUMARESQ.HVK_CAT (PET_PET_NUMBER,CAT_DECLAWED,CAT_INDOOR_OUTDOOR) values (38,'T','T');
REM INSERTING into PDUMARESQ.HVK_CAT_SUITE
SET DEFINE OFF;
Insert into PDUMARESQ.HVK_CAT_SUITE (CAT_SUITE_NUMBER,SUITE_STATUS,CST_CAT_SUITE_TYPE_NUMBER) values (1,1,1);
Insert into PDUMARESQ.HVK_CAT_SUITE (CAT_SUITE_NUMBER,SUITE_STATUS,CST_CAT_SUITE_TYPE_NUMBER) values (2,1,2);
Insert into PDUMARESQ.HVK_CAT_SUITE (CAT_SUITE_NUMBER,SUITE_STATUS,CST_CAT_SUITE_TYPE_NUMBER) values (3,1,3);
REM INSERTING into PDUMARESQ.HVK_CAT_SUITE_TYPE
SET DEFINE OFF;
Insert into PDUMARESQ.HVK_CAT_SUITE_TYPE (CAT_SUITE_TYPE_NUMBER,CAT_SUITE_MAXIMUM_OCCUPANCY,SUITE_DESCRIPTION) values (1,1,'Regular');
Insert into PDUMARESQ.HVK_CAT_SUITE_TYPE (CAT_SUITE_TYPE_NUMBER,CAT_SUITE_MAXIMUM_OCCUPANCY,SUITE_DESCRIPTION) values (2,1,'Semi-Luxury');
Insert into PDUMARESQ.HVK_CAT_SUITE_TYPE (CAT_SUITE_TYPE_NUMBER,CAT_SUITE_MAXIMUM_OCCUPANCY,SUITE_DESCRIPTION) values (3,2,'Luxury');
REM INSERTING into PDUMARESQ.HVK_DAILY_RATE
SET DEFINE OFF;
Insert into PDUMARESQ.HVK_DAILY_RATE (DAILY_RATE_NUMBER,DAILY_RATE,DAILY_RATE_PET_TYPE,DAILY_RATE_DOG_SIZE,DAILY_RATE_NUMBER_OF_CATS,SERV_SERVICE_NUMBER,CST_CAT_SUITE_TYPE_NUMBER) values (1,10,'D','S',null,1,null);
Insert into PDUMARESQ.HVK_DAILY_RATE (DAILY_RATE_NUMBER,DAILY_RATE,DAILY_RATE_PET_TYPE,DAILY_RATE_DOG_SIZE,DAILY_RATE_NUMBER_OF_CATS,SERV_SERVICE_NUMBER,CST_CAT_SUITE_TYPE_NUMBER) values (2,11,'D','M',null,1,null);
Insert into PDUMARESQ.HVK_DAILY_RATE (DAILY_RATE_NUMBER,DAILY_RATE,DAILY_RATE_PET_TYPE,DAILY_RATE_DOG_SIZE,DAILY_RATE_NUMBER_OF_CATS,SERV_SERVICE_NUMBER,CST_CAT_SUITE_TYPE_NUMBER) values (3,12,'D','L',null,1,null);
Insert into PDUMARESQ.HVK_DAILY_RATE (DAILY_RATE_NUMBER,DAILY_RATE,DAILY_RATE_PET_TYPE,DAILY_RATE_DOG_SIZE,DAILY_RATE_NUMBER_OF_CATS,SERV_SERVICE_NUMBER,CST_CAT_SUITE_TYPE_NUMBER) values (4,2,'D','S',null,2,null);
Insert into PDUMARESQ.HVK_DAILY_RATE (DAILY_RATE_NUMBER,DAILY_RATE,DAILY_RATE_PET_TYPE,DAILY_RATE_DOG_SIZE,DAILY_RATE_NUMBER_OF_CATS,SERV_SERVICE_NUMBER,CST_CAT_SUITE_TYPE_NUMBER) values (5,3,'D','M',null,2,null);
Insert into PDUMARESQ.HVK_DAILY_RATE (DAILY_RATE_NUMBER,DAILY_RATE,DAILY_RATE_PET_TYPE,DAILY_RATE_DOG_SIZE,DAILY_RATE_NUMBER_OF_CATS,SERV_SERVICE_NUMBER,CST_CAT_SUITE_TYPE_NUMBER) values (6,4,'D','L',null,2,null);
Insert into PDUMARESQ.HVK_DAILY_RATE (DAILY_RATE_NUMBER,DAILY_RATE,DAILY_RATE_PET_TYPE,DAILY_RATE_DOG_SIZE,DAILY_RATE_NUMBER_OF_CATS,SERV_SERVICE_NUMBER,CST_CAT_SUITE_TYPE_NUMBER) values (7,2,'D','S',null,3,null);
Insert into PDUMARESQ.HVK_DAILY_RATE (DAILY_RATE_NUMBER,DAILY_RATE,DAILY_RATE_PET_TYPE,DAILY_RATE_DOG_SIZE,DAILY_RATE_NUMBER_OF_CATS,SERV_SERVICE_NUMBER,CST_CAT_SUITE_TYPE_NUMBER) values (8,3,'D','M',null,3,null);
Insert into PDUMARESQ.HVK_DAILY_RATE (DAILY_RATE_NUMBER,DAILY_RATE,DAILY_RATE_PET_TYPE,DAILY_RATE_DOG_SIZE,DAILY_RATE_NUMBER_OF_CATS,SERV_SERVICE_NUMBER,CST_CAT_SUITE_TYPE_NUMBER) values (9,4,'D','L',null,3,null);
Insert into PDUMARESQ.HVK_DAILY_RATE (DAILY_RATE_NUMBER,DAILY_RATE,DAILY_RATE_PET_TYPE,DAILY_RATE_DOG_SIZE,DAILY_RATE_NUMBER_OF_CATS,SERV_SERVICE_NUMBER,CST_CAT_SUITE_TYPE_NUMBER) values (10,2,'D',null,null,5,null);
Insert into PDUMARESQ.HVK_DAILY_RATE (DAILY_RATE_NUMBER,DAILY_RATE,DAILY_RATE_PET_TYPE,DAILY_RATE_DOG_SIZE,DAILY_RATE_NUMBER_OF_CATS,SERV_SERVICE_NUMBER,CST_CAT_SUITE_TYPE_NUMBER) values (11,1,'D',null,null,4,null);
Insert into PDUMARESQ.HVK_DAILY_RATE (DAILY_RATE_NUMBER,DAILY_RATE,DAILY_RATE_PET_TYPE,DAILY_RATE_DOG_SIZE,DAILY_RATE_NUMBER_OF_CATS,SERV_SERVICE_NUMBER,CST_CAT_SUITE_TYPE_NUMBER) values (12,10,'C',null,1,1,1);
Insert into PDUMARESQ.HVK_DAILY_RATE (DAILY_RATE_NUMBER,DAILY_RATE,DAILY_RATE_PET_TYPE,DAILY_RATE_DOG_SIZE,DAILY_RATE_NUMBER_OF_CATS,SERV_SERVICE_NUMBER,CST_CAT_SUITE_TYPE_NUMBER) values (13,11,'C',null,1,1,2);
Insert into PDUMARESQ.HVK_DAILY_RATE (DAILY_RATE_NUMBER,DAILY_RATE,DAILY_RATE_PET_TYPE,DAILY_RATE_DOG_SIZE,DAILY_RATE_NUMBER_OF_CATS,SERV_SERVICE_NUMBER,CST_CAT_SUITE_TYPE_NUMBER) values (14,12,'C',null,1,1,3);
Insert into PDUMARESQ.HVK_DAILY_RATE (DAILY_RATE_NUMBER,DAILY_RATE,DAILY_RATE_PET_TYPE,DAILY_RATE_DOG_SIZE,DAILY_RATE_NUMBER_OF_CATS,SERV_SERVICE_NUMBER,CST_CAT_SUITE_TYPE_NUMBER) values (15,20,'C',null,2,1,3);
Insert into PDUMARESQ.HVK_DAILY_RATE (DAILY_RATE_NUMBER,DAILY_RATE,DAILY_RATE_PET_TYPE,DAILY_RATE_DOG_SIZE,DAILY_RATE_NUMBER_OF_CATS,SERV_SERVICE_NUMBER,CST_CAT_SUITE_TYPE_NUMBER) values (16,2,'C',null,null,6,null);
Insert into PDUMARESQ.HVK_DAILY_RATE (DAILY_RATE_NUMBER,DAILY_RATE,DAILY_RATE_PET_TYPE,DAILY_RATE_DOG_SIZE,DAILY_RATE_NUMBER_OF_CATS,SERV_SERVICE_NUMBER,CST_CAT_SUITE_TYPE_NUMBER) values (17,2,'C',null,null,3,null);
Insert into PDUMARESQ.HVK_DAILY_RATE (DAILY_RATE_NUMBER,DAILY_RATE,DAILY_RATE_PET_TYPE,DAILY_RATE_DOG_SIZE,DAILY_RATE_NUMBER_OF_CATS,SERV_SERVICE_NUMBER,CST_CAT_SUITE_TYPE_NUMBER) values (18,2,'C',null,null,4,null);
REM INSERTING into PDUMARESQ.HVK_DISCOUNT
SET DEFINE OFF;
Insert into PDUMARESQ.HVK_DISCOUNT (DISCOUNT_NUMBER,DISCOUNT_DESCRIPTION,DISCOUNT_PERCENTAGE,DISCOUNT_TYPE) values (1,'Shared Run',0.1,'D');
Insert into PDUMARESQ.HVK_DISCOUNT (DISCOUNT_NUMBER,DISCOUNT_DESCRIPTION,DISCOUNT_PERCENTAGE,DISCOUNT_TYPE) values (2,'Multiple Pets',0.07,'T');
Insert into PDUMARESQ.HVK_DISCOUNT (DISCOUNT_NUMBER,DISCOUNT_DESCRIPTION,DISCOUNT_PERCENTAGE,DISCOUNT_TYPE) values (3,'Own Food',0.1,'D');
REM INSERTING into PDUMARESQ.HVK_DOG
SET DEFINE OFF;
Insert into PDUMARESQ.HVK_DOG (PET_PET_NUMBER,DOG_SIZE) values (33,'L');
Insert into PDUMARESQ.HVK_DOG (PET_PET_NUMBER,DOG_SIZE) values (34,'M');
Insert into PDUMARESQ.HVK_DOG (PET_PET_NUMBER,DOG_SIZE) values (35,'S');
Insert into PDUMARESQ.HVK_DOG (PET_PET_NUMBER,DOG_SIZE) values (13,'L');
Insert into PDUMARESQ.HVK_DOG (PET_PET_NUMBER,DOG_SIZE) values (14,'S');
Insert into PDUMARESQ.HVK_DOG (PET_PET_NUMBER,DOG_SIZE) values (9,'M');
Insert into PDUMARESQ.HVK_DOG (PET_PET_NUMBER,DOG_SIZE) values (10,'S');
Insert into PDUMARESQ.HVK_DOG (PET_PET_NUMBER,DOG_SIZE) values (11,'L');
Insert into PDUMARESQ.HVK_DOG (PET_PET_NUMBER,DOG_SIZE) values (12,'L');
Insert into PDUMARESQ.HVK_DOG (PET_PET_NUMBER,DOG_SIZE) values (1,'S');
Insert into PDUMARESQ.HVK_DOG (PET_PET_NUMBER,DOG_SIZE) values (2,'M');
Insert into PDUMARESQ.HVK_DOG (PET_PET_NUMBER,DOG_SIZE) values (3,'L');
Insert into PDUMARESQ.HVK_DOG (PET_PET_NUMBER,DOG_SIZE) values (6,'M');
Insert into PDUMARESQ.HVK_DOG (PET_PET_NUMBER,DOG_SIZE) values (7,'S');
Insert into PDUMARESQ.HVK_DOG (PET_PET_NUMBER,DOG_SIZE) values (16,'L');
Insert into PDUMARESQ.HVK_DOG (PET_PET_NUMBER,DOG_SIZE) values (20,'S');
Insert into PDUMARESQ.HVK_DOG (PET_PET_NUMBER,DOG_SIZE) values (26,'S');
Insert into PDUMARESQ.HVK_DOG (PET_PET_NUMBER,DOG_SIZE) values (27,'S');
Insert into PDUMARESQ.HVK_DOG (PET_PET_NUMBER,DOG_SIZE) values (28,'S');
Insert into PDUMARESQ.HVK_DOG (PET_PET_NUMBER,DOG_SIZE) values (29,'L');
Insert into PDUMARESQ.HVK_DOG (PET_PET_NUMBER,DOG_SIZE) values (30,'L');
Insert into PDUMARESQ.HVK_DOG (PET_PET_NUMBER,DOG_SIZE) values (31,'L');
Insert into PDUMARESQ.HVK_DOG (PET_PET_NUMBER,DOG_SIZE) values (32,'M');
REM INSERTING into PDUMARESQ.HVK_FOOD
SET DEFINE OFF;
Insert into PDUMARESQ.HVK_FOOD (FOOD_NUMBER,FOOD_BRAND,FOOD_VARIETY,FOOD_PET_TYPE) values (1,'Iams','Mini Chunks','D');
Insert into PDUMARESQ.HVK_FOOD (FOOD_NUMBER,FOOD_BRAND,FOOD_VARIETY,FOOD_PET_TYPE) values (2,'Iams','Large Dog','D');
Insert into PDUMARESQ.HVK_FOOD (FOOD_NUMBER,FOOD_BRAND,FOOD_VARIETY,FOOD_PET_TYPE) values (3,'Iams','Weight Control','D');
Insert into PDUMARESQ.HVK_FOOD (FOOD_NUMBER,FOOD_BRAND,FOOD_VARIETY,FOOD_PET_TYPE) values (4,'Iams','Beef and Rice Formula','D');
Insert into PDUMARESQ.HVK_FOOD (FOOD_NUMBER,FOOD_BRAND,FOOD_VARIETY,FOOD_PET_TYPE) values (5,'President''s Choice','Xtra Meaty Chicken and Rice','D');
Insert into PDUMARESQ.HVK_FOOD (FOOD_NUMBER,FOOD_BRAND,FOOD_VARIETY,FOOD_PET_TYPE) values (6,'President''s Choice','Xtra Meaty Lamb and Rice','D');
Insert into PDUMARESQ.HVK_FOOD (FOOD_NUMBER,FOOD_BRAND,FOOD_VARIETY,FOOD_PET_TYPE) values (7,'Purina','Dog Chow','D');
Insert into PDUMARESQ.HVK_FOOD (FOOD_NUMBER,FOOD_BRAND,FOOD_VARIETY,FOOD_PET_TYPE) values (11,'Science Diet','Allergy Formula','D');
Insert into PDUMARESQ.HVK_FOOD (FOOD_NUMBER,FOOD_BRAND,FOOD_VARIETY,FOOD_PET_TYPE) values (13,'Own Food',null,'D');
Insert into PDUMARESQ.HVK_FOOD (FOOD_NUMBER,FOOD_BRAND,FOOD_VARIETY,FOOD_PET_TYPE) values (14,'Pedigree','Choice Cuts in Sauce Country Stew','D');
Insert into PDUMARESQ.HVK_FOOD (FOOD_NUMBER,FOOD_BRAND,FOOD_VARIETY,FOOD_PET_TYPE) values (15,'Purina','Moist Meaty Burger with Cheddar Cheese Burger with Cheddar Cheese','D');
Insert into PDUMARESQ.HVK_FOOD (FOOD_NUMBER,FOOD_BRAND,FOOD_VARIETY,FOOD_PET_TYPE) values (8,'Purina Fancy Feast','Grilled Chicken Feast','C');
Insert into PDUMARESQ.HVK_FOOD (FOOD_NUMBER,FOOD_BRAND,FOOD_VARIETY,FOOD_PET_TYPE) values (9,'Fromm','Weight Control','C');
Insert into PDUMARESQ.HVK_FOOD (FOOD_NUMBER,FOOD_BRAND,FOOD_VARIETY,FOOD_PET_TYPE) values (10,'Purina','Cat Chow','C');
Insert into PDUMARESQ.HVK_FOOD (FOOD_NUMBER,FOOD_BRAND,FOOD_VARIETY,FOOD_PET_TYPE) values (12,'Fromm','Salmon ? La Veg','C');
REM INSERTING into PDUMARESQ.HVK_KENNEL_LOG
SET DEFINE OFF;
REM INSERTING into PDUMARESQ.HVK_MEDICATION
SET DEFINE OFF;
Insert into PDUMARESQ.HVK_MEDICATION (MEDICATION_NUMBER,MEDICATION_NAME,MEDICATION_DOSAGE,MEDICATION_SPECIAL_INSTRUCT,MEDICATION_END_DATE,PR_PET_RES_NUMBER) values (2,'Tapzole','1/2 tablet once daily',null,null,264);
Insert into PDUMARESQ.HVK_MEDICATION (MEDICATION_NUMBER,MEDICATION_NAME,MEDICATION_DOSAGE,MEDICATION_SPECIAL_INSTRUCT,MEDICATION_END_DATE,PR_PET_RES_NUMBER) values (4,'Medicam','36 kg',null,null,240);
Insert into PDUMARESQ.HVK_MEDICATION (MEDICATION_NUMBER,MEDICATION_NAME,MEDICATION_DOSAGE,MEDICATION_SPECIAL_INSTRUCT,MEDICATION_END_DATE,PR_PET_RES_NUMBER) values (3,'Prednisone','1 tablet twice daily',null,null,287);
Insert into PDUMARESQ.HVK_MEDICATION (MEDICATION_NUMBER,MEDICATION_NAME,MEDICATION_DOSAGE,MEDICATION_SPECIAL_INSTRUCT,MEDICATION_END_DATE,PR_PET_RES_NUMBER) values (1,'Prednisone','1 tablet twice daily',null,null,300);
Insert into PDUMARESQ.HVK_MEDICATION (MEDICATION_NUMBER,MEDICATION_NAME,MEDICATION_DOSAGE,MEDICATION_SPECIAL_INSTRUCT,MEDICATION_END_DATE,PR_PET_RES_NUMBER) values (5,'Hyper-thyroid pills','1 pill every morning',null,null,308);
Insert into PDUMARESQ.HVK_MEDICATION (MEDICATION_NUMBER,MEDICATION_NAME,MEDICATION_DOSAGE,MEDICATION_SPECIAL_INSTRUCT,MEDICATION_END_DATE,PR_PET_RES_NUMBER) values (6,'Hyper-thyroid pills','1 pill every morning',null,null,311);
Insert into PDUMARESQ.HVK_MEDICATION (MEDICATION_NUMBER,MEDICATION_NAME,MEDICATION_DOSAGE,MEDICATION_SPECIAL_INSTRUCT,MEDICATION_END_DATE,PR_PET_RES_NUMBER) values (7,'Revolution','once on January 1',null,null,310);
Insert into PDUMARESQ.HVK_MEDICATION (MEDICATION_NUMBER,MEDICATION_NAME,MEDICATION_DOSAGE,MEDICATION_SPECIAL_INSTRUCT,MEDICATION_END_DATE,PR_PET_RES_NUMBER) values (8,'Revolution','Once on January 1',null,null,311);
REM INSERTING into PDUMARESQ.HVK_OWNER
SET DEFINE OFF;
Insert into PDUMARESQ.HVK_OWNER (OWNER_NUMBER,OWNER_FIRST_NAME,OWNER_LAST_NAME,OWNER_STREET,OWNER_CITY,OWNER_PROVINCE,OWNER_POSTAL_CODE,OWNER_PHONE,OWNER_EMAIL,EMERGENCY_CONTACT_FIRST_NAME,EMERGENCY_CONTACT_LAST_NAME,EMERGENCY_CONTACT_PHONE) values (18,'Barb B.','Que','18 Sequel Row','Gatineau','QC','J8A1V3','8195554215','bque@gmail.com',null,null,null);
Insert into PDUMARESQ.HVK_OWNER (OWNER_NUMBER,OWNER_FIRST_NAME,OWNER_LAST_NAME,OWNER_STREET,OWNER_CITY,OWNER_PROVINCE,OWNER_POSTAL_CODE,OWNER_PHONE,OWNER_EMAIL,EMERGENCY_CONTACT_FIRST_NAME,EMERGENCY_CONTACT_LAST_NAME,EMERGENCY_CONTACT_PHONE) values (19,'Chester','Drawers',null,null,null,null,'8191234876','cdrawers@gmail.com',null,null,null);
Insert into PDUMARESQ.HVK_OWNER (OWNER_NUMBER,OWNER_FIRST_NAME,OWNER_LAST_NAME,OWNER_STREET,OWNER_CITY,OWNER_PROVINCE,OWNER_POSTAL_CODE,OWNER_PHONE,OWNER_EMAIL,EMERGENCY_CONTACT_FIRST_NAME,EMERGENCY_CONTACT_LAST_NAME,EMERGENCY_CONTACT_PHONE) values (20,'Anita','Alibi',null,null,null,null,'8191224876','aalibi@gmail.com',null,null,null);
Insert into PDUMARESQ.HVK_OWNER (OWNER_NUMBER,OWNER_FIRST_NAME,OWNER_LAST_NAME,OWNER_STREET,OWNER_CITY,OWNER_PROVINCE,OWNER_POSTAL_CODE,OWNER_PHONE,OWNER_EMAIL,EMERGENCY_CONTACT_FIRST_NAME,EMERGENCY_CONTACT_LAST_NAME,EMERGENCY_CONTACT_PHONE) values (8,'Amanda','Linn','23 Java Road','Gatineau','QC','J8Y6T5','8195552233','alinn@gmail.com',null,null,null);
Insert into PDUMARESQ.HVK_OWNER (OWNER_NUMBER,OWNER_FIRST_NAME,OWNER_LAST_NAME,OWNER_STREET,OWNER_CITY,OWNER_PROVINCE,OWNER_POSTAL_CODE,OWNER_PHONE,OWNER_EMAIL,EMERGENCY_CONTACT_FIRST_NAME,EMERGENCY_CONTACT_LAST_NAME,EMERGENCY_CONTACT_PHONE) values (6,'Jeff','Summers','62 Adams','Maniwaki','QC','J8Y8T3','8195551843','jsummers@gmail.com',null,null,null);
Insert into PDUMARESQ.HVK_OWNER (OWNER_NUMBER,OWNER_FIRST_NAME,OWNER_LAST_NAME,OWNER_STREET,OWNER_CITY,OWNER_PROVINCE,OWNER_POSTAL_CODE,OWNER_PHONE,OWNER_EMAIL,EMERGENCY_CONTACT_FIRST_NAME,EMERGENCY_CONTACT_LAST_NAME,EMERGENCY_CONTACT_PHONE) values (7,'Peter','Piper','107 Main','Gatineau','QC','J8Y6T3','8195554543','ppiper@gmail.com',null,null,null);
Insert into PDUMARESQ.HVK_OWNER (OWNER_NUMBER,OWNER_FIRST_NAME,OWNER_LAST_NAME,OWNER_STREET,OWNER_CITY,OWNER_PROVINCE,OWNER_POSTAL_CODE,OWNER_PHONE,OWNER_EMAIL,EMERGENCY_CONTACT_FIRST_NAME,EMERGENCY_CONTACT_LAST_NAME,EMERGENCY_CONTACT_PHONE) values (1,'Jane','Smith','202 Poodle Path','Gatineau','QC','J8A1R2','8195551111','jsmith@gmail.com',null,null,null);
Insert into PDUMARESQ.HVK_OWNER (OWNER_NUMBER,OWNER_FIRST_NAME,OWNER_LAST_NAME,OWNER_STREET,OWNER_CITY,OWNER_PROVINCE,OWNER_POSTAL_CODE,OWNER_PHONE,OWNER_EMAIL,EMERGENCY_CONTACT_FIRST_NAME,EMERGENCY_CONTACT_LAST_NAME,EMERGENCY_CONTACT_PHONE) values (2,'Mike','O''Phone','74 Benton','Gatineau','QC','J8Y6T3','8195552222','mophone@gmail.com',null,null,null);
Insert into PDUMARESQ.HVK_OWNER (OWNER_NUMBER,OWNER_FIRST_NAME,OWNER_LAST_NAME,OWNER_STREET,OWNER_CITY,OWNER_PROVINCE,OWNER_POSTAL_CODE,OWNER_PHONE,OWNER_EMAIL,EMERGENCY_CONTACT_FIRST_NAME,EMERGENCY_CONTACT_LAST_NAME,EMERGENCY_CONTACT_PHONE) values (3,'Dwight','Wong','384 Garten','Ottawa','ON','K8Y6T3','8195555222','dwong@gmail.com',null,null,null);
Insert into PDUMARESQ.HVK_OWNER (OWNER_NUMBER,OWNER_FIRST_NAME,OWNER_LAST_NAME,OWNER_STREET,OWNER_CITY,OWNER_PROVINCE,OWNER_POSTAL_CODE,OWNER_PHONE,OWNER_EMAIL,EMERGENCY_CONTACT_FIRST_NAME,EMERGENCY_CONTACT_LAST_NAME,EMERGENCY_CONTACT_PHONE) values (4,'Mahatma','Coate','1 Golfview','Ottawa','ON','K8Y6T3','8195559843','mcoate@gmail.com',null,null,null);
Insert into PDUMARESQ.HVK_OWNER (OWNER_NUMBER,OWNER_FIRST_NAME,OWNER_LAST_NAME,OWNER_STREET,OWNER_CITY,OWNER_PROVINCE,OWNER_POSTAL_CODE,OWNER_PHONE,OWNER_EMAIL,EMERGENCY_CONTACT_FIRST_NAME,EMERGENCY_CONTACT_LAST_NAME,EMERGENCY_CONTACT_PHONE) values (5,'Sue','Metu','3 Riverview','Ottawa','ON','K8Y6T3','8195556699','smetu@gmail.com',null,null,null);
Insert into PDUMARESQ.HVK_OWNER (OWNER_NUMBER,OWNER_FIRST_NAME,OWNER_LAST_NAME,OWNER_STREET,OWNER_CITY,OWNER_PROVINCE,OWNER_POSTAL_CODE,OWNER_PHONE,OWNER_EMAIL,EMERGENCY_CONTACT_FIRST_NAME,EMERGENCY_CONTACT_LAST_NAME,EMERGENCY_CONTACT_PHONE) values (10,'April','Showers',null,null,null,null,'8195558765','ashowers@gmail.com',null,null,null);
Insert into PDUMARESQ.HVK_OWNER (OWNER_NUMBER,OWNER_FIRST_NAME,OWNER_LAST_NAME,OWNER_STREET,OWNER_CITY,OWNER_PROVINCE,OWNER_POSTAL_CODE,OWNER_PHONE,OWNER_EMAIL,EMERGENCY_CONTACT_FIRST_NAME,EMERGENCY_CONTACT_LAST_NAME,EMERGENCY_CONTACT_PHONE) values (11,'Salton','Pepper',null,null,null,null,'8195555571','spepper@gmail.com',null,null,null);
Insert into PDUMARESQ.HVK_OWNER (OWNER_NUMBER,OWNER_FIRST_NAME,OWNER_LAST_NAME,OWNER_STREET,OWNER_CITY,OWNER_PROVINCE,OWNER_POSTAL_CODE,OWNER_PHONE,OWNER_EMAIL,EMERGENCY_CONTACT_FIRST_NAME,EMERGENCY_CONTACT_LAST_NAME,EMERGENCY_CONTACT_PHONE) values (12,'Ella','Mentary',null,null,null,null,'8195551839','ementary@gmail.com',null,null,null);
Insert into PDUMARESQ.HVK_OWNER (OWNER_NUMBER,OWNER_FIRST_NAME,OWNER_LAST_NAME,OWNER_STREET,OWNER_CITY,OWNER_PROVINCE,OWNER_POSTAL_CODE,OWNER_PHONE,OWNER_EMAIL,EMERGENCY_CONTACT_FIRST_NAME,EMERGENCY_CONTACT_LAST_NAME,EMERGENCY_CONTACT_PHONE) values (13,'Sam','Ovar',null,null,null,'W2W2W2','8195551652','sovar@gmail.com',null,null,null);
Insert into PDUMARESQ.HVK_OWNER (OWNER_NUMBER,OWNER_FIRST_NAME,OWNER_LAST_NAME,OWNER_STREET,OWNER_CITY,OWNER_PROVINCE,OWNER_POSTAL_CODE,OWNER_PHONE,OWNER_EMAIL,EMERGENCY_CONTACT_FIRST_NAME,EMERGENCY_CONTACT_LAST_NAME,EMERGENCY_CONTACT_PHONE) values (14,'Carrie','Mehome',null,null,null,null,'8195551232','cmehome@gmail.com',null,null,null);
Insert into PDUMARESQ.HVK_OWNER (OWNER_NUMBER,OWNER_FIRST_NAME,OWNER_LAST_NAME,OWNER_STREET,OWNER_CITY,OWNER_PROVINCE,OWNER_POSTAL_CODE,OWNER_PHONE,OWNER_EMAIL,EMERGENCY_CONTACT_FIRST_NAME,EMERGENCY_CONTACT_LAST_NAME,EMERGENCY_CONTACT_PHONE) values (15,'Bayo','Wolfe',null,null,null,null,'8195565832','bwolfe@gmail.com',null,null,null);
Insert into PDUMARESQ.HVK_OWNER (OWNER_NUMBER,OWNER_FIRST_NAME,OWNER_LAST_NAME,OWNER_STREET,OWNER_CITY,OWNER_PROVINCE,OWNER_POSTAL_CODE,OWNER_PHONE,OWNER_EMAIL,EMERGENCY_CONTACT_FIRST_NAME,EMERGENCY_CONTACT_LAST_NAME,EMERGENCY_CONTACT_PHONE) values (16,'Moe','Bilhome',null,null,null,null,'8195575332','mbilhome@gmail.com',null,null,null);
Insert into PDUMARESQ.HVK_OWNER (OWNER_NUMBER,OWNER_FIRST_NAME,OWNER_LAST_NAME,OWNER_STREET,OWNER_CITY,OWNER_PROVINCE,OWNER_POSTAL_CODE,OWNER_PHONE,OWNER_EMAIL,EMERGENCY_CONTACT_FIRST_NAME,EMERGENCY_CONTACT_LAST_NAME,EMERGENCY_CONTACT_PHONE) values (17,'Polly','Morfek',null,null,null,null,'8195575332','pmorfek@gmail.com',null,null,null);
REM INSERTING into PDUMARESQ.HVK_PET
SET DEFINE OFF;
Insert into PDUMARESQ.HVK_PET (PET_NUMBER,PET_NAME,PET_GENDER,PET_FIXED,PET_BREED,PET_BIRTHDATE,OWN_OWNER_NUMBER,VET_VET_NUMBER) values (33,'Willie','M','T','Great Pyrenees',to_date('08-04-15','RR-MM-DD'),18,2);
Insert into PDUMARESQ.HVK_PET (PET_NUMBER,PET_NAME,PET_GENDER,PET_FIXED,PET_BREED,PET_BIRTHDATE,OWN_OWNER_NUMBER,VET_VET_NUMBER) values (34,'Aurora','F','T','Beagle',to_date('08-08-20','RR-MM-DD'),19,1);
Insert into PDUMARESQ.HVK_PET (PET_NUMBER,PET_NAME,PET_GENDER,PET_FIXED,PET_BREED,PET_BIRTHDATE,OWN_OWNER_NUMBER,VET_VET_NUMBER) values (35,'Bella','F','T','Chihuahua',to_date('07-05-21','RR-MM-DD'),20,1);
Insert into PDUMARESQ.HVK_PET (PET_NUMBER,PET_NAME,PET_GENDER,PET_FIXED,PET_BREED,PET_BIRTHDATE,OWN_OWNER_NUMBER,VET_VET_NUMBER) values (14,'Grizzlie','F','T','Shi Tzu',to_date('06-05-04','RR-MM-DD'),8,1);
Insert into PDUMARESQ.HVK_PET (PET_NUMBER,PET_NAME,PET_GENDER,PET_FIXED,PET_BREED,PET_BIRTHDATE,OWN_OWNER_NUMBER,VET_VET_NUMBER) values (9,'Parker','M','T','Shepherd Mix',null,6,null);
Insert into PDUMARESQ.HVK_PET (PET_NUMBER,PET_NAME,PET_GENDER,PET_FIXED,PET_BREED,PET_BIRTHDATE,OWN_OWNER_NUMBER,VET_VET_NUMBER) values (10,'Pete','M','T','Tibetan Spanial - Sheltie',null,7,2);
Insert into PDUMARESQ.HVK_PET (PET_NUMBER,PET_NAME,PET_GENDER,PET_FIXED,PET_BREED,PET_BIRTHDATE,OWN_OWNER_NUMBER,VET_VET_NUMBER) values (11,'Max','M','T','Samoyed',null,7,2);
Insert into PDUMARESQ.HVK_PET (PET_NUMBER,PET_NAME,PET_GENDER,PET_FIXED,PET_BREED,PET_BIRTHDATE,OWN_OWNER_NUMBER,VET_VET_NUMBER) values (12,'Kitoo','F','T','Samoyed',null,7,2);
Insert into PDUMARESQ.HVK_PET (PET_NUMBER,PET_NAME,PET_GENDER,PET_FIXED,PET_BREED,PET_BIRTHDATE,OWN_OWNER_NUMBER,VET_VET_NUMBER) values (1,'Scrabble','F','T','Llassapoo',null,1,1);
Insert into PDUMARESQ.HVK_PET (PET_NUMBER,PET_NAME,PET_GENDER,PET_FIXED,PET_BREED,PET_BIRTHDATE,OWN_OWNER_NUMBER,VET_VET_NUMBER) values (2,'Archie','F','T','Standard Poodle',null,1,1);
Insert into PDUMARESQ.HVK_PET (PET_NUMBER,PET_NAME,PET_GENDER,PET_FIXED,PET_BREED,PET_BIRTHDATE,OWN_OWNER_NUMBER,VET_VET_NUMBER) values (3,'Jasper','M','T','Black Lab',to_date('05-04-04','RR-MM-DD'),2,1);
Insert into PDUMARESQ.HVK_PET (PET_NUMBER,PET_NAME,PET_GENDER,PET_FIXED,PET_BREED,PET_BIRTHDATE,OWN_OWNER_NUMBER,VET_VET_NUMBER) values (6,'Huxley','M','T','Standard Poodle',to_date('06-09-20','RR-MM-DD'),2,2);
Insert into PDUMARESQ.HVK_PET (PET_NUMBER,PET_NAME,PET_GENDER,PET_FIXED,PET_BREED,PET_BIRTHDATE,OWN_OWNER_NUMBER,VET_VET_NUMBER) values (7,'Charlie','M','T','Jack Russell Terrier',null,4,2);
Insert into PDUMARESQ.HVK_PET (PET_NUMBER,PET_NAME,PET_GENDER,PET_FIXED,PET_BREED,PET_BIRTHDATE,OWN_OWNER_NUMBER,VET_VET_NUMBER) values (16,'Maggie','F','F','Golden Retriever',to_date('05-03-02','RR-MM-DD'),10,1);
Insert into PDUMARESQ.HVK_PET (PET_NUMBER,PET_NAME,PET_GENDER,PET_FIXED,PET_BREED,PET_BIRTHDATE,OWN_OWNER_NUMBER,VET_VET_NUMBER) values (26,'Skarpa','F','F',null,null,15,null);
Insert into PDUMARESQ.HVK_PET (PET_NUMBER,PET_NAME,PET_GENDER,PET_FIXED,PET_BREED,PET_BIRTHDATE,OWN_OWNER_NUMBER,VET_VET_NUMBER) values (27,'Bothvar','M','F',null,null,15,null);
Insert into PDUMARESQ.HVK_PET (PET_NUMBER,PET_NAME,PET_GENDER,PET_FIXED,PET_BREED,PET_BIRTHDATE,OWN_OWNER_NUMBER,VET_VET_NUMBER) values (28,'Foxfire','F','F',null,null,15,null);
Insert into PDUMARESQ.HVK_PET (PET_NUMBER,PET_NAME,PET_GENDER,PET_FIXED,PET_BREED,PET_BIRTHDATE,OWN_OWNER_NUMBER,VET_VET_NUMBER) values (29,'Shaboo','F','F',null,null,16,null);
Insert into PDUMARESQ.HVK_PET (PET_NUMBER,PET_NAME,PET_GENDER,PET_FIXED,PET_BREED,PET_BIRTHDATE,OWN_OWNER_NUMBER,VET_VET_NUMBER) values (30,'Suki','F','F',null,null,17,null);
Insert into PDUMARESQ.HVK_PET (PET_NUMBER,PET_NAME,PET_GENDER,PET_FIXED,PET_BREED,PET_BIRTHDATE,OWN_OWNER_NUMBER,VET_VET_NUMBER) values (31,'Sam','M','F',null,null,17,null);
Insert into PDUMARESQ.HVK_PET (PET_NUMBER,PET_NAME,PET_GENDER,PET_FIXED,PET_BREED,PET_BIRTHDATE,OWN_OWNER_NUMBER,VET_VET_NUMBER) values (32,'Snoop Dogg','M','F',null,null,17,null);
Insert into PDUMARESQ.HVK_PET (PET_NUMBER,PET_NAME,PET_GENDER,PET_FIXED,PET_BREED,PET_BIRTHDATE,OWN_OWNER_NUMBER,VET_VET_NUMBER) values (4,'Tess','F','F','DSH',null,2,null);
Insert into PDUMARESQ.HVK_PET (PET_NUMBER,PET_NAME,PET_GENDER,PET_FIXED,PET_BREED,PET_BIRTHDATE,OWN_OWNER_NUMBER,VET_VET_NUMBER) values (5,'Tripod','F','F','DSH',null,2,1);
Insert into PDUMARESQ.HVK_PET (PET_NUMBER,PET_NAME,PET_GENDER,PET_FIXED,PET_BREED,PET_BIRTHDATE,OWN_OWNER_NUMBER,VET_VET_NUMBER) values (8,'Chloe','F','F','DSH',null,5,2);
Insert into PDUMARESQ.HVK_PET (PET_NUMBER,PET_NAME,PET_GENDER,PET_FIXED,PET_BREED,PET_BIRTHDATE,OWN_OWNER_NUMBER,VET_VET_NUMBER) values (36,'Max','M','T','DSH',null,3,1);
Insert into PDUMARESQ.HVK_PET (PET_NUMBER,PET_NAME,PET_GENDER,PET_FIXED,PET_BREED,PET_BIRTHDATE,OWN_OWNER_NUMBER,VET_VET_NUMBER) values (37,'Howard','M','T','DSH',null,4,1);
Insert into PDUMARESQ.HVK_PET (PET_NUMBER,PET_NAME,PET_GENDER,PET_FIXED,PET_BREED,PET_BIRTHDATE,OWN_OWNER_NUMBER,VET_VET_NUMBER) values (38,'Noah','M','T','DSH',null,4,1);
Insert into PDUMARESQ.HVK_PET (PET_NUMBER,PET_NAME,PET_GENDER,PET_FIXED,PET_BREED,PET_BIRTHDATE,OWN_OWNER_NUMBER,VET_VET_NUMBER) values (13,'Logan','M','T','Bernese Mountain Dog',to_date('01-10-20','RR-MM-DD'),3,2);
Insert into PDUMARESQ.HVK_PET (PET_NUMBER,PET_NAME,PET_GENDER,PET_FIXED,PET_BREED,PET_BIRTHDATE,OWN_OWNER_NUMBER,VET_VET_NUMBER) values (20,'Poppy','F','F','Jack Russell Terrier',to_date('02-05-21','RR-MM-DD'),12,1);
REM INSERTING into PDUMARESQ.HVK_PET_FOOD
SET DEFINE OFF;
Insert into PDUMARESQ.HVK_PET_FOOD (PET_FOOD_FREQUENCY,PET_FOOD_QUANTITY,PR_PET_RES_NUMBER,FOOD_FOOD_NUMBER) values (1,null,204,1);
Insert into PDUMARESQ.HVK_PET_FOOD (PET_FOOD_FREQUENCY,PET_FOOD_QUANTITY,PR_PET_RES_NUMBER,FOOD_FOOD_NUMBER) values (1,null,205,1);
Insert into PDUMARESQ.HVK_PET_FOOD (PET_FOOD_FREQUENCY,PET_FOOD_QUANTITY,PR_PET_RES_NUMBER,FOOD_FOOD_NUMBER) values (1,null,206,1);
Insert into PDUMARESQ.HVK_PET_FOOD (PET_FOOD_FREQUENCY,PET_FOOD_QUANTITY,PR_PET_RES_NUMBER,FOOD_FOOD_NUMBER) values (2,'.25',287,11);
Insert into PDUMARESQ.HVK_PET_FOOD (PET_FOOD_FREQUENCY,PET_FOOD_QUANTITY,PR_PET_RES_NUMBER,FOOD_FOOD_NUMBER) values (1,'.25 cup',286,11);
Insert into PDUMARESQ.HVK_PET_FOOD (PET_FOOD_FREQUENCY,PET_FOOD_QUANTITY,PR_PET_RES_NUMBER,FOOD_FOOD_NUMBER) values (1,'1 cup',219,2);
Insert into PDUMARESQ.HVK_PET_FOOD (PET_FOOD_FREQUENCY,PET_FOOD_QUANTITY,PR_PET_RES_NUMBER,FOOD_FOOD_NUMBER) values (1,'.25 cup',288,1);
Insert into PDUMARESQ.HVK_PET_FOOD (PET_FOOD_FREQUENCY,PET_FOOD_QUANTITY,PR_PET_RES_NUMBER,FOOD_FOOD_NUMBER) values (1,'.25 cup',289,1);
Insert into PDUMARESQ.HVK_PET_FOOD (PET_FOOD_FREQUENCY,PET_FOOD_QUANTITY,PR_PET_RES_NUMBER,FOOD_FOOD_NUMBER) values (1,'1 cup',292,2);
Insert into PDUMARESQ.HVK_PET_FOOD (PET_FOOD_FREQUENCY,PET_FOOD_QUANTITY,PR_PET_RES_NUMBER,FOOD_FOOD_NUMBER) values (1,'.5 cup',293,15);
Insert into PDUMARESQ.HVK_PET_FOOD (PET_FOOD_FREQUENCY,PET_FOOD_QUANTITY,PR_PET_RES_NUMBER,FOOD_FOOD_NUMBER) values (1,'1 cup',294,2);
Insert into PDUMARESQ.HVK_PET_FOOD (PET_FOOD_FREQUENCY,PET_FOOD_QUANTITY,PR_PET_RES_NUMBER,FOOD_FOOD_NUMBER) values (1,'1 cup',295,2);
Insert into PDUMARESQ.HVK_PET_FOOD (PET_FOOD_FREQUENCY,PET_FOOD_QUANTITY,PR_PET_RES_NUMBER,FOOD_FOOD_NUMBER) values (1,'1,5',223,2);
Insert into PDUMARESQ.HVK_PET_FOOD (PET_FOOD_FREQUENCY,PET_FOOD_QUANTITY,PR_PET_RES_NUMBER,FOOD_FOOD_NUMBER) values (2,'.5',224,13);
Insert into PDUMARESQ.HVK_PET_FOOD (PET_FOOD_FREQUENCY,PET_FOOD_QUANTITY,PR_PET_RES_NUMBER,FOOD_FOOD_NUMBER) values (1,'1',225,5);
Insert into PDUMARESQ.HVK_PET_FOOD (PET_FOOD_FREQUENCY,PET_FOOD_QUANTITY,PR_PET_RES_NUMBER,FOOD_FOOD_NUMBER) values (1,'1',226,15);
Insert into PDUMARESQ.HVK_PET_FOOD (PET_FOOD_FREQUENCY,PET_FOOD_QUANTITY,PR_PET_RES_NUMBER,FOOD_FOOD_NUMBER) values (1,'.25',227,5);
Insert into PDUMARESQ.HVK_PET_FOOD (PET_FOOD_FREQUENCY,PET_FOOD_QUANTITY,PR_PET_RES_NUMBER,FOOD_FOOD_NUMBER) values (1,'.25',228,14);
Insert into PDUMARESQ.HVK_PET_FOOD (PET_FOOD_FREQUENCY,PET_FOOD_QUANTITY,PR_PET_RES_NUMBER,FOOD_FOOD_NUMBER) values (1,'.25',228,3);
Insert into PDUMARESQ.HVK_PET_FOOD (PET_FOOD_FREQUENCY,PET_FOOD_QUANTITY,PR_PET_RES_NUMBER,FOOD_FOOD_NUMBER) values (1,'.25',229,5);
Insert into PDUMARESQ.HVK_PET_FOOD (PET_FOOD_FREQUENCY,PET_FOOD_QUANTITY,PR_PET_RES_NUMBER,FOOD_FOOD_NUMBER) values (1,'1',229,15);
Insert into PDUMARESQ.HVK_PET_FOOD (PET_FOOD_FREQUENCY,PET_FOOD_QUANTITY,PR_PET_RES_NUMBER,FOOD_FOOD_NUMBER) values (2,'.5',230,5);
Insert into PDUMARESQ.HVK_PET_FOOD (PET_FOOD_FREQUENCY,PET_FOOD_QUANTITY,PR_PET_RES_NUMBER,FOOD_FOOD_NUMBER) values (2,'.5',264,13);
Insert into PDUMARESQ.HVK_PET_FOOD (PET_FOOD_FREQUENCY,PET_FOOD_QUANTITY,PR_PET_RES_NUMBER,FOOD_FOOD_NUMBER) values (1,'1',231,5);
Insert into PDUMARESQ.HVK_PET_FOOD (PET_FOOD_FREQUENCY,PET_FOOD_QUANTITY,PR_PET_RES_NUMBER,FOOD_FOOD_NUMBER) values (1,'1',232,5);
Insert into PDUMARESQ.HVK_PET_FOOD (PET_FOOD_FREQUENCY,PET_FOOD_QUANTITY,PR_PET_RES_NUMBER,FOOD_FOOD_NUMBER) values (1,'.25 cups',233,1);
Insert into PDUMARESQ.HVK_PET_FOOD (PET_FOOD_FREQUENCY,PET_FOOD_QUANTITY,PR_PET_RES_NUMBER,FOOD_FOOD_NUMBER) values (1,'1 cup',234,2);
Insert into PDUMARESQ.HVK_PET_FOOD (PET_FOOD_FREQUENCY,PET_FOOD_QUANTITY,PR_PET_RES_NUMBER,FOOD_FOOD_NUMBER) values (1,'1 cup',235,2);
Insert into PDUMARESQ.HVK_PET_FOOD (PET_FOOD_FREQUENCY,PET_FOOD_QUANTITY,PR_PET_RES_NUMBER,FOOD_FOOD_NUMBER) values (1,'1 cup',236,2);
Insert into PDUMARESQ.HVK_PET_FOOD (PET_FOOD_FREQUENCY,PET_FOOD_QUANTITY,PR_PET_RES_NUMBER,FOOD_FOOD_NUMBER) values (1,'.25 cup',237,1);
Insert into PDUMARESQ.HVK_PET_FOOD (PET_FOOD_FREQUENCY,PET_FOOD_QUANTITY,PR_PET_RES_NUMBER,FOOD_FOOD_NUMBER) values (1,'.25 cup',296,13);
Insert into PDUMARESQ.HVK_PET_FOOD (PET_FOOD_FREQUENCY,PET_FOOD_QUANTITY,PR_PET_RES_NUMBER,FOOD_FOOD_NUMBER) values (1,'.25 cup',239,1);
Insert into PDUMARESQ.HVK_PET_FOOD (PET_FOOD_FREQUENCY,PET_FOOD_QUANTITY,PR_PET_RES_NUMBER,FOOD_FOOD_NUMBER) values (1,'1 cup',240,2);
Insert into PDUMARESQ.HVK_PET_FOOD (PET_FOOD_FREQUENCY,PET_FOOD_QUANTITY,PR_PET_RES_NUMBER,FOOD_FOOD_NUMBER) values (1,'1 cup',241,2);
Insert into PDUMARESQ.HVK_PET_FOOD (PET_FOOD_FREQUENCY,PET_FOOD_QUANTITY,PR_PET_RES_NUMBER,FOOD_FOOD_NUMBER) values (1,'1 cup',242,2);
Insert into PDUMARESQ.HVK_PET_FOOD (PET_FOOD_FREQUENCY,PET_FOOD_QUANTITY,PR_PET_RES_NUMBER,FOOD_FOOD_NUMBER) values (1,'1 cup',243,2);
Insert into PDUMARESQ.HVK_PET_FOOD (PET_FOOD_FREQUENCY,PET_FOOD_QUANTITY,PR_PET_RES_NUMBER,FOOD_FOOD_NUMBER) values (1,'1 cup',272,2);
Insert into PDUMARESQ.HVK_PET_FOOD (PET_FOOD_FREQUENCY,PET_FOOD_QUANTITY,PR_PET_RES_NUMBER,FOOD_FOOD_NUMBER) values (1,'1 cup',298,2);
Insert into PDUMARESQ.HVK_PET_FOOD (PET_FOOD_FREQUENCY,PET_FOOD_QUANTITY,PR_PET_RES_NUMBER,FOOD_FOOD_NUMBER) values (2,'.25',300,11);
Insert into PDUMARESQ.HVK_PET_FOOD (PET_FOOD_FREQUENCY,PET_FOOD_QUANTITY,PR_PET_RES_NUMBER,FOOD_FOOD_NUMBER) values (2,'.5',301,1);
Insert into PDUMARESQ.HVK_PET_FOOD (PET_FOOD_FREQUENCY,PET_FOOD_QUANTITY,PR_PET_RES_NUMBER,FOOD_FOOD_NUMBER) values (2,'.25',302,11);
Insert into PDUMARESQ.HVK_PET_FOOD (PET_FOOD_FREQUENCY,PET_FOOD_QUANTITY,PR_PET_RES_NUMBER,FOOD_FOOD_NUMBER) values (2,'.5',223,1);
Insert into PDUMARESQ.HVK_PET_FOOD (PET_FOOD_FREQUENCY,PET_FOOD_QUANTITY,PR_PET_RES_NUMBER,FOOD_FOOD_NUMBER) values (2,'.5',304,5);
Insert into PDUMARESQ.HVK_PET_FOOD (PET_FOOD_FREQUENCY,PET_FOOD_QUANTITY,PR_PET_RES_NUMBER,FOOD_FOOD_NUMBER) values (2,'.5',305,13);
Insert into PDUMARESQ.HVK_PET_FOOD (PET_FOOD_FREQUENCY,PET_FOOD_QUANTITY,PR_PET_RES_NUMBER,FOOD_FOOD_NUMBER) values (1,'.5',306,13);
Insert into PDUMARESQ.HVK_PET_FOOD (PET_FOOD_FREQUENCY,PET_FOOD_QUANTITY,PR_PET_RES_NUMBER,FOOD_FOOD_NUMBER) values (1,'.5',307,13);
Insert into PDUMARESQ.HVK_PET_FOOD (PET_FOOD_FREQUENCY,PET_FOOD_QUANTITY,PR_PET_RES_NUMBER,FOOD_FOOD_NUMBER) values (2,'.5',249,13);
Insert into PDUMARESQ.HVK_PET_FOOD (PET_FOOD_FREQUENCY,PET_FOOD_QUANTITY,PR_PET_RES_NUMBER,FOOD_FOOD_NUMBER) values (1,null,252,1);
Insert into PDUMARESQ.HVK_PET_FOOD (PET_FOOD_FREQUENCY,PET_FOOD_QUANTITY,PR_PET_RES_NUMBER,FOOD_FOOD_NUMBER) values (1,'.25 cup',297,1);
Insert into PDUMARESQ.HVK_PET_FOOD (PET_FOOD_FREQUENCY,PET_FOOD_QUANTITY,PR_PET_RES_NUMBER,FOOD_FOOD_NUMBER) values (1,null,215,4);
Insert into PDUMARESQ.HVK_PET_FOOD (PET_FOOD_FREQUENCY,PET_FOOD_QUANTITY,PR_PET_RES_NUMBER,FOOD_FOOD_NUMBER) values (1,null,274,4);
Insert into PDUMARESQ.HVK_PET_FOOD (PET_FOOD_FREQUENCY,PET_FOOD_QUANTITY,PR_PET_RES_NUMBER,FOOD_FOOD_NUMBER) values (1,null,273,4);
Insert into PDUMARESQ.HVK_PET_FOOD (PET_FOOD_FREQUENCY,PET_FOOD_QUANTITY,PR_PET_RES_NUMBER,FOOD_FOOD_NUMBER) values (1,null,400,13);
Insert into PDUMARESQ.HVK_PET_FOOD (PET_FOOD_FREQUENCY,PET_FOOD_QUANTITY,PR_PET_RES_NUMBER,FOOD_FOOD_NUMBER) values (1,null,401,13);
Insert into PDUMARESQ.HVK_PET_FOOD (PET_FOOD_FREQUENCY,PET_FOOD_QUANTITY,PR_PET_RES_NUMBER,FOOD_FOOD_NUMBER) values (1,null,402,2);
Insert into PDUMARESQ.HVK_PET_FOOD (PET_FOOD_FREQUENCY,PET_FOOD_QUANTITY,PR_PET_RES_NUMBER,FOOD_FOOD_NUMBER) values (1,null,403,1);
Insert into PDUMARESQ.HVK_PET_FOOD (PET_FOOD_FREQUENCY,PET_FOOD_QUANTITY,PR_PET_RES_NUMBER,FOOD_FOOD_NUMBER) values (1,null,404,13);
Insert into PDUMARESQ.HVK_PET_FOOD (PET_FOOD_FREQUENCY,PET_FOOD_QUANTITY,PR_PET_RES_NUMBER,FOOD_FOOD_NUMBER) values (1,null,405,13);
Insert into PDUMARESQ.HVK_PET_FOOD (PET_FOOD_FREQUENCY,PET_FOOD_QUANTITY,PR_PET_RES_NUMBER,FOOD_FOOD_NUMBER) values (1,null,406,2);
Insert into PDUMARESQ.HVK_PET_FOOD (PET_FOOD_FREQUENCY,PET_FOOD_QUANTITY,PR_PET_RES_NUMBER,FOOD_FOOD_NUMBER) values (1,null,407,8);
Insert into PDUMARESQ.HVK_PET_FOOD (PET_FOOD_FREQUENCY,PET_FOOD_QUANTITY,PR_PET_RES_NUMBER,FOOD_FOOD_NUMBER) values (1,null,408,8);
Insert into PDUMARESQ.HVK_PET_FOOD (PET_FOOD_FREQUENCY,PET_FOOD_QUANTITY,PR_PET_RES_NUMBER,FOOD_FOOD_NUMBER) values (1,null,409,3);
Insert into PDUMARESQ.HVK_PET_FOOD (PET_FOOD_FREQUENCY,PET_FOOD_QUANTITY,PR_PET_RES_NUMBER,FOOD_FOOD_NUMBER) values (1,null,410,2);
Insert into PDUMARESQ.HVK_PET_FOOD (PET_FOOD_FREQUENCY,PET_FOOD_QUANTITY,PR_PET_RES_NUMBER,FOOD_FOOD_NUMBER) values (1,null,411,13);
Insert into PDUMARESQ.HVK_PET_FOOD (PET_FOOD_FREQUENCY,PET_FOOD_QUANTITY,PR_PET_RES_NUMBER,FOOD_FOOD_NUMBER) values (1,null,412,1);
Insert into PDUMARESQ.HVK_PET_FOOD (PET_FOOD_FREQUENCY,PET_FOOD_QUANTITY,PR_PET_RES_NUMBER,FOOD_FOOD_NUMBER) values (1,null,413,2);
Insert into PDUMARESQ.HVK_PET_FOOD (PET_FOOD_FREQUENCY,PET_FOOD_QUANTITY,PR_PET_RES_NUMBER,FOOD_FOOD_NUMBER) values (1,null,414,9);
Insert into PDUMARESQ.HVK_PET_FOOD (PET_FOOD_FREQUENCY,PET_FOOD_QUANTITY,PR_PET_RES_NUMBER,FOOD_FOOD_NUMBER) values (1,null,415,9);
Insert into PDUMARESQ.HVK_PET_FOOD (PET_FOOD_FREQUENCY,PET_FOOD_QUANTITY,PR_PET_RES_NUMBER,FOOD_FOOD_NUMBER) values (1,null,416,1);
Insert into PDUMARESQ.HVK_PET_FOOD (PET_FOOD_FREQUENCY,PET_FOOD_QUANTITY,PR_PET_RES_NUMBER,FOOD_FOOD_NUMBER) values (1,null,417,13);
Insert into PDUMARESQ.HVK_PET_FOOD (PET_FOOD_FREQUENCY,PET_FOOD_QUANTITY,PR_PET_RES_NUMBER,FOOD_FOOD_NUMBER) values (1,null,418,13);
Insert into PDUMARESQ.HVK_PET_FOOD (PET_FOOD_FREQUENCY,PET_FOOD_QUANTITY,PR_PET_RES_NUMBER,FOOD_FOOD_NUMBER) values (1,null,419,1);
Insert into PDUMARESQ.HVK_PET_FOOD (PET_FOOD_FREQUENCY,PET_FOOD_QUANTITY,PR_PET_RES_NUMBER,FOOD_FOOD_NUMBER) values (1,null,420,13);
Insert into PDUMARESQ.HVK_PET_FOOD (PET_FOOD_FREQUENCY,PET_FOOD_QUANTITY,PR_PET_RES_NUMBER,FOOD_FOOD_NUMBER) values (1,null,421,13);
Insert into PDUMARESQ.HVK_PET_FOOD (PET_FOOD_FREQUENCY,PET_FOOD_QUANTITY,PR_PET_RES_NUMBER,FOOD_FOOD_NUMBER) values (1,'1 tbsp',310,8);
Insert into PDUMARESQ.HVK_PET_FOOD (PET_FOOD_FREQUENCY,PET_FOOD_QUANTITY,PR_PET_RES_NUMBER,FOOD_FOOD_NUMBER) values (1,'1 cup',310,10);
Insert into PDUMARESQ.HVK_PET_FOOD (PET_FOOD_FREQUENCY,PET_FOOD_QUANTITY,PR_PET_RES_NUMBER,FOOD_FOOD_NUMBER) values (1,'0.5 cup',311,9);
Insert into PDUMARESQ.HVK_PET_FOOD (PET_FOOD_FREQUENCY,PET_FOOD_QUANTITY,PR_PET_RES_NUMBER,FOOD_FOOD_NUMBER) values (1,'1 tbsp',311,12);
Insert into PDUMARESQ.HVK_PET_FOOD (PET_FOOD_FREQUENCY,PET_FOOD_QUANTITY,PR_PET_RES_NUMBER,FOOD_FOOD_NUMBER) values (1,null,423,13);
Insert into PDUMARESQ.HVK_PET_FOOD (PET_FOOD_FREQUENCY,PET_FOOD_QUANTITY,PR_PET_RES_NUMBER,FOOD_FOOD_NUMBER) values (1,null,422,12);
Insert into PDUMARESQ.HVK_PET_FOOD (PET_FOOD_FREQUENCY,PET_FOOD_QUANTITY,PR_PET_RES_NUMBER,FOOD_FOOD_NUMBER) values (1,null,424,13);
Insert into PDUMARESQ.HVK_PET_FOOD (PET_FOOD_FREQUENCY,PET_FOOD_QUANTITY,PR_PET_RES_NUMBER,FOOD_FOOD_NUMBER) values (1,null,425,1);
Insert into PDUMARESQ.HVK_PET_FOOD (PET_FOOD_FREQUENCY,PET_FOOD_QUANTITY,PR_PET_RES_NUMBER,FOOD_FOOD_NUMBER) values (1,null,426,1);
Insert into PDUMARESQ.HVK_PET_FOOD (PET_FOOD_FREQUENCY,PET_FOOD_QUANTITY,PR_PET_RES_NUMBER,FOOD_FOOD_NUMBER) values (1,null,427,1);
REM INSERTING into PDUMARESQ.HVK_PET_RESERVATION
SET DEFINE OFF;
Insert into PDUMARESQ.HVK_PET_RESERVATION (PET_RES_NUMBER,PET_PET_NUMBER,RES_RESERVATION_NUMBER,RUN_RUN_NUMBER,CS_CAT_SUITE_NUMBER,PR_SHARING_WITH) values (200,7,631,null,null,null);
Insert into PDUMARESQ.HVK_PET_RESERVATION (PET_RES_NUMBER,PET_PET_NUMBER,RES_RESERVATION_NUMBER,RUN_RUN_NUMBER,CS_CAT_SUITE_NUMBER,PR_SHARING_WITH) values (201,20,632,null,null,null);
Insert into PDUMARESQ.HVK_PET_RESERVATION (PET_RES_NUMBER,PET_PET_NUMBER,RES_RESERVATION_NUMBER,RUN_RUN_NUMBER,CS_CAT_SUITE_NUMBER,PR_SHARING_WITH) values (202,32,633,null,null,null);
Insert into PDUMARESQ.HVK_PET_RESERVATION (PET_RES_NUMBER,PET_PET_NUMBER,RES_RESERVATION_NUMBER,RUN_RUN_NUMBER,CS_CAT_SUITE_NUMBER,PR_SHARING_WITH) values (204,20,625,null,null,null);
Insert into PDUMARESQ.HVK_PET_RESERVATION (PET_RES_NUMBER,PET_PET_NUMBER,RES_RESERVATION_NUMBER,RUN_RUN_NUMBER,CS_CAT_SUITE_NUMBER,PR_SHARING_WITH) values (205,33,630,null,null,null);
Insert into PDUMARESQ.HVK_PET_RESERVATION (PET_RES_NUMBER,PET_PET_NUMBER,RES_RESERVATION_NUMBER,RUN_RUN_NUMBER,CS_CAT_SUITE_NUMBER,PR_SHARING_WITH) values (206,10,635,null,null,null);
Insert into PDUMARESQ.HVK_PET_RESERVATION (PET_RES_NUMBER,PET_PET_NUMBER,RES_RESERVATION_NUMBER,RUN_RUN_NUMBER,CS_CAT_SUITE_NUMBER,PR_SHARING_WITH) values (207,9,696,null,null,null);
Insert into PDUMARESQ.HVK_PET_RESERVATION (PET_RES_NUMBER,PET_PET_NUMBER,RES_RESERVATION_NUMBER,RUN_RUN_NUMBER,CS_CAT_SUITE_NUMBER,PR_SHARING_WITH) values (208,26,707,null,null,null);
Insert into PDUMARESQ.HVK_PET_RESERVATION (PET_RES_NUMBER,PET_PET_NUMBER,RES_RESERVATION_NUMBER,RUN_RUN_NUMBER,CS_CAT_SUITE_NUMBER,PR_SHARING_WITH) values (209,9,708,null,null,null);
Insert into PDUMARESQ.HVK_PET_RESERVATION (PET_RES_NUMBER,PET_PET_NUMBER,RES_RESERVATION_NUMBER,RUN_RUN_NUMBER,CS_CAT_SUITE_NUMBER,PR_SHARING_WITH) values (210,11,709,null,null,null);
Insert into PDUMARESQ.HVK_PET_RESERVATION (PET_RES_NUMBER,PET_PET_NUMBER,RES_RESERVATION_NUMBER,RUN_RUN_NUMBER,CS_CAT_SUITE_NUMBER,PR_SHARING_WITH) values (211,13,711,null,null,null);
Insert into PDUMARESQ.HVK_PET_RESERVATION (PET_RES_NUMBER,PET_PET_NUMBER,RES_RESERVATION_NUMBER,RUN_RUN_NUMBER,CS_CAT_SUITE_NUMBER,PR_SHARING_WITH) values (212,14,712,null,null,null);
Insert into PDUMARESQ.HVK_PET_RESERVATION (PET_RES_NUMBER,PET_PET_NUMBER,RES_RESERVATION_NUMBER,RUN_RUN_NUMBER,CS_CAT_SUITE_NUMBER,PR_SHARING_WITH) values (213,26,713,null,null,null);
Insert into PDUMARESQ.HVK_PET_RESERVATION (PET_RES_NUMBER,PET_PET_NUMBER,RES_RESERVATION_NUMBER,RUN_RUN_NUMBER,CS_CAT_SUITE_NUMBER,PR_SHARING_WITH) values (214,29,716,null,null,null);
Insert into PDUMARESQ.HVK_PET_RESERVATION (PET_RES_NUMBER,PET_PET_NUMBER,RES_RESERVATION_NUMBER,RUN_RUN_NUMBER,CS_CAT_SUITE_NUMBER,PR_SHARING_WITH) values (215,30,717,27,null,273);
Insert into PDUMARESQ.HVK_PET_RESERVATION (PET_RES_NUMBER,PET_PET_NUMBER,RES_RESERVATION_NUMBER,RUN_RUN_NUMBER,CS_CAT_SUITE_NUMBER,PR_SHARING_WITH) values (216,3,720,27,null,null);
Insert into PDUMARESQ.HVK_PET_RESERVATION (PET_RES_NUMBER,PET_PET_NUMBER,RES_RESERVATION_NUMBER,RUN_RUN_NUMBER,CS_CAT_SUITE_NUMBER,PR_SHARING_WITH) values (217,3,721,27,null,null);
Insert into PDUMARESQ.HVK_PET_RESERVATION (PET_RES_NUMBER,PET_PET_NUMBER,RES_RESERVATION_NUMBER,RUN_RUN_NUMBER,CS_CAT_SUITE_NUMBER,PR_SHARING_WITH) values (219,3,595,null,null,null);
Insert into PDUMARESQ.HVK_PET_RESERVATION (PET_RES_NUMBER,PET_PET_NUMBER,RES_RESERVATION_NUMBER,RUN_RUN_NUMBER,CS_CAT_SUITE_NUMBER,PR_SHARING_WITH) values (223,13,102,28,null,null);
Insert into PDUMARESQ.HVK_PET_RESERVATION (PET_RES_NUMBER,PET_PET_NUMBER,RES_RESERVATION_NUMBER,RUN_RUN_NUMBER,CS_CAT_SUITE_NUMBER,PR_SHARING_WITH) values (224,6,103,36,null,null);
Insert into PDUMARESQ.HVK_PET_RESERVATION (PET_RES_NUMBER,PET_PET_NUMBER,RES_RESERVATION_NUMBER,RUN_RUN_NUMBER,CS_CAT_SUITE_NUMBER,PR_SHARING_WITH) values (225,9,104,29,null,null);
Insert into PDUMARESQ.HVK_PET_RESERVATION (PET_RES_NUMBER,PET_PET_NUMBER,RES_RESERVATION_NUMBER,RUN_RUN_NUMBER,CS_CAT_SUITE_NUMBER,PR_SHARING_WITH) values (226,6,105,27,null,null);
Insert into PDUMARESQ.HVK_PET_RESERVATION (PET_RES_NUMBER,PET_PET_NUMBER,RES_RESERVATION_NUMBER,RUN_RUN_NUMBER,CS_CAT_SUITE_NUMBER,PR_SHARING_WITH) values (227,3,108,36,null,null);
Insert into PDUMARESQ.HVK_PET_RESERVATION (PET_RES_NUMBER,PET_PET_NUMBER,RES_RESERVATION_NUMBER,RUN_RUN_NUMBER,CS_CAT_SUITE_NUMBER,PR_SHARING_WITH) values (228,10,109,35,null,null);
Insert into PDUMARESQ.HVK_PET_RESERVATION (PET_RES_NUMBER,PET_PET_NUMBER,RES_RESERVATION_NUMBER,RUN_RUN_NUMBER,CS_CAT_SUITE_NUMBER,PR_SHARING_WITH) values (229,14,114,1,null,null);
Insert into PDUMARESQ.HVK_PET_RESERVATION (PET_RES_NUMBER,PET_PET_NUMBER,RES_RESERVATION_NUMBER,RUN_RUN_NUMBER,CS_CAT_SUITE_NUMBER,PR_SHARING_WITH) values (230,3,115,27,null,null);
Insert into PDUMARESQ.HVK_PET_RESERVATION (PET_RES_NUMBER,PET_PET_NUMBER,RES_RESERVATION_NUMBER,RUN_RUN_NUMBER,CS_CAT_SUITE_NUMBER,PR_SHARING_WITH) values (231,9,120,30,null,null);
Insert into PDUMARESQ.HVK_PET_RESERVATION (PET_RES_NUMBER,PET_PET_NUMBER,RES_RESERVATION_NUMBER,RUN_RUN_NUMBER,CS_CAT_SUITE_NUMBER,PR_SHARING_WITH) values (232,9,123,35,null,null);
Insert into PDUMARESQ.HVK_PET_RESERVATION (PET_RES_NUMBER,PET_PET_NUMBER,RES_RESERVATION_NUMBER,RUN_RUN_NUMBER,CS_CAT_SUITE_NUMBER,PR_SHARING_WITH) values (233,20,131,29,null,null);
Insert into PDUMARESQ.HVK_PET_RESERVATION (PET_RES_NUMBER,PET_PET_NUMBER,RES_RESERVATION_NUMBER,RUN_RUN_NUMBER,CS_CAT_SUITE_NUMBER,PR_SHARING_WITH) values (234,10,136,28,null,null);
Insert into PDUMARESQ.HVK_PET_RESERVATION (PET_RES_NUMBER,PET_PET_NUMBER,RES_RESERVATION_NUMBER,RUN_RUN_NUMBER,CS_CAT_SUITE_NUMBER,PR_SHARING_WITH) values (235,12,137,null,null,null);
Insert into PDUMARESQ.HVK_PET_RESERVATION (PET_RES_NUMBER,PET_PET_NUMBER,RES_RESERVATION_NUMBER,RUN_RUN_NUMBER,CS_CAT_SUITE_NUMBER,PR_SHARING_WITH) values (236,13,138,21,null,null);
Insert into PDUMARESQ.HVK_PET_RESERVATION (PET_RES_NUMBER,PET_PET_NUMBER,RES_RESERVATION_NUMBER,RUN_RUN_NUMBER,CS_CAT_SUITE_NUMBER,PR_SHARING_WITH) values (237,14,139,30,null,null);
Insert into PDUMARESQ.HVK_PET_RESERVATION (PET_RES_NUMBER,PET_PET_NUMBER,RES_RESERVATION_NUMBER,RUN_RUN_NUMBER,CS_CAT_SUITE_NUMBER,PR_SHARING_WITH) values (239,27,140,1,null,null);
Insert into PDUMARESQ.HVK_PET_RESERVATION (PET_RES_NUMBER,PET_PET_NUMBER,RES_RESERVATION_NUMBER,RUN_RUN_NUMBER,CS_CAT_SUITE_NUMBER,PR_SHARING_WITH) values (240,29,143,28,null,null);
Insert into PDUMARESQ.HVK_PET_RESERVATION (PET_RES_NUMBER,PET_PET_NUMBER,RES_RESERVATION_NUMBER,RUN_RUN_NUMBER,CS_CAT_SUITE_NUMBER,PR_SHARING_WITH) values (241,29,144,14,null,null);
Insert into PDUMARESQ.HVK_PET_RESERVATION (PET_RES_NUMBER,PET_PET_NUMBER,RES_RESERVATION_NUMBER,RUN_RUN_NUMBER,CS_CAT_SUITE_NUMBER,PR_SHARING_WITH) values (242,30,145,27,null,null);
Insert into PDUMARESQ.HVK_PET_RESERVATION (PET_RES_NUMBER,PET_PET_NUMBER,RES_RESERVATION_NUMBER,RUN_RUN_NUMBER,CS_CAT_SUITE_NUMBER,PR_SHARING_WITH) values (243,31,146,27,null,null);
Insert into PDUMARESQ.HVK_PET_RESERVATION (PET_RES_NUMBER,PET_PET_NUMBER,RES_RESERVATION_NUMBER,RUN_RUN_NUMBER,CS_CAT_SUITE_NUMBER,PR_SHARING_WITH) values (249,6,122,36,null,null);
Insert into PDUMARESQ.HVK_PET_RESERVATION (PET_RES_NUMBER,PET_PET_NUMBER,RES_RESERVATION_NUMBER,RUN_RUN_NUMBER,CS_CAT_SUITE_NUMBER,PR_SHARING_WITH) values (250,6,615,null,null,null);
Insert into PDUMARESQ.HVK_PET_RESERVATION (PET_RES_NUMBER,PET_PET_NUMBER,RES_RESERVATION_NUMBER,RUN_RUN_NUMBER,CS_CAT_SUITE_NUMBER,PR_SHARING_WITH) values (251,16,700,null,null,null);
Insert into PDUMARESQ.HVK_PET_RESERVATION (PET_RES_NUMBER,PET_PET_NUMBER,RES_RESERVATION_NUMBER,RUN_RUN_NUMBER,CS_CAT_SUITE_NUMBER,PR_SHARING_WITH) values (252,7,620,null,null,null);
Insert into PDUMARESQ.HVK_PET_RESERVATION (PET_RES_NUMBER,PET_PET_NUMBER,RES_RESERVATION_NUMBER,RUN_RUN_NUMBER,CS_CAT_SUITE_NUMBER,PR_SHARING_WITH) values (253,30,701,null,null,null);
Insert into PDUMARESQ.HVK_PET_RESERVATION (PET_RES_NUMBER,PET_PET_NUMBER,RES_RESERVATION_NUMBER,RUN_RUN_NUMBER,CS_CAT_SUITE_NUMBER,PR_SHARING_WITH) values (254,33,702,null,null,null);
Insert into PDUMARESQ.HVK_PET_RESERVATION (PET_RES_NUMBER,PET_PET_NUMBER,RES_RESERVATION_NUMBER,RUN_RUN_NUMBER,CS_CAT_SUITE_NUMBER,PR_SHARING_WITH) values (255,2,703,null,null,null);
Insert into PDUMARESQ.HVK_PET_RESERVATION (PET_RES_NUMBER,PET_PET_NUMBER,RES_RESERVATION_NUMBER,RUN_RUN_NUMBER,CS_CAT_SUITE_NUMBER,PR_SHARING_WITH) values (256,32,704,null,null,null);
Insert into PDUMARESQ.HVK_PET_RESERVATION (PET_RES_NUMBER,PET_PET_NUMBER,RES_RESERVATION_NUMBER,RUN_RUN_NUMBER,CS_CAT_SUITE_NUMBER,PR_SHARING_WITH) values (257,34,705,null,null,null);
Insert into PDUMARESQ.HVK_PET_RESERVATION (PET_RES_NUMBER,PET_PET_NUMBER,RES_RESERVATION_NUMBER,RUN_RUN_NUMBER,CS_CAT_SUITE_NUMBER,PR_SHARING_WITH) values (261,1,703,null,null,null);
Insert into PDUMARESQ.HVK_PET_RESERVATION (PET_RES_NUMBER,PET_PET_NUMBER,RES_RESERVATION_NUMBER,RUN_RUN_NUMBER,CS_CAT_SUITE_NUMBER,PR_SHARING_WITH) values (264,6,115,27,null,null);
Insert into PDUMARESQ.HVK_PET_RESERVATION (PET_RES_NUMBER,PET_PET_NUMBER,RES_RESERVATION_NUMBER,RUN_RUN_NUMBER,CS_CAT_SUITE_NUMBER,PR_SHARING_WITH) values (268,12,709,null,null,null);
Insert into PDUMARESQ.HVK_PET_RESERVATION (PET_RES_NUMBER,PET_PET_NUMBER,RES_RESERVATION_NUMBER,RUN_RUN_NUMBER,CS_CAT_SUITE_NUMBER,PR_SHARING_WITH) values (270,27,713,null,null,null);
Insert into PDUMARESQ.HVK_PET_RESERVATION (PET_RES_NUMBER,PET_PET_NUMBER,RES_RESERVATION_NUMBER,RUN_RUN_NUMBER,CS_CAT_SUITE_NUMBER,PR_SHARING_WITH) values (271,28,713,null,null,null);
Insert into PDUMARESQ.HVK_PET_RESERVATION (PET_RES_NUMBER,PET_PET_NUMBER,RES_RESERVATION_NUMBER,RUN_RUN_NUMBER,CS_CAT_SUITE_NUMBER,PR_SHARING_WITH) values (272,31,145,13,null,null);
Insert into PDUMARESQ.HVK_PET_RESERVATION (PET_RES_NUMBER,PET_PET_NUMBER,RES_RESERVATION_NUMBER,RUN_RUN_NUMBER,CS_CAT_SUITE_NUMBER,PR_SHARING_WITH) values (273,31,717,null,null,215);
Insert into PDUMARESQ.HVK_PET_RESERVATION (PET_RES_NUMBER,PET_PET_NUMBER,RES_RESERVATION_NUMBER,RUN_RUN_NUMBER,CS_CAT_SUITE_NUMBER,PR_SHARING_WITH) values (274,32,717,null,null,null);
Insert into PDUMARESQ.HVK_PET_RESERVATION (PET_RES_NUMBER,PET_PET_NUMBER,RES_RESERVATION_NUMBER,RUN_RUN_NUMBER,CS_CAT_SUITE_NUMBER,PR_SHARING_WITH) values (275,36,722,null,1,null);
Insert into PDUMARESQ.HVK_PET_RESERVATION (PET_RES_NUMBER,PET_PET_NUMBER,RES_RESERVATION_NUMBER,RUN_RUN_NUMBER,CS_CAT_SUITE_NUMBER,PR_SHARING_WITH) values (276,37,723,null,2,null);
Insert into PDUMARESQ.HVK_PET_RESERVATION (PET_RES_NUMBER,PET_PET_NUMBER,RES_RESERVATION_NUMBER,RUN_RUN_NUMBER,CS_CAT_SUITE_NUMBER,PR_SHARING_WITH) values (277,38,724,null,3,null);
Insert into PDUMARESQ.HVK_PET_RESERVATION (PET_RES_NUMBER,PET_PET_NUMBER,RES_RESERVATION_NUMBER,RUN_RUN_NUMBER,CS_CAT_SUITE_NUMBER,PR_SHARING_WITH) values (283,8,11,null,2,null);
Insert into PDUMARESQ.HVK_PET_RESERVATION (PET_RES_NUMBER,PET_PET_NUMBER,RES_RESERVATION_NUMBER,RUN_RUN_NUMBER,CS_CAT_SUITE_NUMBER,PR_SHARING_WITH) values (298,11,148,27,null,299);
Insert into PDUMARESQ.HVK_PET_RESERVATION (PET_RES_NUMBER,PET_PET_NUMBER,RES_RESERVATION_NUMBER,RUN_RUN_NUMBER,CS_CAT_SUITE_NUMBER,PR_SHARING_WITH) values (299,10,148,27,null,298);
Insert into PDUMARESQ.HVK_PET_RESERVATION (PET_RES_NUMBER,PET_PET_NUMBER,RES_RESERVATION_NUMBER,RUN_RUN_NUMBER,CS_CAT_SUITE_NUMBER,PR_SHARING_WITH) values (404,10,802,null,null,null);
Insert into PDUMARESQ.HVK_PET_RESERVATION (PET_RES_NUMBER,PET_PET_NUMBER,RES_RESERVATION_NUMBER,RUN_RUN_NUMBER,CS_CAT_SUITE_NUMBER,PR_SHARING_WITH) values (405,11,802,null,null,null);
Insert into PDUMARESQ.HVK_PET_RESERVATION (PET_RES_NUMBER,PET_PET_NUMBER,RES_RESERVATION_NUMBER,RUN_RUN_NUMBER,CS_CAT_SUITE_NUMBER,PR_SHARING_WITH) values (406,3,803,null,null,null);
Insert into PDUMARESQ.HVK_PET_RESERVATION (PET_RES_NUMBER,PET_PET_NUMBER,RES_RESERVATION_NUMBER,RUN_RUN_NUMBER,CS_CAT_SUITE_NUMBER,PR_SHARING_WITH) values (407,4,803,null,1,null);
Insert into PDUMARESQ.HVK_PET_RESERVATION (PET_RES_NUMBER,PET_PET_NUMBER,RES_RESERVATION_NUMBER,RUN_RUN_NUMBER,CS_CAT_SUITE_NUMBER,PR_SHARING_WITH) values (408,5,803,null,2,null);
Insert into PDUMARESQ.HVK_PET_RESERVATION (PET_RES_NUMBER,PET_PET_NUMBER,RES_RESERVATION_NUMBER,RUN_RUN_NUMBER,CS_CAT_SUITE_NUMBER,PR_SHARING_WITH) values (409,6,803,null,null,null);
Insert into PDUMARESQ.HVK_PET_RESERVATION (PET_RES_NUMBER,PET_PET_NUMBER,RES_RESERVATION_NUMBER,RUN_RUN_NUMBER,CS_CAT_SUITE_NUMBER,PR_SHARING_WITH) values (410,10,804,null,null,null);
Insert into PDUMARESQ.HVK_PET_RESERVATION (PET_RES_NUMBER,PET_PET_NUMBER,RES_RESERVATION_NUMBER,RUN_RUN_NUMBER,CS_CAT_SUITE_NUMBER,PR_SHARING_WITH) values (411,11,804,null,null,null);
Insert into PDUMARESQ.HVK_PET_RESERVATION (PET_RES_NUMBER,PET_PET_NUMBER,RES_RESERVATION_NUMBER,RUN_RUN_NUMBER,CS_CAT_SUITE_NUMBER,PR_SHARING_WITH) values (412,12,804,null,null,null);
Insert into PDUMARESQ.HVK_PET_RESERVATION (PET_RES_NUMBER,PET_PET_NUMBER,RES_RESERVATION_NUMBER,RUN_RUN_NUMBER,CS_CAT_SUITE_NUMBER,PR_SHARING_WITH) values (418,4,806,null,2,null);
Insert into PDUMARESQ.HVK_PET_RESERVATION (PET_RES_NUMBER,PET_PET_NUMBER,RES_RESERVATION_NUMBER,RUN_RUN_NUMBER,CS_CAT_SUITE_NUMBER,PR_SHARING_WITH) values (419,5,806,null,3,null);
Insert into PDUMARESQ.HVK_PET_RESERVATION (PET_RES_NUMBER,PET_PET_NUMBER,RES_RESERVATION_NUMBER,RUN_RUN_NUMBER,CS_CAT_SUITE_NUMBER,PR_SHARING_WITH) values (421,8,807,null,1,null);
Insert into PDUMARESQ.HVK_PET_RESERVATION (PET_RES_NUMBER,PET_PET_NUMBER,RES_RESERVATION_NUMBER,RUN_RUN_NUMBER,CS_CAT_SUITE_NUMBER,PR_SHARING_WITH) values (284,6,636,null,null,285);
Insert into PDUMARESQ.HVK_PET_RESERVATION (PET_RES_NUMBER,PET_PET_NUMBER,RES_RESERVATION_NUMBER,RUN_RUN_NUMBER,CS_CAT_SUITE_NUMBER,PR_SHARING_WITH) values (285,3,636,null,null,284);
Insert into PDUMARESQ.HVK_PET_RESERVATION (PET_RES_NUMBER,PET_PET_NUMBER,RES_RESERVATION_NUMBER,RUN_RUN_NUMBER,CS_CAT_SUITE_NUMBER,PR_SHARING_WITH) values (286,1,594,36,null,287);
Insert into PDUMARESQ.HVK_PET_RESERVATION (PET_RES_NUMBER,PET_PET_NUMBER,RES_RESERVATION_NUMBER,RUN_RUN_NUMBER,CS_CAT_SUITE_NUMBER,PR_SHARING_WITH) values (287,2,594,36,null,286);
Insert into PDUMARESQ.HVK_PET_RESERVATION (PET_RES_NUMBER,PET_PET_NUMBER,RES_RESERVATION_NUMBER,RUN_RUN_NUMBER,CS_CAT_SUITE_NUMBER,PR_SHARING_WITH) values (288,26,601,null,null,289);
Insert into PDUMARESQ.HVK_PET_RESERVATION (PET_RES_NUMBER,PET_PET_NUMBER,RES_RESERVATION_NUMBER,RUN_RUN_NUMBER,CS_CAT_SUITE_NUMBER,PR_SHARING_WITH) values (289,27,601,null,null,288);
Insert into PDUMARESQ.HVK_PET_RESERVATION (PET_RES_NUMBER,PET_PET_NUMBER,RES_RESERVATION_NUMBER,RUN_RUN_NUMBER,CS_CAT_SUITE_NUMBER,PR_SHARING_WITH) values (292,31,603,null,null,293);
Insert into PDUMARESQ.HVK_PET_RESERVATION (PET_RES_NUMBER,PET_PET_NUMBER,RES_RESERVATION_NUMBER,RUN_RUN_NUMBER,CS_CAT_SUITE_NUMBER,PR_SHARING_WITH) values (293,32,603,null,null,292);
Insert into PDUMARESQ.HVK_PET_RESERVATION (PET_RES_NUMBER,PET_PET_NUMBER,RES_RESERVATION_NUMBER,RUN_RUN_NUMBER,CS_CAT_SUITE_NUMBER,PR_SHARING_WITH) values (294,11,605,null,null,295);
Insert into PDUMARESQ.HVK_PET_RESERVATION (PET_RES_NUMBER,PET_PET_NUMBER,RES_RESERVATION_NUMBER,RUN_RUN_NUMBER,CS_CAT_SUITE_NUMBER,PR_SHARING_WITH) values (295,12,605,null,null,294);
Insert into PDUMARESQ.HVK_PET_RESERVATION (PET_RES_NUMBER,PET_PET_NUMBER,RES_RESERVATION_NUMBER,RUN_RUN_NUMBER,CS_CAT_SUITE_NUMBER,PR_SHARING_WITH) values (296,26,140,2,null,297);
Insert into PDUMARESQ.HVK_PET_RESERVATION (PET_RES_NUMBER,PET_PET_NUMBER,RES_RESERVATION_NUMBER,RUN_RUN_NUMBER,CS_CAT_SUITE_NUMBER,PR_SHARING_WITH) values (297,28,140,2,null,296);
Insert into PDUMARESQ.HVK_PET_RESERVATION (PET_RES_NUMBER,PET_PET_NUMBER,RES_RESERVATION_NUMBER,RUN_RUN_NUMBER,CS_CAT_SUITE_NUMBER,PR_SHARING_WITH) values (300,1,112,29,null,301);
Insert into PDUMARESQ.HVK_PET_RESERVATION (PET_RES_NUMBER,PET_PET_NUMBER,RES_RESERVATION_NUMBER,RUN_RUN_NUMBER,CS_CAT_SUITE_NUMBER,PR_SHARING_WITH) values (301,2,112,29,null,300);
Insert into PDUMARESQ.HVK_PET_RESERVATION (PET_RES_NUMBER,PET_PET_NUMBER,RES_RESERVATION_NUMBER,RUN_RUN_NUMBER,CS_CAT_SUITE_NUMBER,PR_SHARING_WITH) values (302,1,100,29,null,303);
Insert into PDUMARESQ.HVK_PET_RESERVATION (PET_RES_NUMBER,PET_PET_NUMBER,RES_RESERVATION_NUMBER,RUN_RUN_NUMBER,CS_CAT_SUITE_NUMBER,PR_SHARING_WITH) values (303,2,100,29,null,302);
Insert into PDUMARESQ.HVK_PET_RESERVATION (PET_RES_NUMBER,PET_PET_NUMBER,RES_RESERVATION_NUMBER,RUN_RUN_NUMBER,CS_CAT_SUITE_NUMBER,PR_SHARING_WITH) values (304,3,106,27,null,305);
Insert into PDUMARESQ.HVK_PET_RESERVATION (PET_RES_NUMBER,PET_PET_NUMBER,RES_RESERVATION_NUMBER,RUN_RUN_NUMBER,CS_CAT_SUITE_NUMBER,PR_SHARING_WITH) values (305,6,106,27,null,304);
Insert into PDUMARESQ.HVK_PET_RESERVATION (PET_RES_NUMBER,PET_PET_NUMBER,RES_RESERVATION_NUMBER,RUN_RUN_NUMBER,CS_CAT_SUITE_NUMBER,PR_SHARING_WITH) values (306,11,110,36,null,307);
Insert into PDUMARESQ.HVK_PET_RESERVATION (PET_RES_NUMBER,PET_PET_NUMBER,RES_RESERVATION_NUMBER,RUN_RUN_NUMBER,CS_CAT_SUITE_NUMBER,PR_SHARING_WITH) values (307,12,110,36,null,306);
Insert into PDUMARESQ.HVK_PET_RESERVATION (PET_RES_NUMBER,PET_PET_NUMBER,RES_RESERVATION_NUMBER,RUN_RUN_NUMBER,CS_CAT_SUITE_NUMBER,PR_SHARING_WITH) values (308,5,5,null,3,309);
Insert into PDUMARESQ.HVK_PET_RESERVATION (PET_RES_NUMBER,PET_PET_NUMBER,RES_RESERVATION_NUMBER,RUN_RUN_NUMBER,CS_CAT_SUITE_NUMBER,PR_SHARING_WITH) values (309,4,5,null,3,308);
Insert into PDUMARESQ.HVK_PET_RESERVATION (PET_RES_NUMBER,PET_PET_NUMBER,RES_RESERVATION_NUMBER,RUN_RUN_NUMBER,CS_CAT_SUITE_NUMBER,PR_SHARING_WITH) values (400,31,800,null,null,401);
Insert into PDUMARESQ.HVK_PET_RESERVATION (PET_RES_NUMBER,PET_PET_NUMBER,RES_RESERVATION_NUMBER,RUN_RUN_NUMBER,CS_CAT_SUITE_NUMBER,PR_SHARING_WITH) values (401,32,800,null,null,400);
Insert into PDUMARESQ.HVK_PET_RESERVATION (PET_RES_NUMBER,PET_PET_NUMBER,RES_RESERVATION_NUMBER,RUN_RUN_NUMBER,CS_CAT_SUITE_NUMBER,PR_SHARING_WITH) values (402,26,801,null,null,403);
Insert into PDUMARESQ.HVK_PET_RESERVATION (PET_RES_NUMBER,PET_PET_NUMBER,RES_RESERVATION_NUMBER,RUN_RUN_NUMBER,CS_CAT_SUITE_NUMBER,PR_SHARING_WITH) values (403,27,801,null,null,402);
Insert into PDUMARESQ.HVK_PET_RESERVATION (PET_RES_NUMBER,PET_PET_NUMBER,RES_RESERVATION_NUMBER,RUN_RUN_NUMBER,CS_CAT_SUITE_NUMBER,PR_SHARING_WITH) values (413,3,805,null,null,416);
Insert into PDUMARESQ.HVK_PET_RESERVATION (PET_RES_NUMBER,PET_PET_NUMBER,RES_RESERVATION_NUMBER,RUN_RUN_NUMBER,CS_CAT_SUITE_NUMBER,PR_SHARING_WITH) values (414,4,805,null,3,415);
Insert into PDUMARESQ.HVK_PET_RESERVATION (PET_RES_NUMBER,PET_PET_NUMBER,RES_RESERVATION_NUMBER,RUN_RUN_NUMBER,CS_CAT_SUITE_NUMBER,PR_SHARING_WITH) values (415,5,805,null,3,414);
Insert into PDUMARESQ.HVK_PET_RESERVATION (PET_RES_NUMBER,PET_PET_NUMBER,RES_RESERVATION_NUMBER,RUN_RUN_NUMBER,CS_CAT_SUITE_NUMBER,PR_SHARING_WITH) values (416,6,805,null,null,413);
Insert into PDUMARESQ.HVK_PET_RESERVATION (PET_RES_NUMBER,PET_PET_NUMBER,RES_RESERVATION_NUMBER,RUN_RUN_NUMBER,CS_CAT_SUITE_NUMBER,PR_SHARING_WITH) values (417,3,806,null,null,420);
Insert into PDUMARESQ.HVK_PET_RESERVATION (PET_RES_NUMBER,PET_PET_NUMBER,RES_RESERVATION_NUMBER,RUN_RUN_NUMBER,CS_CAT_SUITE_NUMBER,PR_SHARING_WITH) values (420,6,806,null,null,417);
Insert into PDUMARESQ.HVK_PET_RESERVATION (PET_RES_NUMBER,PET_PET_NUMBER,RES_RESERVATION_NUMBER,RUN_RUN_NUMBER,CS_CAT_SUITE_NUMBER,PR_SHARING_WITH) values (310,4,725,null,3,311);
Insert into PDUMARESQ.HVK_PET_RESERVATION (PET_RES_NUMBER,PET_PET_NUMBER,RES_RESERVATION_NUMBER,RUN_RUN_NUMBER,CS_CAT_SUITE_NUMBER,PR_SHARING_WITH) values (311,5,725,null,3,310);
Insert into PDUMARESQ.HVK_PET_RESERVATION (PET_RES_NUMBER,PET_PET_NUMBER,RES_RESERVATION_NUMBER,RUN_RUN_NUMBER,CS_CAT_SUITE_NUMBER,PR_SHARING_WITH) values (422,36,808,null,1,null);
Insert into PDUMARESQ.HVK_PET_RESERVATION (PET_RES_NUMBER,PET_PET_NUMBER,RES_RESERVATION_NUMBER,RUN_RUN_NUMBER,CS_CAT_SUITE_NUMBER,PR_SHARING_WITH) values (423,13,808,null,null,null);
Insert into PDUMARESQ.HVK_PET_RESERVATION (PET_RES_NUMBER,PET_PET_NUMBER,RES_RESERVATION_NUMBER,RUN_RUN_NUMBER,CS_CAT_SUITE_NUMBER,PR_SHARING_WITH) values (424,11,809,null,null,425);
Insert into PDUMARESQ.HVK_PET_RESERVATION (PET_RES_NUMBER,PET_PET_NUMBER,RES_RESERVATION_NUMBER,RUN_RUN_NUMBER,CS_CAT_SUITE_NUMBER,PR_SHARING_WITH) values (425,12,809,null,null,424);
Insert into PDUMARESQ.HVK_PET_RESERVATION (PET_RES_NUMBER,PET_PET_NUMBER,RES_RESERVATION_NUMBER,RUN_RUN_NUMBER,CS_CAT_SUITE_NUMBER,PR_SHARING_WITH) values (426,33,810,null,null,null);
Insert into PDUMARESQ.HVK_PET_RESERVATION (PET_RES_NUMBER,PET_PET_NUMBER,RES_RESERVATION_NUMBER,RUN_RUN_NUMBER,CS_CAT_SUITE_NUMBER,PR_SHARING_WITH) values (427,13,811,null,null,null);
REM INSERTING into PDUMARESQ.HVK_PET_RESERVATION_DISCOUNT
SET DEFINE OFF;
Insert into PDUMARESQ.HVK_PET_RESERVATION_DISCOUNT (DISC_DISCOUNT_NUMBER,PR_PET_RES_NUMBER) values (1,284);
Insert into PDUMARESQ.HVK_PET_RESERVATION_DISCOUNT (DISC_DISCOUNT_NUMBER,PR_PET_RES_NUMBER) values (1,285);
Insert into PDUMARESQ.HVK_PET_RESERVATION_DISCOUNT (DISC_DISCOUNT_NUMBER,PR_PET_RES_NUMBER) values (1,286);
Insert into PDUMARESQ.HVK_PET_RESERVATION_DISCOUNT (DISC_DISCOUNT_NUMBER,PR_PET_RES_NUMBER) values (1,287);
Insert into PDUMARESQ.HVK_PET_RESERVATION_DISCOUNT (DISC_DISCOUNT_NUMBER,PR_PET_RES_NUMBER) values (1,288);
Insert into PDUMARESQ.HVK_PET_RESERVATION_DISCOUNT (DISC_DISCOUNT_NUMBER,PR_PET_RES_NUMBER) values (1,289);
Insert into PDUMARESQ.HVK_PET_RESERVATION_DISCOUNT (DISC_DISCOUNT_NUMBER,PR_PET_RES_NUMBER) values (1,292);
Insert into PDUMARESQ.HVK_PET_RESERVATION_DISCOUNT (DISC_DISCOUNT_NUMBER,PR_PET_RES_NUMBER) values (1,293);
Insert into PDUMARESQ.HVK_PET_RESERVATION_DISCOUNT (DISC_DISCOUNT_NUMBER,PR_PET_RES_NUMBER) values (1,294);
Insert into PDUMARESQ.HVK_PET_RESERVATION_DISCOUNT (DISC_DISCOUNT_NUMBER,PR_PET_RES_NUMBER) values (1,295);
Insert into PDUMARESQ.HVK_PET_RESERVATION_DISCOUNT (DISC_DISCOUNT_NUMBER,PR_PET_RES_NUMBER) values (1,296);
Insert into PDUMARESQ.HVK_PET_RESERVATION_DISCOUNT (DISC_DISCOUNT_NUMBER,PR_PET_RES_NUMBER) values (1,297);
Insert into PDUMARESQ.HVK_PET_RESERVATION_DISCOUNT (DISC_DISCOUNT_NUMBER,PR_PET_RES_NUMBER) values (1,300);
Insert into PDUMARESQ.HVK_PET_RESERVATION_DISCOUNT (DISC_DISCOUNT_NUMBER,PR_PET_RES_NUMBER) values (1,301);
Insert into PDUMARESQ.HVK_PET_RESERVATION_DISCOUNT (DISC_DISCOUNT_NUMBER,PR_PET_RES_NUMBER) values (1,302);
Insert into PDUMARESQ.HVK_PET_RESERVATION_DISCOUNT (DISC_DISCOUNT_NUMBER,PR_PET_RES_NUMBER) values (1,303);
Insert into PDUMARESQ.HVK_PET_RESERVATION_DISCOUNT (DISC_DISCOUNT_NUMBER,PR_PET_RES_NUMBER) values (1,304);
Insert into PDUMARESQ.HVK_PET_RESERVATION_DISCOUNT (DISC_DISCOUNT_NUMBER,PR_PET_RES_NUMBER) values (1,305);
Insert into PDUMARESQ.HVK_PET_RESERVATION_DISCOUNT (DISC_DISCOUNT_NUMBER,PR_PET_RES_NUMBER) values (1,306);
Insert into PDUMARESQ.HVK_PET_RESERVATION_DISCOUNT (DISC_DISCOUNT_NUMBER,PR_PET_RES_NUMBER) values (1,307);
Insert into PDUMARESQ.HVK_PET_RESERVATION_DISCOUNT (DISC_DISCOUNT_NUMBER,PR_PET_RES_NUMBER) values (1,308);
Insert into PDUMARESQ.HVK_PET_RESERVATION_DISCOUNT (DISC_DISCOUNT_NUMBER,PR_PET_RES_NUMBER) values (1,309);
Insert into PDUMARESQ.HVK_PET_RESERVATION_DISCOUNT (DISC_DISCOUNT_NUMBER,PR_PET_RES_NUMBER) values (3,306);
Insert into PDUMARESQ.HVK_PET_RESERVATION_DISCOUNT (DISC_DISCOUNT_NUMBER,PR_PET_RES_NUMBER) values (3,307);
REM INSERTING into PDUMARESQ.HVK_PET_RESERVATION_SERVICE
SET DEFINE OFF;
Insert into PDUMARESQ.HVK_PET_RESERVATION_SERVICE (SERVICE_FREQUENCY,PR_PET_RES_NUMBER,SERV_SERVICE_NUMBER) values (null,264,4);
Insert into PDUMARESQ.HVK_PET_RESERVATION_SERVICE (SERVICE_FREQUENCY,PR_PET_RES_NUMBER,SERV_SERVICE_NUMBER) values (null,200,1);
Insert into PDUMARESQ.HVK_PET_RESERVATION_SERVICE (SERVICE_FREQUENCY,PR_PET_RES_NUMBER,SERV_SERVICE_NUMBER) values (null,201,1);
Insert into PDUMARESQ.HVK_PET_RESERVATION_SERVICE (SERVICE_FREQUENCY,PR_PET_RES_NUMBER,SERV_SERVICE_NUMBER) values (null,202,1);
Insert into PDUMARESQ.HVK_PET_RESERVATION_SERVICE (SERVICE_FREQUENCY,PR_PET_RES_NUMBER,SERV_SERVICE_NUMBER) values (null,204,1);
Insert into PDUMARESQ.HVK_PET_RESERVATION_SERVICE (SERVICE_FREQUENCY,PR_PET_RES_NUMBER,SERV_SERVICE_NUMBER) values (null,205,1);
Insert into PDUMARESQ.HVK_PET_RESERVATION_SERVICE (SERVICE_FREQUENCY,PR_PET_RES_NUMBER,SERV_SERVICE_NUMBER) values (null,206,1);
Insert into PDUMARESQ.HVK_PET_RESERVATION_SERVICE (SERVICE_FREQUENCY,PR_PET_RES_NUMBER,SERV_SERVICE_NUMBER) values (null,219,1);
Insert into PDUMARESQ.HVK_PET_RESERVATION_SERVICE (SERVICE_FREQUENCY,PR_PET_RES_NUMBER,SERV_SERVICE_NUMBER) values (null,225,1);
Insert into PDUMARESQ.HVK_PET_RESERVATION_SERVICE (SERVICE_FREQUENCY,PR_PET_RES_NUMBER,SERV_SERVICE_NUMBER) values (null,225,5);
Insert into PDUMARESQ.HVK_PET_RESERVATION_SERVICE (SERVICE_FREQUENCY,PR_PET_RES_NUMBER,SERV_SERVICE_NUMBER) values (null,231,1);
Insert into PDUMARESQ.HVK_PET_RESERVATION_SERVICE (SERVICE_FREQUENCY,PR_PET_RES_NUMBER,SERV_SERVICE_NUMBER) values (null,231,5);
Insert into PDUMARESQ.HVK_PET_RESERVATION_SERVICE (SERVICE_FREQUENCY,PR_PET_RES_NUMBER,SERV_SERVICE_NUMBER) values (null,223,1);
Insert into PDUMARESQ.HVK_PET_RESERVATION_SERVICE (SERVICE_FREQUENCY,PR_PET_RES_NUMBER,SERV_SERVICE_NUMBER) values (null,223,2);
Insert into PDUMARESQ.HVK_PET_RESERVATION_SERVICE (SERVICE_FREQUENCY,PR_PET_RES_NUMBER,SERV_SERVICE_NUMBER) values (null,224,1);
Insert into PDUMARESQ.HVK_PET_RESERVATION_SERVICE (SERVICE_FREQUENCY,PR_PET_RES_NUMBER,SERV_SERVICE_NUMBER) values (null,224,5);
Insert into PDUMARESQ.HVK_PET_RESERVATION_SERVICE (SERVICE_FREQUENCY,PR_PET_RES_NUMBER,SERV_SERVICE_NUMBER) values (2,224,3);
Insert into PDUMARESQ.HVK_PET_RESERVATION_SERVICE (SERVICE_FREQUENCY,PR_PET_RES_NUMBER,SERV_SERVICE_NUMBER) values (null,229,1);
Insert into PDUMARESQ.HVK_PET_RESERVATION_SERVICE (SERVICE_FREQUENCY,PR_PET_RES_NUMBER,SERV_SERVICE_NUMBER) values (null,229,2);
Insert into PDUMARESQ.HVK_PET_RESERVATION_SERVICE (SERVICE_FREQUENCY,PR_PET_RES_NUMBER,SERV_SERVICE_NUMBER) values (1,229,3);
Insert into PDUMARESQ.HVK_PET_RESERVATION_SERVICE (SERVICE_FREQUENCY,PR_PET_RES_NUMBER,SERV_SERVICE_NUMBER) values (null,230,1);
Insert into PDUMARESQ.HVK_PET_RESERVATION_SERVICE (SERVICE_FREQUENCY,PR_PET_RES_NUMBER,SERV_SERVICE_NUMBER) values (null,230,5);
Insert into PDUMARESQ.HVK_PET_RESERVATION_SERVICE (SERVICE_FREQUENCY,PR_PET_RES_NUMBER,SERV_SERVICE_NUMBER) values (null,264,1);
Insert into PDUMARESQ.HVK_PET_RESERVATION_SERVICE (SERVICE_FREQUENCY,PR_PET_RES_NUMBER,SERV_SERVICE_NUMBER) values (null,264,5);
Insert into PDUMARESQ.HVK_PET_RESERVATION_SERVICE (SERVICE_FREQUENCY,PR_PET_RES_NUMBER,SERV_SERVICE_NUMBER) values (1,264,3);
Insert into PDUMARESQ.HVK_PET_RESERVATION_SERVICE (SERVICE_FREQUENCY,PR_PET_RES_NUMBER,SERV_SERVICE_NUMBER) values (null,232,1);
Insert into PDUMARESQ.HVK_PET_RESERVATION_SERVICE (SERVICE_FREQUENCY,PR_PET_RES_NUMBER,SERV_SERVICE_NUMBER) values (null,232,5);
Insert into PDUMARESQ.HVK_PET_RESERVATION_SERVICE (SERVICE_FREQUENCY,PR_PET_RES_NUMBER,SERV_SERVICE_NUMBER) values (null,228,1);
Insert into PDUMARESQ.HVK_PET_RESERVATION_SERVICE (SERVICE_FREQUENCY,PR_PET_RES_NUMBER,SERV_SERVICE_NUMBER) values (null,228,2);
Insert into PDUMARESQ.HVK_PET_RESERVATION_SERVICE (SERVICE_FREQUENCY,PR_PET_RES_NUMBER,SERV_SERVICE_NUMBER) values (null,226,1);
Insert into PDUMARESQ.HVK_PET_RESERVATION_SERVICE (SERVICE_FREQUENCY,PR_PET_RES_NUMBER,SERV_SERVICE_NUMBER) values (null,227,1);
Insert into PDUMARESQ.HVK_PET_RESERVATION_SERVICE (SERVICE_FREQUENCY,PR_PET_RES_NUMBER,SERV_SERVICE_NUMBER) values (null,233,1);
Insert into PDUMARESQ.HVK_PET_RESERVATION_SERVICE (SERVICE_FREQUENCY,PR_PET_RES_NUMBER,SERV_SERVICE_NUMBER) values (null,233,2);
Insert into PDUMARESQ.HVK_PET_RESERVATION_SERVICE (SERVICE_FREQUENCY,PR_PET_RES_NUMBER,SERV_SERVICE_NUMBER) values (null,234,1);
Insert into PDUMARESQ.HVK_PET_RESERVATION_SERVICE (SERVICE_FREQUENCY,PR_PET_RES_NUMBER,SERV_SERVICE_NUMBER) values (null,235,1);
Insert into PDUMARESQ.HVK_PET_RESERVATION_SERVICE (SERVICE_FREQUENCY,PR_PET_RES_NUMBER,SERV_SERVICE_NUMBER) values (null,236,1);
Insert into PDUMARESQ.HVK_PET_RESERVATION_SERVICE (SERVICE_FREQUENCY,PR_PET_RES_NUMBER,SERV_SERVICE_NUMBER) values (null,237,1);
Insert into PDUMARESQ.HVK_PET_RESERVATION_SERVICE (SERVICE_FREQUENCY,PR_PET_RES_NUMBER,SERV_SERVICE_NUMBER) values (null,239,1);
Insert into PDUMARESQ.HVK_PET_RESERVATION_SERVICE (SERVICE_FREQUENCY,PR_PET_RES_NUMBER,SERV_SERVICE_NUMBER) values (null,240,1);
Insert into PDUMARESQ.HVK_PET_RESERVATION_SERVICE (SERVICE_FREQUENCY,PR_PET_RES_NUMBER,SERV_SERVICE_NUMBER) values (null,241,1);
Insert into PDUMARESQ.HVK_PET_RESERVATION_SERVICE (SERVICE_FREQUENCY,PR_PET_RES_NUMBER,SERV_SERVICE_NUMBER) values (null,242,1);
Insert into PDUMARESQ.HVK_PET_RESERVATION_SERVICE (SERVICE_FREQUENCY,PR_PET_RES_NUMBER,SERV_SERVICE_NUMBER) values (null,243,1);
Insert into PDUMARESQ.HVK_PET_RESERVATION_SERVICE (SERVICE_FREQUENCY,PR_PET_RES_NUMBER,SERV_SERVICE_NUMBER) values (null,272,1);
Insert into PDUMARESQ.HVK_PET_RESERVATION_SERVICE (SERVICE_FREQUENCY,PR_PET_RES_NUMBER,SERV_SERVICE_NUMBER) values (null,298,1);
Insert into PDUMARESQ.HVK_PET_RESERVATION_SERVICE (SERVICE_FREQUENCY,PR_PET_RES_NUMBER,SERV_SERVICE_NUMBER) values (null,249,1);
Insert into PDUMARESQ.HVK_PET_RESERVATION_SERVICE (SERVICE_FREQUENCY,PR_PET_RES_NUMBER,SERV_SERVICE_NUMBER) values (null,249,5);
Insert into PDUMARESQ.HVK_PET_RESERVATION_SERVICE (SERVICE_FREQUENCY,PR_PET_RES_NUMBER,SERV_SERVICE_NUMBER) values (1,249,3);
Insert into PDUMARESQ.HVK_PET_RESERVATION_SERVICE (SERVICE_FREQUENCY,PR_PET_RES_NUMBER,SERV_SERVICE_NUMBER) values (1,237,3);
Insert into PDUMARESQ.HVK_PET_RESERVATION_SERVICE (SERVICE_FREQUENCY,PR_PET_RES_NUMBER,SERV_SERVICE_NUMBER) values (null,240,4);
Insert into PDUMARESQ.HVK_PET_RESERVATION_SERVICE (SERVICE_FREQUENCY,PR_PET_RES_NUMBER,SERV_SERVICE_NUMBER) values (2,233,3);
Insert into PDUMARESQ.HVK_PET_RESERVATION_SERVICE (SERVICE_FREQUENCY,PR_PET_RES_NUMBER,SERV_SERVICE_NUMBER) values (3,234,3);
Insert into PDUMARESQ.HVK_PET_RESERVATION_SERVICE (SERVICE_FREQUENCY,PR_PET_RES_NUMBER,SERV_SERVICE_NUMBER) values (null,234,5);
Insert into PDUMARESQ.HVK_PET_RESERVATION_SERVICE (SERVICE_FREQUENCY,PR_PET_RES_NUMBER,SERV_SERVICE_NUMBER) values (null,234,2);
Insert into PDUMARESQ.HVK_PET_RESERVATION_SERVICE (SERVICE_FREQUENCY,PR_PET_RES_NUMBER,SERV_SERVICE_NUMBER) values (null,250,1);
Insert into PDUMARESQ.HVK_PET_RESERVATION_SERVICE (SERVICE_FREQUENCY,PR_PET_RES_NUMBER,SERV_SERVICE_NUMBER) values (null,252,1);
Insert into PDUMARESQ.HVK_PET_RESERVATION_SERVICE (SERVICE_FREQUENCY,PR_PET_RES_NUMBER,SERV_SERVICE_NUMBER) values (null,251,1);
Insert into PDUMARESQ.HVK_PET_RESERVATION_SERVICE (SERVICE_FREQUENCY,PR_PET_RES_NUMBER,SERV_SERVICE_NUMBER) values (null,253,1);
Insert into PDUMARESQ.HVK_PET_RESERVATION_SERVICE (SERVICE_FREQUENCY,PR_PET_RES_NUMBER,SERV_SERVICE_NUMBER) values (null,254,1);
Insert into PDUMARESQ.HVK_PET_RESERVATION_SERVICE (SERVICE_FREQUENCY,PR_PET_RES_NUMBER,SERV_SERVICE_NUMBER) values (null,255,1);
Insert into PDUMARESQ.HVK_PET_RESERVATION_SERVICE (SERVICE_FREQUENCY,PR_PET_RES_NUMBER,SERV_SERVICE_NUMBER) values (null,256,1);
Insert into PDUMARESQ.HVK_PET_RESERVATION_SERVICE (SERVICE_FREQUENCY,PR_PET_RES_NUMBER,SERV_SERVICE_NUMBER) values (null,257,1);
Insert into PDUMARESQ.HVK_PET_RESERVATION_SERVICE (SERVICE_FREQUENCY,PR_PET_RES_NUMBER,SERV_SERVICE_NUMBER) values (null,261,1);
Insert into PDUMARESQ.HVK_PET_RESERVATION_SERVICE (SERVICE_FREQUENCY,PR_PET_RES_NUMBER,SERV_SERVICE_NUMBER) values (null,299,1);
Insert into PDUMARESQ.HVK_PET_RESERVATION_SERVICE (SERVICE_FREQUENCY,PR_PET_RES_NUMBER,SERV_SERVICE_NUMBER) values (null,277,1);
Insert into PDUMARESQ.HVK_PET_RESERVATION_SERVICE (SERVICE_FREQUENCY,PR_PET_RES_NUMBER,SERV_SERVICE_NUMBER) values (null,276,1);
Insert into PDUMARESQ.HVK_PET_RESERVATION_SERVICE (SERVICE_FREQUENCY,PR_PET_RES_NUMBER,SERV_SERVICE_NUMBER) values (null,275,1);
Insert into PDUMARESQ.HVK_PET_RESERVATION_SERVICE (SERVICE_FREQUENCY,PR_PET_RES_NUMBER,SERV_SERVICE_NUMBER) values (null,207,1);
Insert into PDUMARESQ.HVK_PET_RESERVATION_SERVICE (SERVICE_FREQUENCY,PR_PET_RES_NUMBER,SERV_SERVICE_NUMBER) values (null,208,1);
Insert into PDUMARESQ.HVK_PET_RESERVATION_SERVICE (SERVICE_FREQUENCY,PR_PET_RES_NUMBER,SERV_SERVICE_NUMBER) values (null,209,1);
Insert into PDUMARESQ.HVK_PET_RESERVATION_SERVICE (SERVICE_FREQUENCY,PR_PET_RES_NUMBER,SERV_SERVICE_NUMBER) values (null,210,1);
Insert into PDUMARESQ.HVK_PET_RESERVATION_SERVICE (SERVICE_FREQUENCY,PR_PET_RES_NUMBER,SERV_SERVICE_NUMBER) values (null,211,1);
Insert into PDUMARESQ.HVK_PET_RESERVATION_SERVICE (SERVICE_FREQUENCY,PR_PET_RES_NUMBER,SERV_SERVICE_NUMBER) values (null,212,1);
Insert into PDUMARESQ.HVK_PET_RESERVATION_SERVICE (SERVICE_FREQUENCY,PR_PET_RES_NUMBER,SERV_SERVICE_NUMBER) values (null,213,1);
Insert into PDUMARESQ.HVK_PET_RESERVATION_SERVICE (SERVICE_FREQUENCY,PR_PET_RES_NUMBER,SERV_SERVICE_NUMBER) values (null,214,1);
Insert into PDUMARESQ.HVK_PET_RESERVATION_SERVICE (SERVICE_FREQUENCY,PR_PET_RES_NUMBER,SERV_SERVICE_NUMBER) values (null,215,1);
Insert into PDUMARESQ.HVK_PET_RESERVATION_SERVICE (SERVICE_FREQUENCY,PR_PET_RES_NUMBER,SERV_SERVICE_NUMBER) values (null,216,1);
Insert into PDUMARESQ.HVK_PET_RESERVATION_SERVICE (SERVICE_FREQUENCY,PR_PET_RES_NUMBER,SERV_SERVICE_NUMBER) values (null,217,1);
Insert into PDUMARESQ.HVK_PET_RESERVATION_SERVICE (SERVICE_FREQUENCY,PR_PET_RES_NUMBER,SERV_SERVICE_NUMBER) values (null,268,1);
Insert into PDUMARESQ.HVK_PET_RESERVATION_SERVICE (SERVICE_FREQUENCY,PR_PET_RES_NUMBER,SERV_SERVICE_NUMBER) values (null,270,1);
Insert into PDUMARESQ.HVK_PET_RESERVATION_SERVICE (SERVICE_FREQUENCY,PR_PET_RES_NUMBER,SERV_SERVICE_NUMBER) values (null,271,1);
Insert into PDUMARESQ.HVK_PET_RESERVATION_SERVICE (SERVICE_FREQUENCY,PR_PET_RES_NUMBER,SERV_SERVICE_NUMBER) values (null,273,1);
Insert into PDUMARESQ.HVK_PET_RESERVATION_SERVICE (SERVICE_FREQUENCY,PR_PET_RES_NUMBER,SERV_SERVICE_NUMBER) values (null,274,1);
Insert into PDUMARESQ.HVK_PET_RESERVATION_SERVICE (SERVICE_FREQUENCY,PR_PET_RES_NUMBER,SERV_SERVICE_NUMBER) values (null,404,1);
Insert into PDUMARESQ.HVK_PET_RESERVATION_SERVICE (SERVICE_FREQUENCY,PR_PET_RES_NUMBER,SERV_SERVICE_NUMBER) values (null,405,1);
Insert into PDUMARESQ.HVK_PET_RESERVATION_SERVICE (SERVICE_FREQUENCY,PR_PET_RES_NUMBER,SERV_SERVICE_NUMBER) values (null,406,1);
Insert into PDUMARESQ.HVK_PET_RESERVATION_SERVICE (SERVICE_FREQUENCY,PR_PET_RES_NUMBER,SERV_SERVICE_NUMBER) values (null,409,1);
Insert into PDUMARESQ.HVK_PET_RESERVATION_SERVICE (SERVICE_FREQUENCY,PR_PET_RES_NUMBER,SERV_SERVICE_NUMBER) values (null,410,1);
Insert into PDUMARESQ.HVK_PET_RESERVATION_SERVICE (SERVICE_FREQUENCY,PR_PET_RES_NUMBER,SERV_SERVICE_NUMBER) values (null,411,1);
Insert into PDUMARESQ.HVK_PET_RESERVATION_SERVICE (SERVICE_FREQUENCY,PR_PET_RES_NUMBER,SERV_SERVICE_NUMBER) values (null,412,1);
Insert into PDUMARESQ.HVK_PET_RESERVATION_SERVICE (SERVICE_FREQUENCY,PR_PET_RES_NUMBER,SERV_SERVICE_NUMBER) values (1,276,3);
Insert into PDUMARESQ.HVK_PET_RESERVATION_SERVICE (SERVICE_FREQUENCY,PR_PET_RES_NUMBER,SERV_SERVICE_NUMBER) values (null,405,2);
Insert into PDUMARESQ.HVK_PET_RESERVATION_SERVICE (SERVICE_FREQUENCY,PR_PET_RES_NUMBER,SERV_SERVICE_NUMBER) values (null,285,1);
Insert into PDUMARESQ.HVK_PET_RESERVATION_SERVICE (SERVICE_FREQUENCY,PR_PET_RES_NUMBER,SERV_SERVICE_NUMBER) values (null,284,1);
Insert into PDUMARESQ.HVK_PET_RESERVATION_SERVICE (SERVICE_FREQUENCY,PR_PET_RES_NUMBER,SERV_SERVICE_NUMBER) values (null,287,1);
Insert into PDUMARESQ.HVK_PET_RESERVATION_SERVICE (SERVICE_FREQUENCY,PR_PET_RES_NUMBER,SERV_SERVICE_NUMBER) values (null,287,5);
Insert into PDUMARESQ.HVK_PET_RESERVATION_SERVICE (SERVICE_FREQUENCY,PR_PET_RES_NUMBER,SERV_SERVICE_NUMBER) values (2,287,3);
Insert into PDUMARESQ.HVK_PET_RESERVATION_SERVICE (SERVICE_FREQUENCY,PR_PET_RES_NUMBER,SERV_SERVICE_NUMBER) values (null,286,1);
Insert into PDUMARESQ.HVK_PET_RESERVATION_SERVICE (SERVICE_FREQUENCY,PR_PET_RES_NUMBER,SERV_SERVICE_NUMBER) values (null,288,1);
Insert into PDUMARESQ.HVK_PET_RESERVATION_SERVICE (SERVICE_FREQUENCY,PR_PET_RES_NUMBER,SERV_SERVICE_NUMBER) values (null,289,1);
Insert into PDUMARESQ.HVK_PET_RESERVATION_SERVICE (SERVICE_FREQUENCY,PR_PET_RES_NUMBER,SERV_SERVICE_NUMBER) values (null,292,1);
Insert into PDUMARESQ.HVK_PET_RESERVATION_SERVICE (SERVICE_FREQUENCY,PR_PET_RES_NUMBER,SERV_SERVICE_NUMBER) values (null,293,1);
Insert into PDUMARESQ.HVK_PET_RESERVATION_SERVICE (SERVICE_FREQUENCY,PR_PET_RES_NUMBER,SERV_SERVICE_NUMBER) values (null,294,1);
Insert into PDUMARESQ.HVK_PET_RESERVATION_SERVICE (SERVICE_FREQUENCY,PR_PET_RES_NUMBER,SERV_SERVICE_NUMBER) values (null,295,1);
Insert into PDUMARESQ.HVK_PET_RESERVATION_SERVICE (SERVICE_FREQUENCY,PR_PET_RES_NUMBER,SERV_SERVICE_NUMBER) values (null,296,1);
Insert into PDUMARESQ.HVK_PET_RESERVATION_SERVICE (SERVICE_FREQUENCY,PR_PET_RES_NUMBER,SERV_SERVICE_NUMBER) values (null,302,1);
Insert into PDUMARESQ.HVK_PET_RESERVATION_SERVICE (SERVICE_FREQUENCY,PR_PET_RES_NUMBER,SERV_SERVICE_NUMBER) values (null,302,2);
Insert into PDUMARESQ.HVK_PET_RESERVATION_SERVICE (SERVICE_FREQUENCY,PR_PET_RES_NUMBER,SERV_SERVICE_NUMBER) values (null,302,4);
Insert into PDUMARESQ.HVK_PET_RESERVATION_SERVICE (SERVICE_FREQUENCY,PR_PET_RES_NUMBER,SERV_SERVICE_NUMBER) values (null,303,1);
Insert into PDUMARESQ.HVK_PET_RESERVATION_SERVICE (SERVICE_FREQUENCY,PR_PET_RES_NUMBER,SERV_SERVICE_NUMBER) values (null,303,2);
Insert into PDUMARESQ.HVK_PET_RESERVATION_SERVICE (SERVICE_FREQUENCY,PR_PET_RES_NUMBER,SERV_SERVICE_NUMBER) values (null,300,1);
Insert into PDUMARESQ.HVK_PET_RESERVATION_SERVICE (SERVICE_FREQUENCY,PR_PET_RES_NUMBER,SERV_SERVICE_NUMBER) values (null,300,2);
Insert into PDUMARESQ.HVK_PET_RESERVATION_SERVICE (SERVICE_FREQUENCY,PR_PET_RES_NUMBER,SERV_SERVICE_NUMBER) values (null,300,4);
Insert into PDUMARESQ.HVK_PET_RESERVATION_SERVICE (SERVICE_FREQUENCY,PR_PET_RES_NUMBER,SERV_SERVICE_NUMBER) values (null,301,1);
Insert into PDUMARESQ.HVK_PET_RESERVATION_SERVICE (SERVICE_FREQUENCY,PR_PET_RES_NUMBER,SERV_SERVICE_NUMBER) values (null,301,2);
Insert into PDUMARESQ.HVK_PET_RESERVATION_SERVICE (SERVICE_FREQUENCY,PR_PET_RES_NUMBER,SERV_SERVICE_NUMBER) values (null,304,1);
Insert into PDUMARESQ.HVK_PET_RESERVATION_SERVICE (SERVICE_FREQUENCY,PR_PET_RES_NUMBER,SERV_SERVICE_NUMBER) values (null,304,5);
Insert into PDUMARESQ.HVK_PET_RESERVATION_SERVICE (SERVICE_FREQUENCY,PR_PET_RES_NUMBER,SERV_SERVICE_NUMBER) values (null,305,1);
Insert into PDUMARESQ.HVK_PET_RESERVATION_SERVICE (SERVICE_FREQUENCY,PR_PET_RES_NUMBER,SERV_SERVICE_NUMBER) values (null,305,5);
Insert into PDUMARESQ.HVK_PET_RESERVATION_SERVICE (SERVICE_FREQUENCY,PR_PET_RES_NUMBER,SERV_SERVICE_NUMBER) values (1,305,3);
Insert into PDUMARESQ.HVK_PET_RESERVATION_SERVICE (SERVICE_FREQUENCY,PR_PET_RES_NUMBER,SERV_SERVICE_NUMBER) values (null,306,1);
Insert into PDUMARESQ.HVK_PET_RESERVATION_SERVICE (SERVICE_FREQUENCY,PR_PET_RES_NUMBER,SERV_SERVICE_NUMBER) values (null,306,2);
Insert into PDUMARESQ.HVK_PET_RESERVATION_SERVICE (SERVICE_FREQUENCY,PR_PET_RES_NUMBER,SERV_SERVICE_NUMBER) values (1,306,3);
Insert into PDUMARESQ.HVK_PET_RESERVATION_SERVICE (SERVICE_FREQUENCY,PR_PET_RES_NUMBER,SERV_SERVICE_NUMBER) values (null,307,1);
Insert into PDUMARESQ.HVK_PET_RESERVATION_SERVICE (SERVICE_FREQUENCY,PR_PET_RES_NUMBER,SERV_SERVICE_NUMBER) values (null,307,2);
Insert into PDUMARESQ.HVK_PET_RESERVATION_SERVICE (SERVICE_FREQUENCY,PR_PET_RES_NUMBER,SERV_SERVICE_NUMBER) values (1,307,3);
Insert into PDUMARESQ.HVK_PET_RESERVATION_SERVICE (SERVICE_FREQUENCY,PR_PET_RES_NUMBER,SERV_SERVICE_NUMBER) values (null,287,4);
Insert into PDUMARESQ.HVK_PET_RESERVATION_SERVICE (SERVICE_FREQUENCY,PR_PET_RES_NUMBER,SERV_SERVICE_NUMBER) values (2,296,3);
Insert into PDUMARESQ.HVK_PET_RESERVATION_SERVICE (SERVICE_FREQUENCY,PR_PET_RES_NUMBER,SERV_SERVICE_NUMBER) values (null,296,2);
Insert into PDUMARESQ.HVK_PET_RESERVATION_SERVICE (SERVICE_FREQUENCY,PR_PET_RES_NUMBER,SERV_SERVICE_NUMBER) values (null,296,5);
Insert into PDUMARESQ.HVK_PET_RESERVATION_SERVICE (SERVICE_FREQUENCY,PR_PET_RES_NUMBER,SERV_SERVICE_NUMBER) values (null,297,1);
Insert into PDUMARESQ.HVK_PET_RESERVATION_SERVICE (SERVICE_FREQUENCY,PR_PET_RES_NUMBER,SERV_SERVICE_NUMBER) values (null,283,1);
Insert into PDUMARESQ.HVK_PET_RESERVATION_SERVICE (SERVICE_FREQUENCY,PR_PET_RES_NUMBER,SERV_SERVICE_NUMBER) values (null,308,1);
Insert into PDUMARESQ.HVK_PET_RESERVATION_SERVICE (SERVICE_FREQUENCY,PR_PET_RES_NUMBER,SERV_SERVICE_NUMBER) values (null,309,1);
Insert into PDUMARESQ.HVK_PET_RESERVATION_SERVICE (SERVICE_FREQUENCY,PR_PET_RES_NUMBER,SERV_SERVICE_NUMBER) values (null,400,1);
Insert into PDUMARESQ.HVK_PET_RESERVATION_SERVICE (SERVICE_FREQUENCY,PR_PET_RES_NUMBER,SERV_SERVICE_NUMBER) values (null,401,1);
Insert into PDUMARESQ.HVK_PET_RESERVATION_SERVICE (SERVICE_FREQUENCY,PR_PET_RES_NUMBER,SERV_SERVICE_NUMBER) values (null,402,1);
Insert into PDUMARESQ.HVK_PET_RESERVATION_SERVICE (SERVICE_FREQUENCY,PR_PET_RES_NUMBER,SERV_SERVICE_NUMBER) values (null,403,1);
Insert into PDUMARESQ.HVK_PET_RESERVATION_SERVICE (SERVICE_FREQUENCY,PR_PET_RES_NUMBER,SERV_SERVICE_NUMBER) values (null,407,1);
Insert into PDUMARESQ.HVK_PET_RESERVATION_SERVICE (SERVICE_FREQUENCY,PR_PET_RES_NUMBER,SERV_SERVICE_NUMBER) values (null,408,1);
Insert into PDUMARESQ.HVK_PET_RESERVATION_SERVICE (SERVICE_FREQUENCY,PR_PET_RES_NUMBER,SERV_SERVICE_NUMBER) values (null,413,1);
Insert into PDUMARESQ.HVK_PET_RESERVATION_SERVICE (SERVICE_FREQUENCY,PR_PET_RES_NUMBER,SERV_SERVICE_NUMBER) values (null,414,1);
Insert into PDUMARESQ.HVK_PET_RESERVATION_SERVICE (SERVICE_FREQUENCY,PR_PET_RES_NUMBER,SERV_SERVICE_NUMBER) values (null,415,1);
Insert into PDUMARESQ.HVK_PET_RESERVATION_SERVICE (SERVICE_FREQUENCY,PR_PET_RES_NUMBER,SERV_SERVICE_NUMBER) values (null,416,1);
Insert into PDUMARESQ.HVK_PET_RESERVATION_SERVICE (SERVICE_FREQUENCY,PR_PET_RES_NUMBER,SERV_SERVICE_NUMBER) values (null,417,1);
Insert into PDUMARESQ.HVK_PET_RESERVATION_SERVICE (SERVICE_FREQUENCY,PR_PET_RES_NUMBER,SERV_SERVICE_NUMBER) values (null,418,1);
Insert into PDUMARESQ.HVK_PET_RESERVATION_SERVICE (SERVICE_FREQUENCY,PR_PET_RES_NUMBER,SERV_SERVICE_NUMBER) values (null,419,1);
Insert into PDUMARESQ.HVK_PET_RESERVATION_SERVICE (SERVICE_FREQUENCY,PR_PET_RES_NUMBER,SERV_SERVICE_NUMBER) values (null,420,1);
Insert into PDUMARESQ.HVK_PET_RESERVATION_SERVICE (SERVICE_FREQUENCY,PR_PET_RES_NUMBER,SERV_SERVICE_NUMBER) values (null,421,1);
Insert into PDUMARESQ.HVK_PET_RESERVATION_SERVICE (SERVICE_FREQUENCY,PR_PET_RES_NUMBER,SERV_SERVICE_NUMBER) values (null,310,1);
Insert into PDUMARESQ.HVK_PET_RESERVATION_SERVICE (SERVICE_FREQUENCY,PR_PET_RES_NUMBER,SERV_SERVICE_NUMBER) values (null,311,1);
Insert into PDUMARESQ.HVK_PET_RESERVATION_SERVICE (SERVICE_FREQUENCY,PR_PET_RES_NUMBER,SERV_SERVICE_NUMBER) values (1,310,4);
Insert into PDUMARESQ.HVK_PET_RESERVATION_SERVICE (SERVICE_FREQUENCY,PR_PET_RES_NUMBER,SERV_SERVICE_NUMBER) values (1,310,6);
Insert into PDUMARESQ.HVK_PET_RESERVATION_SERVICE (SERVICE_FREQUENCY,PR_PET_RES_NUMBER,SERV_SERVICE_NUMBER) values (null,308,4);
Insert into PDUMARESQ.HVK_PET_RESERVATION_SERVICE (SERVICE_FREQUENCY,PR_PET_RES_NUMBER,SERV_SERVICE_NUMBER) values (1,311,4);
Insert into PDUMARESQ.HVK_PET_RESERVATION_SERVICE (SERVICE_FREQUENCY,PR_PET_RES_NUMBER,SERV_SERVICE_NUMBER) values (null,422,1);
Insert into PDUMARESQ.HVK_PET_RESERVATION_SERVICE (SERVICE_FREQUENCY,PR_PET_RES_NUMBER,SERV_SERVICE_NUMBER) values (null,423,1);
Insert into PDUMARESQ.HVK_PET_RESERVATION_SERVICE (SERVICE_FREQUENCY,PR_PET_RES_NUMBER,SERV_SERVICE_NUMBER) values (null,423,3);
Insert into PDUMARESQ.HVK_PET_RESERVATION_SERVICE (SERVICE_FREQUENCY,PR_PET_RES_NUMBER,SERV_SERVICE_NUMBER) values (null,422,3);
Insert into PDUMARESQ.HVK_PET_RESERVATION_SERVICE (SERVICE_FREQUENCY,PR_PET_RES_NUMBER,SERV_SERVICE_NUMBER) values (null,423,2);
Insert into PDUMARESQ.HVK_PET_RESERVATION_SERVICE (SERVICE_FREQUENCY,PR_PET_RES_NUMBER,SERV_SERVICE_NUMBER) values (null,424,1);
Insert into PDUMARESQ.HVK_PET_RESERVATION_SERVICE (SERVICE_FREQUENCY,PR_PET_RES_NUMBER,SERV_SERVICE_NUMBER) values (null,425,1);
Insert into PDUMARESQ.HVK_PET_RESERVATION_SERVICE (SERVICE_FREQUENCY,PR_PET_RES_NUMBER,SERV_SERVICE_NUMBER) values (null,426,1);
Insert into PDUMARESQ.HVK_PET_RESERVATION_SERVICE (SERVICE_FREQUENCY,PR_PET_RES_NUMBER,SERV_SERVICE_NUMBER) values (null,427,1);
REM INSERTING into PDUMARESQ.HVK_PET_VACCINATION
SET DEFINE OFF;
Insert into PDUMARESQ.HVK_PET_VACCINATION (VACCINATION_EXPIRY_DATE,VACC_VACCINATION_NUMBER,PET_PET_NUMBER) values (to_date('15-01-12','RR-MM-DD'),1,33);
Insert into PDUMARESQ.HVK_PET_VACCINATION (VACCINATION_EXPIRY_DATE,VACC_VACCINATION_NUMBER,PET_PET_NUMBER) values (to_date('15-01-12','RR-MM-DD'),2,33);
Insert into PDUMARESQ.HVK_PET_VACCINATION (VACCINATION_EXPIRY_DATE,VACC_VACCINATION_NUMBER,PET_PET_NUMBER) values (to_date('15-01-12','RR-MM-DD'),3,33);
Insert into PDUMARESQ.HVK_PET_VACCINATION (VACCINATION_EXPIRY_DATE,VACC_VACCINATION_NUMBER,PET_PET_NUMBER) values (to_date('15-01-12','RR-MM-DD'),4,33);
Insert into PDUMARESQ.HVK_PET_VACCINATION (VACCINATION_EXPIRY_DATE,VACC_VACCINATION_NUMBER,PET_PET_NUMBER) values (to_date('16-01-12','RR-MM-DD'),5,33);
Insert into PDUMARESQ.HVK_PET_VACCINATION (VACCINATION_EXPIRY_DATE,VACC_VACCINATION_NUMBER,PET_PET_NUMBER) values (to_date('16-01-12','RR-MM-DD'),6,33);
Insert into PDUMARESQ.HVK_PET_VACCINATION (VACCINATION_EXPIRY_DATE,VACC_VACCINATION_NUMBER,PET_PET_NUMBER) values (to_date('14-09-10','RR-MM-DD'),1,35);
Insert into PDUMARESQ.HVK_PET_VACCINATION (VACCINATION_EXPIRY_DATE,VACC_VACCINATION_NUMBER,PET_PET_NUMBER) values (to_date('14-09-10','RR-MM-DD'),2,35);
Insert into PDUMARESQ.HVK_PET_VACCINATION (VACCINATION_EXPIRY_DATE,VACC_VACCINATION_NUMBER,PET_PET_NUMBER) values (to_date('14-09-10','RR-MM-DD'),3,35);
Insert into PDUMARESQ.HVK_PET_VACCINATION (VACCINATION_EXPIRY_DATE,VACC_VACCINATION_NUMBER,PET_PET_NUMBER) values (to_date('14-09-10','RR-MM-DD'),4,35);
Insert into PDUMARESQ.HVK_PET_VACCINATION (VACCINATION_EXPIRY_DATE,VACC_VACCINATION_NUMBER,PET_PET_NUMBER) values (to_date('14-09-10','RR-MM-DD'),5,35);
Insert into PDUMARESQ.HVK_PET_VACCINATION (VACCINATION_EXPIRY_DATE,VACC_VACCINATION_NUMBER,PET_PET_NUMBER) values (to_date('14-09-10','RR-MM-DD'),6,35);
Insert into PDUMARESQ.HVK_PET_VACCINATION (VACCINATION_EXPIRY_DATE,VACC_VACCINATION_NUMBER,PET_PET_NUMBER) values (to_date('15-05-05','RR-MM-DD'),1,13);
Insert into PDUMARESQ.HVK_PET_VACCINATION (VACCINATION_EXPIRY_DATE,VACC_VACCINATION_NUMBER,PET_PET_NUMBER) values (to_date('15-05-05','RR-MM-DD'),2,13);
Insert into PDUMARESQ.HVK_PET_VACCINATION (VACCINATION_EXPIRY_DATE,VACC_VACCINATION_NUMBER,PET_PET_NUMBER) values (to_date('15-05-05','RR-MM-DD'),3,13);
Insert into PDUMARESQ.HVK_PET_VACCINATION (VACCINATION_EXPIRY_DATE,VACC_VACCINATION_NUMBER,PET_PET_NUMBER) values (to_date('15-05-05','RR-MM-DD'),4,13);
Insert into PDUMARESQ.HVK_PET_VACCINATION (VACCINATION_EXPIRY_DATE,VACC_VACCINATION_NUMBER,PET_PET_NUMBER) values (to_date('15-05-05','RR-MM-DD'),5,13);
Insert into PDUMARESQ.HVK_PET_VACCINATION (VACCINATION_EXPIRY_DATE,VACC_VACCINATION_NUMBER,PET_PET_NUMBER) values (to_date('15-05-05','RR-MM-DD'),1,9);
Insert into PDUMARESQ.HVK_PET_VACCINATION (VACCINATION_EXPIRY_DATE,VACC_VACCINATION_NUMBER,PET_PET_NUMBER) values (to_date('15-05-05','RR-MM-DD'),2,9);
Insert into PDUMARESQ.HVK_PET_VACCINATION (VACCINATION_EXPIRY_DATE,VACC_VACCINATION_NUMBER,PET_PET_NUMBER) values (to_date('14-11-05','RR-MM-DD'),1,1);
Insert into PDUMARESQ.HVK_PET_VACCINATION (VACCINATION_EXPIRY_DATE,VACC_VACCINATION_NUMBER,PET_PET_NUMBER) values (to_date('14-11-05','RR-MM-DD'),2,1);
Insert into PDUMARESQ.HVK_PET_VACCINATION (VACCINATION_EXPIRY_DATE,VACC_VACCINATION_NUMBER,PET_PET_NUMBER) values (to_date('14-11-05','RR-MM-DD'),3,1);
Insert into PDUMARESQ.HVK_PET_VACCINATION (VACCINATION_EXPIRY_DATE,VACC_VACCINATION_NUMBER,PET_PET_NUMBER) values (to_date('14-11-05','RR-MM-DD'),4,1);
Insert into PDUMARESQ.HVK_PET_VACCINATION (VACCINATION_EXPIRY_DATE,VACC_VACCINATION_NUMBER,PET_PET_NUMBER) values (to_date('14-11-05','RR-MM-DD'),5,1);
Insert into PDUMARESQ.HVK_PET_VACCINATION (VACCINATION_EXPIRY_DATE,VACC_VACCINATION_NUMBER,PET_PET_NUMBER) values (to_date('15-11-05','RR-MM-DD'),6,1);
Insert into PDUMARESQ.HVK_PET_VACCINATION (VACCINATION_EXPIRY_DATE,VACC_VACCINATION_NUMBER,PET_PET_NUMBER) values (to_date('14-11-05','RR-MM-DD'),1,2);
Insert into PDUMARESQ.HVK_PET_VACCINATION (VACCINATION_EXPIRY_DATE,VACC_VACCINATION_NUMBER,PET_PET_NUMBER) values (to_date('14-11-05','RR-MM-DD'),2,2);
Insert into PDUMARESQ.HVK_PET_VACCINATION (VACCINATION_EXPIRY_DATE,VACC_VACCINATION_NUMBER,PET_PET_NUMBER) values (to_date('14-11-05','RR-MM-DD'),3,2);
Insert into PDUMARESQ.HVK_PET_VACCINATION (VACCINATION_EXPIRY_DATE,VACC_VACCINATION_NUMBER,PET_PET_NUMBER) values (to_date('14-11-05','RR-MM-DD'),4,2);
Insert into PDUMARESQ.HVK_PET_VACCINATION (VACCINATION_EXPIRY_DATE,VACC_VACCINATION_NUMBER,PET_PET_NUMBER) values (to_date('14-11-05','RR-MM-DD'),5,2);
Insert into PDUMARESQ.HVK_PET_VACCINATION (VACCINATION_EXPIRY_DATE,VACC_VACCINATION_NUMBER,PET_PET_NUMBER) values (to_date('15-11-05','RR-MM-DD'),6,2);
Insert into PDUMARESQ.HVK_PET_VACCINATION (VACCINATION_EXPIRY_DATE,VACC_VACCINATION_NUMBER,PET_PET_NUMBER) values (to_date('15-05-05','RR-MM-DD'),1,3);
Insert into PDUMARESQ.HVK_PET_VACCINATION (VACCINATION_EXPIRY_DATE,VACC_VACCINATION_NUMBER,PET_PET_NUMBER) values (to_date('15-05-05','RR-MM-DD'),2,3);
Insert into PDUMARESQ.HVK_PET_VACCINATION (VACCINATION_EXPIRY_DATE,VACC_VACCINATION_NUMBER,PET_PET_NUMBER) values (to_date('15-05-05','RR-MM-DD'),3,3);
Insert into PDUMARESQ.HVK_PET_VACCINATION (VACCINATION_EXPIRY_DATE,VACC_VACCINATION_NUMBER,PET_PET_NUMBER) values (to_date('15-05-05','RR-MM-DD'),4,3);
Insert into PDUMARESQ.HVK_PET_VACCINATION (VACCINATION_EXPIRY_DATE,VACC_VACCINATION_NUMBER,PET_PET_NUMBER) values (to_date('15-05-05','RR-MM-DD'),5,3);
Insert into PDUMARESQ.HVK_PET_VACCINATION (VACCINATION_EXPIRY_DATE,VACC_VACCINATION_NUMBER,PET_PET_NUMBER) values (to_date('13-11-07','RR-MM-DD'),1,6);
Insert into PDUMARESQ.HVK_PET_VACCINATION (VACCINATION_EXPIRY_DATE,VACC_VACCINATION_NUMBER,PET_PET_NUMBER) values (to_date('14-06-03','RR-MM-DD'),2,6);
Insert into PDUMARESQ.HVK_PET_VACCINATION (VACCINATION_EXPIRY_DATE,VACC_VACCINATION_NUMBER,PET_PET_NUMBER) values (to_date('13-11-07','RR-MM-DD'),3,6);
Insert into PDUMARESQ.HVK_PET_VACCINATION (VACCINATION_EXPIRY_DATE,VACC_VACCINATION_NUMBER,PET_PET_NUMBER) values (to_date('13-11-07','RR-MM-DD'),4,6);
Insert into PDUMARESQ.HVK_PET_VACCINATION (VACCINATION_EXPIRY_DATE,VACC_VACCINATION_NUMBER,PET_PET_NUMBER) values (to_date('13-11-07','RR-MM-DD'),5,6);
Insert into PDUMARESQ.HVK_PET_VACCINATION (VACCINATION_EXPIRY_DATE,VACC_VACCINATION_NUMBER,PET_PET_NUMBER) values (to_date('15-04-07','RR-MM-DD'),6,6);
Insert into PDUMARESQ.HVK_PET_VACCINATION (VACCINATION_EXPIRY_DATE,VACC_VACCINATION_NUMBER,PET_PET_NUMBER) values (to_date('14-11-07','RR-MM-DD'),1,7);
Insert into PDUMARESQ.HVK_PET_VACCINATION (VACCINATION_EXPIRY_DATE,VACC_VACCINATION_NUMBER,PET_PET_NUMBER) values (to_date('14-11-07','RR-MM-DD'),2,7);
Insert into PDUMARESQ.HVK_PET_VACCINATION (VACCINATION_EXPIRY_DATE,VACC_VACCINATION_NUMBER,PET_PET_NUMBER) values (to_date('14-03-07','RR-MM-DD'),4,7);
Insert into PDUMARESQ.HVK_PET_VACCINATION (VACCINATION_EXPIRY_DATE,VACC_VACCINATION_NUMBER,PET_PET_NUMBER) values (to_date('15-07-17','RR-MM-DD'),6,7);
Insert into PDUMARESQ.HVK_PET_VACCINATION (VACCINATION_EXPIRY_DATE,VACC_VACCINATION_NUMBER,PET_PET_NUMBER) values (to_date('15-05-05','RR-MM-DD'),3,9);
Insert into PDUMARESQ.HVK_PET_VACCINATION (VACCINATION_EXPIRY_DATE,VACC_VACCINATION_NUMBER,PET_PET_NUMBER) values (to_date('15-05-05','RR-MM-DD'),4,9);
Insert into PDUMARESQ.HVK_PET_VACCINATION (VACCINATION_EXPIRY_DATE,VACC_VACCINATION_NUMBER,PET_PET_NUMBER) values (to_date('15-05-05','RR-MM-DD'),5,9);
Insert into PDUMARESQ.HVK_PET_VACCINATION (VACCINATION_EXPIRY_DATE,VACC_VACCINATION_NUMBER,PET_PET_NUMBER) values (to_date('15-05-05','RR-MM-DD'),1,12);
Insert into PDUMARESQ.HVK_PET_VACCINATION (VACCINATION_EXPIRY_DATE,VACC_VACCINATION_NUMBER,PET_PET_NUMBER) values (to_date('15-05-05','RR-MM-DD'),2,12);
Insert into PDUMARESQ.HVK_PET_VACCINATION (VACCINATION_EXPIRY_DATE,VACC_VACCINATION_NUMBER,PET_PET_NUMBER) values (to_date('15-05-05','RR-MM-DD'),3,12);
Insert into PDUMARESQ.HVK_PET_VACCINATION (VACCINATION_EXPIRY_DATE,VACC_VACCINATION_NUMBER,PET_PET_NUMBER) values (to_date('15-05-05','RR-MM-DD'),4,12);
Insert into PDUMARESQ.HVK_PET_VACCINATION (VACCINATION_EXPIRY_DATE,VACC_VACCINATION_NUMBER,PET_PET_NUMBER) values (to_date('15-05-05','RR-MM-DD'),5,12);
Insert into PDUMARESQ.HVK_PET_VACCINATION (VACCINATION_EXPIRY_DATE,VACC_VACCINATION_NUMBER,PET_PET_NUMBER) values (to_date('15-05-05','RR-MM-DD'),1,11);
Insert into PDUMARESQ.HVK_PET_VACCINATION (VACCINATION_EXPIRY_DATE,VACC_VACCINATION_NUMBER,PET_PET_NUMBER) values (to_date('15-05-05','RR-MM-DD'),2,11);
Insert into PDUMARESQ.HVK_PET_VACCINATION (VACCINATION_EXPIRY_DATE,VACC_VACCINATION_NUMBER,PET_PET_NUMBER) values (to_date('15-05-05','RR-MM-DD'),3,11);
Insert into PDUMARESQ.HVK_PET_VACCINATION (VACCINATION_EXPIRY_DATE,VACC_VACCINATION_NUMBER,PET_PET_NUMBER) values (to_date('15-05-05','RR-MM-DD'),4,11);
Insert into PDUMARESQ.HVK_PET_VACCINATION (VACCINATION_EXPIRY_DATE,VACC_VACCINATION_NUMBER,PET_PET_NUMBER) values (to_date('15-05-05','RR-MM-DD'),5,11);
Insert into PDUMARESQ.HVK_PET_VACCINATION (VACCINATION_EXPIRY_DATE,VACC_VACCINATION_NUMBER,PET_PET_NUMBER) values (to_date('15-05-05','RR-MM-DD'),1,14);
Insert into PDUMARESQ.HVK_PET_VACCINATION (VACCINATION_EXPIRY_DATE,VACC_VACCINATION_NUMBER,PET_PET_NUMBER) values (to_date('15-05-05','RR-MM-DD'),2,14);
Insert into PDUMARESQ.HVK_PET_VACCINATION (VACCINATION_EXPIRY_DATE,VACC_VACCINATION_NUMBER,PET_PET_NUMBER) values (to_date('15-05-05','RR-MM-DD'),3,14);
Insert into PDUMARESQ.HVK_PET_VACCINATION (VACCINATION_EXPIRY_DATE,VACC_VACCINATION_NUMBER,PET_PET_NUMBER) values (to_date('15-05-05','RR-MM-DD'),4,14);
Insert into PDUMARESQ.HVK_PET_VACCINATION (VACCINATION_EXPIRY_DATE,VACC_VACCINATION_NUMBER,PET_PET_NUMBER) values (to_date('15-05-05','RR-MM-DD'),5,14);
Insert into PDUMARESQ.HVK_PET_VACCINATION (VACCINATION_EXPIRY_DATE,VACC_VACCINATION_NUMBER,PET_PET_NUMBER) values (to_date('14-11-21','RR-MM-DD'),1,16);
Insert into PDUMARESQ.HVK_PET_VACCINATION (VACCINATION_EXPIRY_DATE,VACC_VACCINATION_NUMBER,PET_PET_NUMBER) values (to_date('14-11-02','RR-MM-DD'),3,16);
Insert into PDUMARESQ.HVK_PET_VACCINATION (VACCINATION_EXPIRY_DATE,VACC_VACCINATION_NUMBER,PET_PET_NUMBER) values (to_date('13-11-21','RR-MM-DD'),4,16);
Insert into PDUMARESQ.HVK_PET_VACCINATION (VACCINATION_EXPIRY_DATE,VACC_VACCINATION_NUMBER,PET_PET_NUMBER) values (to_date('15-12-02','RR-MM-DD'),1,20);
Insert into PDUMARESQ.HVK_PET_VACCINATION (VACCINATION_EXPIRY_DATE,VACC_VACCINATION_NUMBER,PET_PET_NUMBER) values (to_date('15-12-02','RR-MM-DD'),2,20);
Insert into PDUMARESQ.HVK_PET_VACCINATION (VACCINATION_EXPIRY_DATE,VACC_VACCINATION_NUMBER,PET_PET_NUMBER) values (to_date('15-11-21','RR-MM-DD'),5,20);
Insert into PDUMARESQ.HVK_PET_VACCINATION (VACCINATION_EXPIRY_DATE,VACC_VACCINATION_NUMBER,PET_PET_NUMBER) values (to_date('15-08-08','RR-MM-DD'),1,26);
Insert into PDUMARESQ.HVK_PET_VACCINATION (VACCINATION_EXPIRY_DATE,VACC_VACCINATION_NUMBER,PET_PET_NUMBER) values (to_date('15-08-08','RR-MM-DD'),2,26);
Insert into PDUMARESQ.HVK_PET_VACCINATION (VACCINATION_EXPIRY_DATE,VACC_VACCINATION_NUMBER,PET_PET_NUMBER) values (to_date('15-08-08','RR-MM-DD'),3,26);
Insert into PDUMARESQ.HVK_PET_VACCINATION (VACCINATION_EXPIRY_DATE,VACC_VACCINATION_NUMBER,PET_PET_NUMBER) values (to_date('15-08-08','RR-MM-DD'),4,26);
Insert into PDUMARESQ.HVK_PET_VACCINATION (VACCINATION_EXPIRY_DATE,VACC_VACCINATION_NUMBER,PET_PET_NUMBER) values (to_date('15-08-08','RR-MM-DD'),5,26);
Insert into PDUMARESQ.HVK_PET_VACCINATION (VACCINATION_EXPIRY_DATE,VACC_VACCINATION_NUMBER,PET_PET_NUMBER) values (to_date('15-08-08','RR-MM-DD'),6,26);
Insert into PDUMARESQ.HVK_PET_VACCINATION (VACCINATION_EXPIRY_DATE,VACC_VACCINATION_NUMBER,PET_PET_NUMBER) values (to_date('15-08-08','RR-MM-DD'),1,27);
Insert into PDUMARESQ.HVK_PET_VACCINATION (VACCINATION_EXPIRY_DATE,VACC_VACCINATION_NUMBER,PET_PET_NUMBER) values (to_date('15-08-08','RR-MM-DD'),2,27);
Insert into PDUMARESQ.HVK_PET_VACCINATION (VACCINATION_EXPIRY_DATE,VACC_VACCINATION_NUMBER,PET_PET_NUMBER) values (to_date('15-08-08','RR-MM-DD'),3,27);
Insert into PDUMARESQ.HVK_PET_VACCINATION (VACCINATION_EXPIRY_DATE,VACC_VACCINATION_NUMBER,PET_PET_NUMBER) values (to_date('15-08-08','RR-MM-DD'),4,27);
Insert into PDUMARESQ.HVK_PET_VACCINATION (VACCINATION_EXPIRY_DATE,VACC_VACCINATION_NUMBER,PET_PET_NUMBER) values (to_date('15-08-08','RR-MM-DD'),5,27);
Insert into PDUMARESQ.HVK_PET_VACCINATION (VACCINATION_EXPIRY_DATE,VACC_VACCINATION_NUMBER,PET_PET_NUMBER) values (to_date('15-08-08','RR-MM-DD'),6,27);
Insert into PDUMARESQ.HVK_PET_VACCINATION (VACCINATION_EXPIRY_DATE,VACC_VACCINATION_NUMBER,PET_PET_NUMBER) values (to_date('15-08-08','RR-MM-DD'),1,28);
Insert into PDUMARESQ.HVK_PET_VACCINATION (VACCINATION_EXPIRY_DATE,VACC_VACCINATION_NUMBER,PET_PET_NUMBER) values (to_date('15-08-08','RR-MM-DD'),2,28);
Insert into PDUMARESQ.HVK_PET_VACCINATION (VACCINATION_EXPIRY_DATE,VACC_VACCINATION_NUMBER,PET_PET_NUMBER) values (to_date('15-08-08','RR-MM-DD'),3,28);
Insert into PDUMARESQ.HVK_PET_VACCINATION (VACCINATION_EXPIRY_DATE,VACC_VACCINATION_NUMBER,PET_PET_NUMBER) values (to_date('15-08-08','RR-MM-DD'),4,28);
Insert into PDUMARESQ.HVK_PET_VACCINATION (VACCINATION_EXPIRY_DATE,VACC_VACCINATION_NUMBER,PET_PET_NUMBER) values (to_date('15-08-08','RR-MM-DD'),5,28);
Insert into PDUMARESQ.HVK_PET_VACCINATION (VACCINATION_EXPIRY_DATE,VACC_VACCINATION_NUMBER,PET_PET_NUMBER) values (to_date('15-08-08','RR-MM-DD'),6,28);
Insert into PDUMARESQ.HVK_PET_VACCINATION (VACCINATION_EXPIRY_DATE,VACC_VACCINATION_NUMBER,PET_PET_NUMBER) values (to_date('15-08-08','RR-MM-DD'),1,29);
Insert into PDUMARESQ.HVK_PET_VACCINATION (VACCINATION_EXPIRY_DATE,VACC_VACCINATION_NUMBER,PET_PET_NUMBER) values (to_date('15-08-08','RR-MM-DD'),2,29);
Insert into PDUMARESQ.HVK_PET_VACCINATION (VACCINATION_EXPIRY_DATE,VACC_VACCINATION_NUMBER,PET_PET_NUMBER) values (to_date('15-08-08','RR-MM-DD'),3,29);
Insert into PDUMARESQ.HVK_PET_VACCINATION (VACCINATION_EXPIRY_DATE,VACC_VACCINATION_NUMBER,PET_PET_NUMBER) values (to_date('15-08-08','RR-MM-DD'),4,29);
Insert into PDUMARESQ.HVK_PET_VACCINATION (VACCINATION_EXPIRY_DATE,VACC_VACCINATION_NUMBER,PET_PET_NUMBER) values (to_date('15-08-08','RR-MM-DD'),5,29);
Insert into PDUMARESQ.HVK_PET_VACCINATION (VACCINATION_EXPIRY_DATE,VACC_VACCINATION_NUMBER,PET_PET_NUMBER) values (to_date('15-08-08','RR-MM-DD'),6,29);
Insert into PDUMARESQ.HVK_PET_VACCINATION (VACCINATION_EXPIRY_DATE,VACC_VACCINATION_NUMBER,PET_PET_NUMBER) values (to_date('15-08-08','RR-MM-DD'),1,30);
Insert into PDUMARESQ.HVK_PET_VACCINATION (VACCINATION_EXPIRY_DATE,VACC_VACCINATION_NUMBER,PET_PET_NUMBER) values (to_date('15-08-08','RR-MM-DD'),2,30);
Insert into PDUMARESQ.HVK_PET_VACCINATION (VACCINATION_EXPIRY_DATE,VACC_VACCINATION_NUMBER,PET_PET_NUMBER) values (to_date('15-08-08','RR-MM-DD'),3,30);
Insert into PDUMARESQ.HVK_PET_VACCINATION (VACCINATION_EXPIRY_DATE,VACC_VACCINATION_NUMBER,PET_PET_NUMBER) values (to_date('15-08-08','RR-MM-DD'),4,30);
Insert into PDUMARESQ.HVK_PET_VACCINATION (VACCINATION_EXPIRY_DATE,VACC_VACCINATION_NUMBER,PET_PET_NUMBER) values (to_date('15-08-08','RR-MM-DD'),5,30);
Insert into PDUMARESQ.HVK_PET_VACCINATION (VACCINATION_EXPIRY_DATE,VACC_VACCINATION_NUMBER,PET_PET_NUMBER) values (to_date('15-08-08','RR-MM-DD'),6,30);
Insert into PDUMARESQ.HVK_PET_VACCINATION (VACCINATION_EXPIRY_DATE,VACC_VACCINATION_NUMBER,PET_PET_NUMBER) values (to_date('15-08-08','RR-MM-DD'),1,31);
Insert into PDUMARESQ.HVK_PET_VACCINATION (VACCINATION_EXPIRY_DATE,VACC_VACCINATION_NUMBER,PET_PET_NUMBER) values (to_date('15-08-08','RR-MM-DD'),2,31);
Insert into PDUMARESQ.HVK_PET_VACCINATION (VACCINATION_EXPIRY_DATE,VACC_VACCINATION_NUMBER,PET_PET_NUMBER) values (to_date('15-08-08','RR-MM-DD'),3,31);
Insert into PDUMARESQ.HVK_PET_VACCINATION (VACCINATION_EXPIRY_DATE,VACC_VACCINATION_NUMBER,PET_PET_NUMBER) values (to_date('15-08-08','RR-MM-DD'),4,31);
Insert into PDUMARESQ.HVK_PET_VACCINATION (VACCINATION_EXPIRY_DATE,VACC_VACCINATION_NUMBER,PET_PET_NUMBER) values (to_date('15-08-08','RR-MM-DD'),5,31);
Insert into PDUMARESQ.HVK_PET_VACCINATION (VACCINATION_EXPIRY_DATE,VACC_VACCINATION_NUMBER,PET_PET_NUMBER) values (to_date('15-08-08','RR-MM-DD'),6,31);
Insert into PDUMARESQ.HVK_PET_VACCINATION (VACCINATION_EXPIRY_DATE,VACC_VACCINATION_NUMBER,PET_PET_NUMBER) values (to_date('15-08-08','RR-MM-DD'),1,32);
Insert into PDUMARESQ.HVK_PET_VACCINATION (VACCINATION_EXPIRY_DATE,VACC_VACCINATION_NUMBER,PET_PET_NUMBER) values (to_date('15-08-08','RR-MM-DD'),2,32);
Insert into PDUMARESQ.HVK_PET_VACCINATION (VACCINATION_EXPIRY_DATE,VACC_VACCINATION_NUMBER,PET_PET_NUMBER) values (to_date('15-08-08','RR-MM-DD'),3,32);
Insert into PDUMARESQ.HVK_PET_VACCINATION (VACCINATION_EXPIRY_DATE,VACC_VACCINATION_NUMBER,PET_PET_NUMBER) values (to_date('15-08-08','RR-MM-DD'),4,32);
Insert into PDUMARESQ.HVK_PET_VACCINATION (VACCINATION_EXPIRY_DATE,VACC_VACCINATION_NUMBER,PET_PET_NUMBER) values (to_date('15-08-08','RR-MM-DD'),5,32);
Insert into PDUMARESQ.HVK_PET_VACCINATION (VACCINATION_EXPIRY_DATE,VACC_VACCINATION_NUMBER,PET_PET_NUMBER) values (to_date('15-08-08','RR-MM-DD'),6,32);
Insert into PDUMARESQ.HVK_PET_VACCINATION (VACCINATION_EXPIRY_DATE,VACC_VACCINATION_NUMBER,PET_PET_NUMBER) values (to_date('14-07-17','RR-MM-DD'),10,4);
Insert into PDUMARESQ.HVK_PET_VACCINATION (VACCINATION_EXPIRY_DATE,VACC_VACCINATION_NUMBER,PET_PET_NUMBER) values (to_date('14-07-17','RR-MM-DD'),7,4);
Insert into PDUMARESQ.HVK_PET_VACCINATION (VACCINATION_EXPIRY_DATE,VACC_VACCINATION_NUMBER,PET_PET_NUMBER) values (to_date('14-07-17','RR-MM-DD'),8,4);
Insert into PDUMARESQ.HVK_PET_VACCINATION (VACCINATION_EXPIRY_DATE,VACC_VACCINATION_NUMBER,PET_PET_NUMBER) values (to_date('14-07-17','RR-MM-DD'),9,4);
Insert into PDUMARESQ.HVK_PET_VACCINATION (VACCINATION_EXPIRY_DATE,VACC_VACCINATION_NUMBER,PET_PET_NUMBER) values (to_date('14-07-17','RR-MM-DD'),10,5);
Insert into PDUMARESQ.HVK_PET_VACCINATION (VACCINATION_EXPIRY_DATE,VACC_VACCINATION_NUMBER,PET_PET_NUMBER) values (to_date('13-07-17','RR-MM-DD'),9,5);
Insert into PDUMARESQ.HVK_PET_VACCINATION (VACCINATION_EXPIRY_DATE,VACC_VACCINATION_NUMBER,PET_PET_NUMBER) values (to_date('13-09-13','RR-MM-DD'),10,8);
Insert into PDUMARESQ.HVK_PET_VACCINATION (VACCINATION_EXPIRY_DATE,VACC_VACCINATION_NUMBER,PET_PET_NUMBER) values (to_date('13-09-13','RR-MM-DD'),7,8);
Insert into PDUMARESQ.HVK_PET_VACCINATION (VACCINATION_EXPIRY_DATE,VACC_VACCINATION_NUMBER,PET_PET_NUMBER) values (to_date('13-09-13','RR-MM-DD'),8,8);
Insert into PDUMARESQ.HVK_PET_VACCINATION (VACCINATION_EXPIRY_DATE,VACC_VACCINATION_NUMBER,PET_PET_NUMBER) values (to_date('13-09-13','RR-MM-DD'),9,8);
Insert into PDUMARESQ.HVK_PET_VACCINATION (VACCINATION_EXPIRY_DATE,VACC_VACCINATION_NUMBER,PET_PET_NUMBER) values (to_date('15-11-02','RR-MM-DD'),7,36);
Insert into PDUMARESQ.HVK_PET_VACCINATION (VACCINATION_EXPIRY_DATE,VACC_VACCINATION_NUMBER,PET_PET_NUMBER) values (to_date('15-11-02','RR-MM-DD'),8,36);
Insert into PDUMARESQ.HVK_PET_VACCINATION (VACCINATION_EXPIRY_DATE,VACC_VACCINATION_NUMBER,PET_PET_NUMBER) values (to_date('15-11-02','RR-MM-DD'),9,36);
Insert into PDUMARESQ.HVK_PET_VACCINATION (VACCINATION_EXPIRY_DATE,VACC_VACCINATION_NUMBER,PET_PET_NUMBER) values (to_date('15-11-02','RR-MM-DD'),10,36);
Insert into PDUMARESQ.HVK_PET_VACCINATION (VACCINATION_EXPIRY_DATE,VACC_VACCINATION_NUMBER,PET_PET_NUMBER) values (to_date('15-11-02','RR-MM-DD'),9,37);
Insert into PDUMARESQ.HVK_PET_VACCINATION (VACCINATION_EXPIRY_DATE,VACC_VACCINATION_NUMBER,PET_PET_NUMBER) values (to_date('15-11-02','RR-MM-DD'),8,37);
Insert into PDUMARESQ.HVK_PET_VACCINATION (VACCINATION_EXPIRY_DATE,VACC_VACCINATION_NUMBER,PET_PET_NUMBER) values (to_date('15-11-02','RR-MM-DD'),7,37);
Insert into PDUMARESQ.HVK_PET_VACCINATION (VACCINATION_EXPIRY_DATE,VACC_VACCINATION_NUMBER,PET_PET_NUMBER) values (to_date('13-11-02','RR-MM-DD'),7,38);
Insert into PDUMARESQ.HVK_PET_VACCINATION (VACCINATION_EXPIRY_DATE,VACC_VACCINATION_NUMBER,PET_PET_NUMBER) values (to_date('13-11-02','RR-MM-DD'),8,38);
Insert into PDUMARESQ.HVK_PET_VACCINATION (VACCINATION_EXPIRY_DATE,VACC_VACCINATION_NUMBER,PET_PET_NUMBER) values (to_date('13-11-02','RR-MM-DD'),10,38);
Insert into PDUMARESQ.HVK_PET_VACCINATION (VACCINATION_EXPIRY_DATE,VACC_VACCINATION_NUMBER,PET_PET_NUMBER) values (to_date('16-05-05','RR-MM-DD'),6,13);
Insert into PDUMARESQ.HVK_PET_VACCINATION (VACCINATION_EXPIRY_DATE,VACC_VACCINATION_NUMBER,PET_PET_NUMBER) values (to_date('16-05-05','RR-MM-DD'),6,3);
Insert into PDUMARESQ.HVK_PET_VACCINATION (VACCINATION_EXPIRY_DATE,VACC_VACCINATION_NUMBER,PET_PET_NUMBER) values (to_date('16-05-05','RR-MM-DD'),6,9);
Insert into PDUMARESQ.HVK_PET_VACCINATION (VACCINATION_EXPIRY_DATE,VACC_VACCINATION_NUMBER,PET_PET_NUMBER) values (to_date('16-05-05','RR-MM-DD'),6,12);
Insert into PDUMARESQ.HVK_PET_VACCINATION (VACCINATION_EXPIRY_DATE,VACC_VACCINATION_NUMBER,PET_PET_NUMBER) values (to_date('16-05-05','RR-MM-DD'),6,11);
Insert into PDUMARESQ.HVK_PET_VACCINATION (VACCINATION_EXPIRY_DATE,VACC_VACCINATION_NUMBER,PET_PET_NUMBER) values (to_date('16-02-02','RR-MM-DD'),6,20);
Insert into PDUMARESQ.HVK_PET_VACCINATION (VACCINATION_EXPIRY_DATE,VACC_VACCINATION_NUMBER,PET_PET_NUMBER) values (to_date('16-02-02','RR-MM-DD'),6,16);
Insert into PDUMARESQ.HVK_PET_VACCINATION (VACCINATION_EXPIRY_DATE,VACC_VACCINATION_NUMBER,PET_PET_NUMBER) values (to_date('12-07-17','RR-MM-DD'),8,5);
REM INSERTING into PDUMARESQ.HVK_RESERVATION
SET DEFINE OFF;
Insert into PDUMARESQ.HVK_RESERVATION (RESERVATION_NUMBER,RESERVATION_START_DATE,RESERVATION_END_DATE,RESERVATION_STATUS) values (800,to_date('15-04-20','RR-MM-DD'),to_date('15-04-26','RR-MM-DD'),1);
Insert into PDUMARESQ.HVK_RESERVATION (RESERVATION_NUMBER,RESERVATION_START_DATE,RESERVATION_END_DATE,RESERVATION_STATUS) values (801,to_date('15-04-20','RR-MM-DD'),to_date('15-04-26','RR-MM-DD'),1);
Insert into PDUMARESQ.HVK_RESERVATION (RESERVATION_NUMBER,RESERVATION_START_DATE,RESERVATION_END_DATE,RESERVATION_STATUS) values (802,to_date('15-04-20','RR-MM-DD'),to_date('15-04-26','RR-MM-DD'),1);
Insert into PDUMARESQ.HVK_RESERVATION (RESERVATION_NUMBER,RESERVATION_START_DATE,RESERVATION_END_DATE,RESERVATION_STATUS) values (803,to_date('15-04-20','RR-MM-DD'),to_date('15-04-26','RR-MM-DD'),1);
Insert into PDUMARESQ.HVK_RESERVATION (RESERVATION_NUMBER,RESERVATION_START_DATE,RESERVATION_END_DATE,RESERVATION_STATUS) values (804,to_date('15-06-20','RR-MM-DD'),to_date('15-06-26','RR-MM-DD'),1);
Insert into PDUMARESQ.HVK_RESERVATION (RESERVATION_NUMBER,RESERVATION_START_DATE,RESERVATION_END_DATE,RESERVATION_STATUS) values (805,to_date('15-06-20','RR-MM-DD'),to_date('15-06-30','RR-MM-DD'),1);
Insert into PDUMARESQ.HVK_RESERVATION (RESERVATION_NUMBER,RESERVATION_START_DATE,RESERVATION_END_DATE,RESERVATION_STATUS) values (806,to_date('15-12-23','RR-MM-DD'),to_date('16-01-03','RR-MM-DD'),1);
Insert into PDUMARESQ.HVK_RESERVATION (RESERVATION_NUMBER,RESERVATION_START_DATE,RESERVATION_END_DATE,RESERVATION_STATUS) values (807,to_date('15-12-23','RR-MM-DD'),to_date('16-01-03','RR-MM-DD'),1);
Insert into PDUMARESQ.HVK_RESERVATION (RESERVATION_NUMBER,RESERVATION_START_DATE,RESERVATION_END_DATE,RESERVATION_STATUS) values (100,to_date('13-07-12','RR-MM-DD'),to_date('13-07-19','RR-MM-DD'),3);
Insert into PDUMARESQ.HVK_RESERVATION (RESERVATION_NUMBER,RESERVATION_START_DATE,RESERVATION_END_DATE,RESERVATION_STATUS) values (102,to_date('13-07-16','RR-MM-DD'),to_date('13-07-18','RR-MM-DD'),3);
Insert into PDUMARESQ.HVK_RESERVATION (RESERVATION_NUMBER,RESERVATION_START_DATE,RESERVATION_END_DATE,RESERVATION_STATUS) values (103,to_date('13-08-01','RR-MM-DD'),to_date('13-09-05','RR-MM-DD'),3);
Insert into PDUMARESQ.HVK_RESERVATION (RESERVATION_NUMBER,RESERVATION_START_DATE,RESERVATION_END_DATE,RESERVATION_STATUS) values (104,to_date('13-08-15','RR-MM-DD'),to_date('13-08-22','RR-MM-DD'),3);
Insert into PDUMARESQ.HVK_RESERVATION (RESERVATION_NUMBER,RESERVATION_START_DATE,RESERVATION_END_DATE,RESERVATION_STATUS) values (105,to_date('13-11-01','RR-MM-DD'),to_date('13-11-20','RR-MM-DD'),3);
Insert into PDUMARESQ.HVK_RESERVATION (RESERVATION_NUMBER,RESERVATION_START_DATE,RESERVATION_END_DATE,RESERVATION_STATUS) values (106,to_date('14-02-10','RR-MM-DD'),to_date('14-02-17','RR-MM-DD'),3);
Insert into PDUMARESQ.HVK_RESERVATION (RESERVATION_NUMBER,RESERVATION_START_DATE,RESERVATION_END_DATE,RESERVATION_STATUS) values (108,to_date('14-02-28','RR-MM-DD'),to_date('14-03-04','RR-MM-DD'),3);
Insert into PDUMARESQ.HVK_RESERVATION (RESERVATION_NUMBER,RESERVATION_START_DATE,RESERVATION_END_DATE,RESERVATION_STATUS) values (109,to_date('14-05-01','RR-MM-DD'),to_date('14-05-18','RR-MM-DD'),3);
Insert into PDUMARESQ.HVK_RESERVATION (RESERVATION_NUMBER,RESERVATION_START_DATE,RESERVATION_END_DATE,RESERVATION_STATUS) values (110,to_date('14-05-01','RR-MM-DD'),to_date('14-05-18','RR-MM-DD'),3);
Insert into PDUMARESQ.HVK_RESERVATION (RESERVATION_NUMBER,RESERVATION_START_DATE,RESERVATION_END_DATE,RESERVATION_STATUS) values (112,to_date('14-05-12','RR-MM-DD'),to_date('14-05-19','RR-MM-DD'),3);
Insert into PDUMARESQ.HVK_RESERVATION (RESERVATION_NUMBER,RESERVATION_START_DATE,RESERVATION_END_DATE,RESERVATION_STATUS) values (114,to_date('14-05-15','RR-MM-DD'),to_date('14-05-18','RR-MM-DD'),3);
Insert into PDUMARESQ.HVK_RESERVATION (RESERVATION_NUMBER,RESERVATION_START_DATE,RESERVATION_END_DATE,RESERVATION_STATUS) values (115,to_date('14-05-15','RR-MM-DD'),to_date('14-05-17','RR-MM-DD'),3);
Insert into PDUMARESQ.HVK_RESERVATION (RESERVATION_NUMBER,RESERVATION_START_DATE,RESERVATION_END_DATE,RESERVATION_STATUS) values (120,to_date('14-05-16','RR-MM-DD'),to_date('14-05-18','RR-MM-DD'),3);
Insert into PDUMARESQ.HVK_RESERVATION (RESERVATION_NUMBER,RESERVATION_START_DATE,RESERVATION_END_DATE,RESERVATION_STATUS) values (122,to_date('14-11-01','RR-MM-DD'),to_date('14-11-05','RR-MM-DD'),1);
Insert into PDUMARESQ.HVK_RESERVATION (RESERVATION_NUMBER,RESERVATION_START_DATE,RESERVATION_END_DATE,RESERVATION_STATUS) values (123,to_date('14-11-01','RR-MM-DD'),to_date('14-11-30','RR-MM-DD'),1);
Insert into PDUMARESQ.HVK_RESERVATION (RESERVATION_NUMBER,RESERVATION_START_DATE,RESERVATION_END_DATE,RESERVATION_STATUS) values (131,to_date('14-10-01','RR-MM-DD'),to_date('14-11-07','RR-MM-DD'),1);
Insert into PDUMARESQ.HVK_RESERVATION (RESERVATION_NUMBER,RESERVATION_START_DATE,RESERVATION_END_DATE,RESERVATION_STATUS) values (136,to_date('14-10-31','RR-MM-DD'),to_date('14-11-09','RR-MM-DD'),1);
Insert into PDUMARESQ.HVK_RESERVATION (RESERVATION_NUMBER,RESERVATION_START_DATE,RESERVATION_END_DATE,RESERVATION_STATUS) values (137,to_date('14-10-31','RR-MM-DD'),to_date('14-11-10','RR-MM-DD'),1);
Insert into PDUMARESQ.HVK_RESERVATION (RESERVATION_NUMBER,RESERVATION_START_DATE,RESERVATION_END_DATE,RESERVATION_STATUS) values (138,to_date('14-10-31','RR-MM-DD'),to_date('14-11-10','RR-MM-DD'),1);
Insert into PDUMARESQ.HVK_RESERVATION (RESERVATION_NUMBER,RESERVATION_START_DATE,RESERVATION_END_DATE,RESERVATION_STATUS) values (139,to_date('14-11-01','RR-MM-DD'),to_date('14-11-10','RR-MM-DD'),1);
Insert into PDUMARESQ.HVK_RESERVATION (RESERVATION_NUMBER,RESERVATION_START_DATE,RESERVATION_END_DATE,RESERVATION_STATUS) values (140,to_date('14-10-25','RR-MM-DD'),to_date('14-11-10','RR-MM-DD'),1);
Insert into PDUMARESQ.HVK_RESERVATION (RESERVATION_NUMBER,RESERVATION_START_DATE,RESERVATION_END_DATE,RESERVATION_STATUS) values (141,to_date('14-10-25','RR-MM-DD'),to_date('14-11-10','RR-MM-DD'),1);
Insert into PDUMARESQ.HVK_RESERVATION (RESERVATION_NUMBER,RESERVATION_START_DATE,RESERVATION_END_DATE,RESERVATION_STATUS) values (143,to_date('14-10-03','RR-MM-DD'),to_date('14-10-05','RR-MM-DD'),3);
Insert into PDUMARESQ.HVK_RESERVATION (RESERVATION_NUMBER,RESERVATION_START_DATE,RESERVATION_END_DATE,RESERVATION_STATUS) values (144,to_date('14-10-25','RR-MM-DD'),to_date('14-11-10','RR-MM-DD'),1);
Insert into PDUMARESQ.HVK_RESERVATION (RESERVATION_NUMBER,RESERVATION_START_DATE,RESERVATION_END_DATE,RESERVATION_STATUS) values (145,to_date('14-11-06','RR-MM-DD'),to_date('14-11-08','RR-MM-DD'),1);
Insert into PDUMARESQ.HVK_RESERVATION (RESERVATION_NUMBER,RESERVATION_START_DATE,RESERVATION_END_DATE,RESERVATION_STATUS) values (146,to_date('14-10-28','RR-MM-DD'),to_date('14-11-01','RR-MM-DD'),1);
Insert into PDUMARESQ.HVK_RESERVATION (RESERVATION_NUMBER,RESERVATION_START_DATE,RESERVATION_END_DATE,RESERVATION_STATUS) values (148,to_date('14-11-09','RR-MM-DD'),to_date('14-11-12','RR-MM-DD'),1);
Insert into PDUMARESQ.HVK_RESERVATION (RESERVATION_NUMBER,RESERVATION_START_DATE,RESERVATION_END_DATE,RESERVATION_STATUS) values (594,to_date('14-10-01','RR-MM-DD'),to_date('14-11-05','RR-MM-DD'),1);
Insert into PDUMARESQ.HVK_RESERVATION (RESERVATION_NUMBER,RESERVATION_START_DATE,RESERVATION_END_DATE,RESERVATION_STATUS) values (595,to_date('14-12-28','RR-MM-DD'),to_date('15-01-01','RR-MM-DD'),1);
Insert into PDUMARESQ.HVK_RESERVATION (RESERVATION_NUMBER,RESERVATION_START_DATE,RESERVATION_END_DATE,RESERVATION_STATUS) values (601,to_date('15-01-01','RR-MM-DD'),to_date('15-01-07','RR-MM-DD'),1);
Insert into PDUMARESQ.HVK_RESERVATION (RESERVATION_NUMBER,RESERVATION_START_DATE,RESERVATION_END_DATE,RESERVATION_STATUS) values (603,to_date('15-01-01','RR-MM-DD'),to_date('15-01-07','RR-MM-DD'),1);
Insert into PDUMARESQ.HVK_RESERVATION (RESERVATION_NUMBER,RESERVATION_START_DATE,RESERVATION_END_DATE,RESERVATION_STATUS) values (605,to_date('15-01-01','RR-MM-DD'),to_date('15-01-07','RR-MM-DD'),1);
Insert into PDUMARESQ.HVK_RESERVATION (RESERVATION_NUMBER,RESERVATION_START_DATE,RESERVATION_END_DATE,RESERVATION_STATUS) values (615,to_date('14-12-07','RR-MM-DD'),to_date('14-12-14','RR-MM-DD'),1);
Insert into PDUMARESQ.HVK_RESERVATION (RESERVATION_NUMBER,RESERVATION_START_DATE,RESERVATION_END_DATE,RESERVATION_STATUS) values (620,to_date('14-02-08','RR-MM-DD'),to_date('14-03-09','RR-MM-DD'),3);
Insert into PDUMARESQ.HVK_RESERVATION (RESERVATION_NUMBER,RESERVATION_START_DATE,RESERVATION_END_DATE,RESERVATION_STATUS) values (625,to_date('15-01-15','RR-MM-DD'),to_date('15-01-20','RR-MM-DD'),1);
Insert into PDUMARESQ.HVK_RESERVATION (RESERVATION_NUMBER,RESERVATION_START_DATE,RESERVATION_END_DATE,RESERVATION_STATUS) values (630,to_date('15-01-05','RR-MM-DD'),to_date('15-01-13','RR-MM-DD'),1);
Insert into PDUMARESQ.HVK_RESERVATION (RESERVATION_NUMBER,RESERVATION_START_DATE,RESERVATION_END_DATE,RESERVATION_STATUS) values (631,to_date('13-11-01','RR-MM-DD'),to_date('13-11-04','RR-MM-DD'),3);
Insert into PDUMARESQ.HVK_RESERVATION (RESERVATION_NUMBER,RESERVATION_START_DATE,RESERVATION_END_DATE,RESERVATION_STATUS) values (632,to_date('14-11-07','RR-MM-DD'),to_date('14-11-09','RR-MM-DD'),1);
Insert into PDUMARESQ.HVK_RESERVATION (RESERVATION_NUMBER,RESERVATION_START_DATE,RESERVATION_END_DATE,RESERVATION_STATUS) values (633,to_date('14-11-07','RR-MM-DD'),to_date('14-11-09','RR-MM-DD'),1);
Insert into PDUMARESQ.HVK_RESERVATION (RESERVATION_NUMBER,RESERVATION_START_DATE,RESERVATION_END_DATE,RESERVATION_STATUS) values (635,to_date('15-01-20','RR-MM-DD'),to_date('15-01-25','RR-MM-DD'),1);
Insert into PDUMARESQ.HVK_RESERVATION (RESERVATION_NUMBER,RESERVATION_START_DATE,RESERVATION_END_DATE,RESERVATION_STATUS) values (636,to_date('14-11-09','RR-MM-DD'),to_date('14-11-12','RR-MM-DD'),1);
Insert into PDUMARESQ.HVK_RESERVATION (RESERVATION_NUMBER,RESERVATION_START_DATE,RESERVATION_END_DATE,RESERVATION_STATUS) values (696,to_date('14-09-07','RR-MM-DD'),to_date('14-09-16','RR-MM-DD'),3);
Insert into PDUMARESQ.HVK_RESERVATION (RESERVATION_NUMBER,RESERVATION_START_DATE,RESERVATION_END_DATE,RESERVATION_STATUS) values (700,to_date('14-11-10','RR-MM-DD'),to_date('14-11-12','RR-MM-DD'),1);
Insert into PDUMARESQ.HVK_RESERVATION (RESERVATION_NUMBER,RESERVATION_START_DATE,RESERVATION_END_DATE,RESERVATION_STATUS) values (701,to_date('14-11-10','RR-MM-DD'),to_date('14-11-12','RR-MM-DD'),1);
Insert into PDUMARESQ.HVK_RESERVATION (RESERVATION_NUMBER,RESERVATION_START_DATE,RESERVATION_END_DATE,RESERVATION_STATUS) values (702,to_date('14-11-10','RR-MM-DD'),to_date('14-11-12','RR-MM-DD'),1);
Insert into PDUMARESQ.HVK_RESERVATION (RESERVATION_NUMBER,RESERVATION_START_DATE,RESERVATION_END_DATE,RESERVATION_STATUS) values (703,to_date('14-11-10','RR-MM-DD'),to_date('14-11-12','RR-MM-DD'),1);
Insert into PDUMARESQ.HVK_RESERVATION (RESERVATION_NUMBER,RESERVATION_START_DATE,RESERVATION_END_DATE,RESERVATION_STATUS) values (704,to_date('14-11-10','RR-MM-DD'),to_date('14-11-12','RR-MM-DD'),1);
Insert into PDUMARESQ.HVK_RESERVATION (RESERVATION_NUMBER,RESERVATION_START_DATE,RESERVATION_END_DATE,RESERVATION_STATUS) values (705,to_date('14-11-10','RR-MM-DD'),to_date('14-11-12','RR-MM-DD'),1);
Insert into PDUMARESQ.HVK_RESERVATION (RESERVATION_NUMBER,RESERVATION_START_DATE,RESERVATION_END_DATE,RESERVATION_STATUS) values (707,to_date('15-01-15','RR-MM-DD'),to_date('15-01-20','RR-MM-DD'),1);
Insert into PDUMARESQ.HVK_RESERVATION (RESERVATION_NUMBER,RESERVATION_START_DATE,RESERVATION_END_DATE,RESERVATION_STATUS) values (708,to_date('15-02-15','RR-MM-DD'),to_date('15-02-20','RR-MM-DD'),1);
Insert into PDUMARESQ.HVK_RESERVATION (RESERVATION_NUMBER,RESERVATION_START_DATE,RESERVATION_END_DATE,RESERVATION_STATUS) values (709,to_date('15-02-15','RR-MM-DD'),to_date('15-02-20','RR-MM-DD'),1);
Insert into PDUMARESQ.HVK_RESERVATION (RESERVATION_NUMBER,RESERVATION_START_DATE,RESERVATION_END_DATE,RESERVATION_STATUS) values (711,to_date('15-02-15','RR-MM-DD'),to_date('15-02-20','RR-MM-DD'),1);
Insert into PDUMARESQ.HVK_RESERVATION (RESERVATION_NUMBER,RESERVATION_START_DATE,RESERVATION_END_DATE,RESERVATION_STATUS) values (712,to_date('15-02-15','RR-MM-DD'),to_date('15-02-20','RR-MM-DD'),1);
Insert into PDUMARESQ.HVK_RESERVATION (RESERVATION_NUMBER,RESERVATION_START_DATE,RESERVATION_END_DATE,RESERVATION_STATUS) values (713,to_date('15-02-10','RR-MM-DD'),to_date('15-02-25','RR-MM-DD'),1);
Insert into PDUMARESQ.HVK_RESERVATION (RESERVATION_NUMBER,RESERVATION_START_DATE,RESERVATION_END_DATE,RESERVATION_STATUS) values (716,to_date('15-02-10','RR-MM-DD'),to_date('15-02-25','RR-MM-DD'),1);
Insert into PDUMARESQ.HVK_RESERVATION (RESERVATION_NUMBER,RESERVATION_START_DATE,RESERVATION_END_DATE,RESERVATION_STATUS) values (717,to_date('15-02-10','RR-MM-DD'),to_date('15-02-25','RR-MM-DD'),1);
Insert into PDUMARESQ.HVK_RESERVATION (RESERVATION_NUMBER,RESERVATION_START_DATE,RESERVATION_END_DATE,RESERVATION_STATUS) values (720,to_date('15-02-25','RR-MM-DD'),to_date('15-02-28','RR-MM-DD'),1);
Insert into PDUMARESQ.HVK_RESERVATION (RESERVATION_NUMBER,RESERVATION_START_DATE,RESERVATION_END_DATE,RESERVATION_STATUS) values (721,to_date('15-02-05','RR-MM-DD'),to_date('15-02-09','RR-MM-DD'),1);
Insert into PDUMARESQ.HVK_RESERVATION (RESERVATION_NUMBER,RESERVATION_START_DATE,RESERVATION_END_DATE,RESERVATION_STATUS) values (722,to_date('14-12-22','RR-MM-DD'),to_date('15-01-03','RR-MM-DD'),1);
Insert into PDUMARESQ.HVK_RESERVATION (RESERVATION_NUMBER,RESERVATION_START_DATE,RESERVATION_END_DATE,RESERVATION_STATUS) values (723,to_date('13-12-22','RR-MM-DD'),to_date('14-01-03','RR-MM-DD'),3);
Insert into PDUMARESQ.HVK_RESERVATION (RESERVATION_NUMBER,RESERVATION_START_DATE,RESERVATION_END_DATE,RESERVATION_STATUS) values (724,to_date('14-12-22','RR-MM-DD'),to_date('15-01-03','RR-MM-DD'),1);
Insert into PDUMARESQ.HVK_RESERVATION (RESERVATION_NUMBER,RESERVATION_START_DATE,RESERVATION_END_DATE,RESERVATION_STATUS) values (5,to_date('14-11-15','RR-MM-DD'),to_date('14-11-17','RR-MM-DD'),1);
Insert into PDUMARESQ.HVK_RESERVATION (RESERVATION_NUMBER,RESERVATION_START_DATE,RESERVATION_END_DATE,RESERVATION_STATUS) values (11,to_date('14-11-15','RR-MM-DD'),to_date('14-11-17','RR-MM-DD'),1);
Insert into PDUMARESQ.HVK_RESERVATION (RESERVATION_NUMBER,RESERVATION_START_DATE,RESERVATION_END_DATE,RESERVATION_STATUS) values (725,to_date('14-12-23','RR-MM-DD'),to_date('15-01-02','RR-MM-DD'),1);
Insert into PDUMARESQ.HVK_RESERVATION (RESERVATION_NUMBER,RESERVATION_START_DATE,RESERVATION_END_DATE,RESERVATION_STATUS) values (808,to_date('15-10-31','RR-MM-DD'),to_date('15-11-12','RR-MM-DD'),1);
Insert into PDUMARESQ.HVK_RESERVATION (RESERVATION_NUMBER,RESERVATION_START_DATE,RESERVATION_END_DATE,RESERVATION_STATUS) values (809,to_date('15-05-02','RR-MM-DD'),to_date('15-05-09','RR-MM-DD'),1);
Insert into PDUMARESQ.HVK_RESERVATION (RESERVATION_NUMBER,RESERVATION_START_DATE,RESERVATION_END_DATE,RESERVATION_STATUS) values (810,to_date('15-01-12','RR-MM-DD'),to_date('15-01-17','RR-MM-DD'),1);
Insert into PDUMARESQ.HVK_RESERVATION (RESERVATION_NUMBER,RESERVATION_START_DATE,RESERVATION_END_DATE,RESERVATION_STATUS) values (811,to_date('15-04-26','RR-MM-DD'),to_date('15-05-05','RR-MM-DD'),1);
REM INSERTING into PDUMARESQ.HVK_RESERVATION_DISCOUNT
SET DEFINE OFF;
Insert into PDUMARESQ.HVK_RESERVATION_DISCOUNT (DISC_DISCOUNT_NUMBER,RES_RESERVATION_NUMBER) values (2,713);
Insert into PDUMARESQ.HVK_RESERVATION_DISCOUNT (DISC_DISCOUNT_NUMBER,RES_RESERVATION_NUMBER) values (2,717);
REM INSERTING into PDUMARESQ.HVK_RUN
SET DEFINE OFF;
Insert into PDUMARESQ.HVK_RUN (RUN_NUMBER,RUN_SIZE,RUN_COVERED,RUN_LOCATION,RUN_STATUS) values (1,'R','F','F',1);
Insert into PDUMARESQ.HVK_RUN (RUN_NUMBER,RUN_SIZE,RUN_COVERED,RUN_LOCATION,RUN_STATUS) values (2,'R','F','F',1);
Insert into PDUMARESQ.HVK_RUN (RUN_NUMBER,RUN_SIZE,RUN_COVERED,RUN_LOCATION,RUN_STATUS) values (13,'L','F','F',1);
Insert into PDUMARESQ.HVK_RUN (RUN_NUMBER,RUN_SIZE,RUN_COVERED,RUN_LOCATION,RUN_STATUS) values (14,'L','F','F',1);
Insert into PDUMARESQ.HVK_RUN (RUN_NUMBER,RUN_SIZE,RUN_COVERED,RUN_LOCATION,RUN_STATUS) values (21,'L','F','B',1);
Insert into PDUMARESQ.HVK_RUN (RUN_NUMBER,RUN_SIZE,RUN_COVERED,RUN_LOCATION,RUN_STATUS) values (22,'L','F','B',1);
Insert into PDUMARESQ.HVK_RUN (RUN_NUMBER,RUN_SIZE,RUN_COVERED,RUN_LOCATION,RUN_STATUS) values (27,'L','T','B',1);
Insert into PDUMARESQ.HVK_RUN (RUN_NUMBER,RUN_SIZE,RUN_COVERED,RUN_LOCATION,RUN_STATUS) values (28,'L','T','B',1);
Insert into PDUMARESQ.HVK_RUN (RUN_NUMBER,RUN_SIZE,RUN_COVERED,RUN_LOCATION,RUN_STATUS) values (29,'R','T','B',1);
Insert into PDUMARESQ.HVK_RUN (RUN_NUMBER,RUN_SIZE,RUN_COVERED,RUN_LOCATION,RUN_STATUS) values (30,'R','T','B',1);
Insert into PDUMARESQ.HVK_RUN (RUN_NUMBER,RUN_SIZE,RUN_COVERED,RUN_LOCATION,RUN_STATUS) values (35,'R','F','B',1);
Insert into PDUMARESQ.HVK_RUN (RUN_NUMBER,RUN_SIZE,RUN_COVERED,RUN_LOCATION,RUN_STATUS) values (36,'R','F','B',1);
REM INSERTING into PDUMARESQ.HVK_SERVICE
SET DEFINE OFF;
Insert into PDUMARESQ.HVK_SERVICE (SERVICE_NUMBER,SERVICE_DESCRIPTION) values (1,'Boarding');
Insert into PDUMARESQ.HVK_SERVICE (SERVICE_NUMBER,SERVICE_DESCRIPTION) values (2,'Walk');
Insert into PDUMARESQ.HVK_SERVICE (SERVICE_NUMBER,SERVICE_DESCRIPTION) values (3,'Grooming');
Insert into PDUMARESQ.HVK_SERVICE (SERVICE_NUMBER,SERVICE_DESCRIPTION) values (4,'Medication');
Insert into PDUMARESQ.HVK_SERVICE (SERVICE_NUMBER,SERVICE_DESCRIPTION) values (5,'Playtime');
Insert into PDUMARESQ.HVK_SERVICE (SERVICE_NUMBER,SERVICE_DESCRIPTION) values (6,'Bath');
REM INSERTING into PDUMARESQ.HVK_SPECIAL_NOTES
SET DEFINE OFF;
Insert into PDUMARESQ.HVK_SPECIAL_NOTES (SPECIAL_NOTES,PET_PET_NUMBER) values ('Scrabble is terrified of hot air balloons',1);
Insert into PDUMARESQ.HVK_SPECIAL_NOTES (SPECIAL_NOTES,PET_PET_NUMBER) values ('Archie is extremely shy and very timid around other dogs - she does not do well in an open playtime.',2);
Insert into PDUMARESQ.HVK_SPECIAL_NOTES (SPECIAL_NOTES,PET_PET_NUMBER) values ('Huxley has an uncontrollable tendency to quote Shakespeare',6);
REM INSERTING into PDUMARESQ.HVK_VACCINATION
SET DEFINE OFF;
Insert into PDUMARESQ.HVK_VACCINATION (VACCINATION_NUMBER,VACCINATION_PET_TYPE,VACCINATION_NAME) values (1,'D','Bordetella');
Insert into PDUMARESQ.HVK_VACCINATION (VACCINATION_NUMBER,VACCINATION_PET_TYPE,VACCINATION_NAME) values (2,'D','Distemper');
Insert into PDUMARESQ.HVK_VACCINATION (VACCINATION_NUMBER,VACCINATION_PET_TYPE,VACCINATION_NAME) values (3,'D','Hepatitis');
Insert into PDUMARESQ.HVK_VACCINATION (VACCINATION_NUMBER,VACCINATION_PET_TYPE,VACCINATION_NAME) values (4,'D','Parainfluenza');
Insert into PDUMARESQ.HVK_VACCINATION (VACCINATION_NUMBER,VACCINATION_PET_TYPE,VACCINATION_NAME) values (5,'D','Parovirus');
Insert into PDUMARESQ.HVK_VACCINATION (VACCINATION_NUMBER,VACCINATION_PET_TYPE,VACCINATION_NAME) values (6,'D','Rabies');
Insert into PDUMARESQ.HVK_VACCINATION (VACCINATION_NUMBER,VACCINATION_PET_TYPE,VACCINATION_NAME) values (10,'C','Rabies');
Insert into PDUMARESQ.HVK_VACCINATION (VACCINATION_NUMBER,VACCINATION_PET_TYPE,VACCINATION_NAME) values (7,'C','Panleukopenia');
Insert into PDUMARESQ.HVK_VACCINATION (VACCINATION_NUMBER,VACCINATION_PET_TYPE,VACCINATION_NAME) values (8,'C','Rhinotracheitis');
Insert into PDUMARESQ.HVK_VACCINATION (VACCINATION_NUMBER,VACCINATION_PET_TYPE,VACCINATION_NAME) values (9,'C','Calicivirus');
REM INSERTING into PDUMARESQ.HVK_VETERINARIAN
SET DEFINE OFF;
Insert into PDUMARESQ.HVK_VETERINARIAN (VET_NUMBER,VET_NAME,VET_PHONE,VET_STREET,VET_CITY,VET_PROVINCE,VET_POSTAL_CODE) values (5,'Dr. Frankenstein','8888888888',null,null,'QC',null);
Insert into PDUMARESQ.HVK_VETERINARIAN (VET_NUMBER,VET_NAME,VET_PHONE,VET_STREET,VET_CITY,VET_PROVINCE,VET_POSTAL_CODE) values (6,'Dr. Jorge Potter','1234567890',null,null,'QC',null);
Insert into PDUMARESQ.HVK_VETERINARIAN (VET_NUMBER,VET_NAME,VET_PHONE,VET_STREET,VET_CITY,VET_PROVINCE,VET_POSTAL_CODE) values (7,'Dr. Akura Petforu','1234567890',null,null,'QC',null);
Insert into PDUMARESQ.HVK_VETERINARIAN (VET_NUMBER,VET_NAME,VET_PHONE,VET_STREET,VET_CITY,VET_PROVINCE,VET_POSTAL_CODE) values (1,'Dr. I. Care','8195552122',null,null,'QC',null);
Insert into PDUMARESQ.HVK_VETERINARIAN (VET_NUMBER,VET_NAME,VET_PHONE,VET_STREET,VET_CITY,VET_PROVINCE,VET_POSTAL_CODE) values (2,'Dr. Sandy Beech','8195559238',null,null,'QC',null);
