--DROP TABLE iu_course CASCADE CONSTRAINTS;
--DROP TABLE iu_crssection CASCADE CONSTRAINTS;
--DROP TABLE iu_departement CASCADE CONSTRAINTS;
--DROP TABLE iu_faculty CASCADE CONSTRAINTS;
--DROP TABLE iu_location CASCADE CONSTRAINTS;
--DROP TABLE iu_major CASCADE CONSTRAINTS;
--DROP TABLE iu_registration CASCADE CONSTRAINTS;
--DROP TABLE iu_room CASCADE CONSTRAINTS;
--DROP TABLE iu_student CASCADE CONSTRAINTS;
--DROP TABLE iu_term CASCADE CONSTRAINTS;
--DROP TABLE nn_dependent CASCADE CONSTRAINTS;
--DROP TABLE nn_dept CASCADE CONSTRAINTS;
--DROP TABLE nn_emplevel CASCADE CONSTRAINTS;
--DROP TABLE nn_employee CASCADE CONSTRAINTS;
--DROP TABLE nn_job_history CASCADE CONSTRAINTS;
--DROP TABLE nn_position CASCADE CONSTRAINTS;

DROP TABLE HVK_CAT cascade constraints;
DROP TABLE HVK_CAT_SUITE cascade constraints;
DROP TABLE HVK_CAT_SUITE_TYPE cascade constraints;
DROP TABLE HVK_DAILY_RATE cascade constraints;
DROP TABLE HVK_DISCOUNT cascade constraints;
DROP TABLE HVK_DOG cascade constraints;
DROP TABLE HVK_FOOD cascade constraints;
DROP TABLE HVK_KENNEL_LOG cascade constraints;
DROP TABLE HVK_MEDICATION cascade constraints;
DROP TABLE HVK_OWNER cascade constraints;
DROP TABLE HVK_PET cascade constraints;
DROP TABLE HVK_PET_FOOD cascade constraints;
DROP TABLE HVK_PET_RESERVATION cascade constraints;
DROP TABLE HVK_PET_RESERVATION_DISCOUNT cascade constraints;
DROP TABLE HVK_PET_RESERVATION_SERVICE cascade constraints;
DROP TABLE HVK_PET_VACCINATION cascade constraints;
DROP TABLE HVK_RESERVATION cascade constraints;
DROP TABLE HVK_RESERVATION_DISCOUNT cascade constraints;
DROP TABLE HVK_RUN cascade constraints;
DROP TABLE HVK_SERVICE cascade constraints;
DROP TABLE HVK_SPECIAL_NOTES cascade constraints;
DROP TABLE HVK_VACCINATION cascade constraints;
DROP TABLE HVK_VETERINARIAN cascade constraints;
--------------------------------------------------------
--  DDL for Table HVK_CAT
--------------------------------------------------------

  CREATE TABLE HVK_CAT (PET_PET_NUMBER NUMBER(7,0), CAT_DECLAWED CHAR(1), CAT_INDOOR_OUTDOOR CHAR(1));
--------------------------------------------------------
--  DDL for Table HVK_CAT_SUITE
--------------------------------------------------------

  CREATE TABLE HVK_CAT_SUITE (CAT_SUITE_NUMBER NUMBER(7,0), SUITE_STATUS NUMBER DEFAULT 1, CST_CAT_SUITE_TYPE_NUMBER NUMBER(7,0));
--------------------------------------------------------
--  DDL for Table HVK_CAT_SUITE_TYPE
--------------------------------------------------------

  CREATE TABLE HVK_CAT_SUITE_TYPE (CAT_SUITE_TYPE_NUMBER NUMBER(7,0), CAT_SUITE_MAXIMUM_OCCUPANCY NUMBER(1,0) DEFAULT 1, SUITE_DESCRIPTION VARCHAR2(50));
--------------------------------------------------------
--  DDL for Table HVK_DAILY_RATE
--------------------------------------------------------

  CREATE TABLE HVK_DAILY_RATE (DAILY_RATE_NUMBER NUMBER(7,0), DAILY_RATE NUMBER(5,2), DAILY_RATE_PET_TYPE CHAR(1), DAILY_RATE_DOG_SIZE CHAR(1), DAILY_RATE_NUMBER_OF_CATS NUMBER(1,0) DEFAULT 1, SERV_SERVICE_NUMBER NUMBER(7,0), CST_CAT_SUITE_TYPE_NUMBER NUMBER(7,0));
--------------------------------------------------------
--  DDL for Table HVK_DISCOUNT
--------------------------------------------------------

  CREATE TABLE HVK_DISCOUNT (DISCOUNT_NUMBER NUMBER(7,0), DISCOUNT_DESCRIPTION VARCHAR2(50), DISCOUNT_PERCENTAGE NUMBER(3,2), DISCOUNT_TYPE CHAR(1) DEFAULT 'D');
--------------------------------------------------------
--  DDL for Table HVK_DOG
--------------------------------------------------------

  CREATE TABLE HVK_DOG (PET_PET_NUMBER NUMBER(7,0), DOG_SIZE CHAR(1));
--------------------------------------------------------
--  DDL for Table HVK_FOOD
--------------------------------------------------------

  CREATE TABLE HVK_FOOD (FOOD_NUMBER NUMBER(7,0), FOOD_BRAND VARCHAR2(50), FOOD_VARIETY VARCHAR2(100), FOOD_PET_TYPE CHAR(1));
--------------------------------------------------------
--  DDL for Table HVK_KENNEL_LOG
--------------------------------------------------------

  CREATE TABLE HVK_KENNEL_LOG (KENNEL_LOG_DATE DATE, KENNEL_LOG_SEQUENCE_NUMBER NUMBER DEFAULT 1, KENNEL_LOG_NOTES VARCHAR2(200), PR_PET_RES_NUMBER NUMBER(7,0), KENNEL_LOG_VIDEO BLOB) ;
 

   COMMENT ON COLUMN HVK_KENNEL_LOG.KENNEL_LOG_SEQUENCE_NUMBER IS 'Sequence number defaults to 1 and allows for more than 1 kennel log entry in a day. ';
--------------------------------------------------------
--  DDL for Table HVK_MEDICATION
--------------------------------------------------------

  CREATE TABLE HVK_MEDICATION (MEDICATION_NUMBER NUMBER(7,0), MEDICATION_NAME VARCHAR2(50), MEDICATION_DOSAGE VARCHAR2(50), MEDICATION_SPECIAL_INSTRUCT VARCHAR2(50), MEDICATION_END_DATE DATE, PR_PET_RES_NUMBER NUMBER(7,0));
--------------------------------------------------------
--  DDL for Table HVK_OWNER
--------------------------------------------------------

  CREATE TABLE HVK_OWNER (OWNER_NUMBER NUMBER(7,0), OWNER_FIRST_NAME VARCHAR2(25), OWNER_LAST_NAME VARCHAR2(25), OWNER_STREET VARCHAR2(40), OWNER_CITY VARCHAR2(25), OWNER_PROVINCE CHAR(2) DEFAULT 'QC', OWNER_POSTAL_CODE CHAR(6), OWNER_PHONE CHAR(10), OWNER_EMAIL VARCHAR2(50), EMERGENCY_CONTACT_FIRST_NAME VARCHAR2(25), EMERGENCY_CONTACT_LAST_NAME VARCHAR2(25), EMERGENCY_CONTACT_PHONE CHAR(10));
--------------------------------------------------------
--  DDL for Table HVK_PET
--------------------------------------------------------

  CREATE TABLE HVK_PET (PET_NUMBER NUMBER(7,0), PET_NAME VARCHAR2(25), PET_GENDER CHAR(1), PET_FIXED CHAR(1), PET_BREED VARCHAR2(50), PET_BIRTHDATE DATE, OWN_OWNER_NUMBER NUMBER(7,0), VET_VET_NUMBER NUMBER(7,0), PET_PICTURE BLOB);
--------------------------------------------------------
--  DDL for Table HVK_PET_FOOD
--------------------------------------------------------

  CREATE TABLE HVK_PET_FOOD (PET_FOOD_FREQUENCY NUMBER DEFAULT 1, PET_FOOD_QUANTITY VARCHAR2(50), PR_PET_RES_NUMBER NUMBER(7,0), FOOD_FOOD_NUMBER NUMBER(7,0));
--------------------------------------------------------
--  DDL for Table HVK_PET_RESERVATION
--------------------------------------------------------

  CREATE TABLE HVK_PET_RESERVATION (PET_RES_NUMBER NUMBER(7,0), PET_PET_NUMBER NUMBER(7,0), RES_RESERVATION_NUMBER NUMBER(7,0), RUN_RUN_NUMBER NUMBER(7,0), CS_CAT_SUITE_NUMBER NUMBER(7,0), PR_SHARING_WITH NUMBER(7,0));
--------------------------------------------------------
--  DDL for Table HVK_PET_RESERVATION_DISCOUNT
--------------------------------------------------------

  CREATE TABLE HVK_PET_RESERVATION_DISCOUNT (DISC_DISCOUNT_NUMBER NUMBER(7,0), PR_PET_RES_NUMBER NUMBER(7,0));
--------------------------------------------------------
--  DDL for Table HVK_PET_RESERVATION_SERVICE
--------------------------------------------------------

  CREATE TABLE HVK_PET_RESERVATION_SERVICE (SERVICE_FREQUENCY NUMBER(2,0), PR_PET_RES_NUMBER NUMBER(7,0), SERV_SERVICE_NUMBER NUMBER(7,0));
--------------------------------------------------------
--  DDL for Table HVK_PET_VACCINATION
--------------------------------------------------------

  CREATE TABLE HVK_PET_VACCINATION (VACCINATION_EXPIRY_DATE DATE, VACC_VACCINATION_NUMBER NUMBER(7,0), PET_PET_NUMBER NUMBER(7,0));
--------------------------------------------------------
--  DDL for Table HVK_RESERVATION
--------------------------------------------------------

  CREATE TABLE HVK_RESERVATION (RESERVATION_NUMBER NUMBER(7,0), RESERVATION_START_DATE DATE, RESERVATION_END_DATE DATE, RESERVATION_STATUS NUMBER(1,0) DEFAULT 1);
--------------------------------------------------------
--  DDL for Table HVK_RESERVATION_DISCOUNT
--------------------------------------------------------

  CREATE TABLE HVK_RESERVATION_DISCOUNT (DISC_DISCOUNT_NUMBER NUMBER(7,0), RES_RESERVATION_NUMBER NUMBER(7,0));
--------------------------------------------------------
--  DDL for Table HVK_RUN
--------------------------------------------------------

  CREATE TABLE HVK_RUN (RUN_NUMBER NUMBER(7,0), RUN_SIZE CHAR(1) DEFAULT 'R', RUN_COVERED CHAR(1), RUN_LOCATION CHAR(1), RUN_STATUS NUMBER(1,0) DEFAULT 1);
--------------------------------------------------------
--  DDL for Table HVK_SERVICE
--------------------------------------------------------

  CREATE TABLE HVK_SERVICE (SERVICE_NUMBER NUMBER(7,0), SERVICE_DESCRIPTION VARCHAR2(50));
--------------------------------------------------------
--  DDL for Table HVK_SPECIAL_NOTES
--------------------------------------------------------

  CREATE TABLE HVK_SPECIAL_NOTES (SPECIAL_NOTES VARCHAR2(200), PET_PET_NUMBER NUMBER(7,0));
--------------------------------------------------------
--  DDL for Table HVK_VACCINATION
--------------------------------------------------------

  CREATE TABLE HVK_VACCINATION (VACCINATION_NUMBER NUMBER(7,0), VACCINATION_PET_TYPE CHAR(1), VACCINATION_NAME VARCHAR2(50));
--------------------------------------------------------
--  DDL for Table HVK_VETERINARIAN
--------------------------------------------------------

  CREATE TABLE HVK_VETERINARIAN (VET_NUMBER NUMBER(7,0), VET_NAME VARCHAR2(50), VET_PHONE CHAR(10), VET_STREET VARCHAR2(40), VET_CITY VARCHAR2(25), VET_PROVINCE CHAR(2) DEFAULT 'QC', VET_POSTAL_CODE CHAR(6)); 
 

   COMMENT ON COLUMN HVK_VETERINARIAN.VET_NAME IS 'Name of pet''s veterinarian or the veterinarian clinic name';
REM INSERTING into HVK_CAT
SET DEFINE OFF;
Insert into HVK_CAT (PET_PET_NUMBER,CAT_DECLAWED,CAT_INDOOR_OUTDOOR) values (4,'F','T');
Insert into HVK_CAT (PET_PET_NUMBER,CAT_DECLAWED,CAT_INDOOR_OUTDOOR) values (5,'F','F');
Insert into HVK_CAT (PET_PET_NUMBER,CAT_DECLAWED,CAT_INDOOR_OUTDOOR) values (8,'F','F');
Insert into HVK_CAT (PET_PET_NUMBER,CAT_DECLAWED,CAT_INDOOR_OUTDOOR) values (36,'F','T');
Insert into HVK_CAT (PET_PET_NUMBER,CAT_DECLAWED,CAT_INDOOR_OUTDOOR) values (37,'F','T');
Insert into HVK_CAT (PET_PET_NUMBER,CAT_DECLAWED,CAT_INDOOR_OUTDOOR) values (38,'T','T');
REM INSERTING into HVK_CAT_SUITE
SET DEFINE OFF;
Insert into HVK_CAT_SUITE (CAT_SUITE_NUMBER,SUITE_STATUS,CST_CAT_SUITE_TYPE_NUMBER) values (1,1,1);
Insert into HVK_CAT_SUITE (CAT_SUITE_NUMBER,SUITE_STATUS,CST_CAT_SUITE_TYPE_NUMBER) values (2,1,2);
Insert into HVK_CAT_SUITE (CAT_SUITE_NUMBER,SUITE_STATUS,CST_CAT_SUITE_TYPE_NUMBER) values (3,1,3);
REM INSERTING into HVK_CAT_SUITE_TYPE
SET DEFINE OFF;
Insert into HVK_CAT_SUITE_TYPE (CAT_SUITE_TYPE_NUMBER,CAT_SUITE_MAXIMUM_OCCUPANCY,SUITE_DESCRIPTION) values (1,1,'Regular');
Insert into HVK_CAT_SUITE_TYPE (CAT_SUITE_TYPE_NUMBER,CAT_SUITE_MAXIMUM_OCCUPANCY,SUITE_DESCRIPTION) values (2,1,'Semi-Luxury');
Insert into HVK_CAT_SUITE_TYPE (CAT_SUITE_TYPE_NUMBER,CAT_SUITE_MAXIMUM_OCCUPANCY,SUITE_DESCRIPTION) values (3,2,'Luxury');
REM INSERTING into HVK_DAILY_RATE
SET DEFINE OFF;
Insert into HVK_DAILY_RATE (DAILY_RATE_NUMBER,DAILY_RATE,DAILY_RATE_PET_TYPE,DAILY_RATE_DOG_SIZE,DAILY_RATE_NUMBER_OF_CATS,SERV_SERVICE_NUMBER,CST_CAT_SUITE_TYPE_NUMBER) values (1,10,'D','S',null,1,null);
Insert into HVK_DAILY_RATE (DAILY_RATE_NUMBER,DAILY_RATE,DAILY_RATE_PET_TYPE,DAILY_RATE_DOG_SIZE,DAILY_RATE_NUMBER_OF_CATS,SERV_SERVICE_NUMBER,CST_CAT_SUITE_TYPE_NUMBER) values (2,11,'D','M',null,1,null);
Insert into HVK_DAILY_RATE (DAILY_RATE_NUMBER,DAILY_RATE,DAILY_RATE_PET_TYPE,DAILY_RATE_DOG_SIZE,DAILY_RATE_NUMBER_OF_CATS,SERV_SERVICE_NUMBER,CST_CAT_SUITE_TYPE_NUMBER) values (3,12,'D','L',null,1,null);
Insert into HVK_DAILY_RATE (DAILY_RATE_NUMBER,DAILY_RATE,DAILY_RATE_PET_TYPE,DAILY_RATE_DOG_SIZE,DAILY_RATE_NUMBER_OF_CATS,SERV_SERVICE_NUMBER,CST_CAT_SUITE_TYPE_NUMBER) values (4,2,'D','S',null,2,null);
Insert into HVK_DAILY_RATE (DAILY_RATE_NUMBER,DAILY_RATE,DAILY_RATE_PET_TYPE,DAILY_RATE_DOG_SIZE,DAILY_RATE_NUMBER_OF_CATS,SERV_SERVICE_NUMBER,CST_CAT_SUITE_TYPE_NUMBER) values (5,3,'D','M',null,2,null);
Insert into HVK_DAILY_RATE (DAILY_RATE_NUMBER,DAILY_RATE,DAILY_RATE_PET_TYPE,DAILY_RATE_DOG_SIZE,DAILY_RATE_NUMBER_OF_CATS,SERV_SERVICE_NUMBER,CST_CAT_SUITE_TYPE_NUMBER) values (6,4,'D','L',null,2,null);
Insert into HVK_DAILY_RATE (DAILY_RATE_NUMBER,DAILY_RATE,DAILY_RATE_PET_TYPE,DAILY_RATE_DOG_SIZE,DAILY_RATE_NUMBER_OF_CATS,SERV_SERVICE_NUMBER,CST_CAT_SUITE_TYPE_NUMBER) values (7,2,'D','S',null,3,null);
Insert into HVK_DAILY_RATE (DAILY_RATE_NUMBER,DAILY_RATE,DAILY_RATE_PET_TYPE,DAILY_RATE_DOG_SIZE,DAILY_RATE_NUMBER_OF_CATS,SERV_SERVICE_NUMBER,CST_CAT_SUITE_TYPE_NUMBER) values (8,3,'D','M',null,3,null);
Insert into HVK_DAILY_RATE (DAILY_RATE_NUMBER,DAILY_RATE,DAILY_RATE_PET_TYPE,DAILY_RATE_DOG_SIZE,DAILY_RATE_NUMBER_OF_CATS,SERV_SERVICE_NUMBER,CST_CAT_SUITE_TYPE_NUMBER) values (9,4,'D','L',null,3,null);
Insert into HVK_DAILY_RATE (DAILY_RATE_NUMBER,DAILY_RATE,DAILY_RATE_PET_TYPE,DAILY_RATE_DOG_SIZE,DAILY_RATE_NUMBER_OF_CATS,SERV_SERVICE_NUMBER,CST_CAT_SUITE_TYPE_NUMBER) values (10,2,'D',null,null,5,null);
Insert into HVK_DAILY_RATE (DAILY_RATE_NUMBER,DAILY_RATE,DAILY_RATE_PET_TYPE,DAILY_RATE_DOG_SIZE,DAILY_RATE_NUMBER_OF_CATS,SERV_SERVICE_NUMBER,CST_CAT_SUITE_TYPE_NUMBER) values (11,1,'D',null,null,4,null);
Insert into HVK_DAILY_RATE (DAILY_RATE_NUMBER,DAILY_RATE,DAILY_RATE_PET_TYPE,DAILY_RATE_DOG_SIZE,DAILY_RATE_NUMBER_OF_CATS,SERV_SERVICE_NUMBER,CST_CAT_SUITE_TYPE_NUMBER) values (12,10,'C',null,1,1,1);
Insert into HVK_DAILY_RATE (DAILY_RATE_NUMBER,DAILY_RATE,DAILY_RATE_PET_TYPE,DAILY_RATE_DOG_SIZE,DAILY_RATE_NUMBER_OF_CATS,SERV_SERVICE_NUMBER,CST_CAT_SUITE_TYPE_NUMBER) values (13,11,'C',null,1,1,2);
Insert into HVK_DAILY_RATE (DAILY_RATE_NUMBER,DAILY_RATE,DAILY_RATE_PET_TYPE,DAILY_RATE_DOG_SIZE,DAILY_RATE_NUMBER_OF_CATS,SERV_SERVICE_NUMBER,CST_CAT_SUITE_TYPE_NUMBER) values (14,12,'C',null,1,1,3);
Insert into HVK_DAILY_RATE (DAILY_RATE_NUMBER,DAILY_RATE,DAILY_RATE_PET_TYPE,DAILY_RATE_DOG_SIZE,DAILY_RATE_NUMBER_OF_CATS,SERV_SERVICE_NUMBER,CST_CAT_SUITE_TYPE_NUMBER) values (15,20,'C',null,2,1,3);
Insert into HVK_DAILY_RATE (DAILY_RATE_NUMBER,DAILY_RATE,DAILY_RATE_PET_TYPE,DAILY_RATE_DOG_SIZE,DAILY_RATE_NUMBER_OF_CATS,SERV_SERVICE_NUMBER,CST_CAT_SUITE_TYPE_NUMBER) values (16,2,'C',null,null,6,null);
Insert into HVK_DAILY_RATE (DAILY_RATE_NUMBER,DAILY_RATE,DAILY_RATE_PET_TYPE,DAILY_RATE_DOG_SIZE,DAILY_RATE_NUMBER_OF_CATS,SERV_SERVICE_NUMBER,CST_CAT_SUITE_TYPE_NUMBER) values (17,2,'C',null,null,3,null);
Insert into HVK_DAILY_RATE (DAILY_RATE_NUMBER,DAILY_RATE,DAILY_RATE_PET_TYPE,DAILY_RATE_DOG_SIZE,DAILY_RATE_NUMBER_OF_CATS,SERV_SERVICE_NUMBER,CST_CAT_SUITE_TYPE_NUMBER) values (18,2,'C',null,null,4,null);
REM INSERTING into HVK_DISCOUNT
SET DEFINE OFF;
Insert into HVK_DISCOUNT (DISCOUNT_NUMBER,DISCOUNT_DESCRIPTION,DISCOUNT_PERCENTAGE,DISCOUNT_TYPE) values (1,'Shared Run',0.1,'D');
Insert into HVK_DISCOUNT (DISCOUNT_NUMBER,DISCOUNT_DESCRIPTION,DISCOUNT_PERCENTAGE,DISCOUNT_TYPE) values (2,'Multiple Pets',0.07,'T');
Insert into HVK_DISCOUNT (DISCOUNT_NUMBER,DISCOUNT_DESCRIPTION,DISCOUNT_PERCENTAGE,DISCOUNT_TYPE) values (3,'Own Food',0.1,'D');
REM INSERTING into HVK_DOG
SET DEFINE OFF;
Insert into HVK_DOG (PET_PET_NUMBER,DOG_SIZE) values (33,'L');
Insert into HVK_DOG (PET_PET_NUMBER,DOG_SIZE) values (34,'M');
Insert into HVK_DOG (PET_PET_NUMBER,DOG_SIZE) values (35,'S');
Insert into HVK_DOG (PET_PET_NUMBER,DOG_SIZE) values (13,'L');
Insert into HVK_DOG (PET_PET_NUMBER,DOG_SIZE) values (14,'S');
Insert into HVK_DOG (PET_PET_NUMBER,DOG_SIZE) values (9,'M');
Insert into HVK_DOG (PET_PET_NUMBER,DOG_SIZE) values (10,'S');
Insert into HVK_DOG (PET_PET_NUMBER,DOG_SIZE) values (11,'L');
Insert into HVK_DOG (PET_PET_NUMBER,DOG_SIZE) values (12,'L');
Insert into HVK_DOG (PET_PET_NUMBER,DOG_SIZE) values (1,'S');
Insert into HVK_DOG (PET_PET_NUMBER,DOG_SIZE) values (2,'M');
Insert into HVK_DOG (PET_PET_NUMBER,DOG_SIZE) values (3,'L');
Insert into HVK_DOG (PET_PET_NUMBER,DOG_SIZE) values (6,'M');
Insert into HVK_DOG (PET_PET_NUMBER,DOG_SIZE) values (7,'S');
Insert into HVK_DOG (PET_PET_NUMBER,DOG_SIZE) values (16,'L');
Insert into HVK_DOG (PET_PET_NUMBER,DOG_SIZE) values (20,'S');
Insert into HVK_DOG (PET_PET_NUMBER,DOG_SIZE) values (26,'S');
Insert into HVK_DOG (PET_PET_NUMBER,DOG_SIZE) values (27,'S');
Insert into HVK_DOG (PET_PET_NUMBER,DOG_SIZE) values (28,'S');
Insert into HVK_DOG (PET_PET_NUMBER,DOG_SIZE) values (29,'L');
Insert into HVK_DOG (PET_PET_NUMBER,DOG_SIZE) values (30,'L');
Insert into HVK_DOG (PET_PET_NUMBER,DOG_SIZE) values (31,'L');
Insert into HVK_DOG (PET_PET_NUMBER,DOG_SIZE) values (32,'M');
REM INSERTING into HVK_FOOD
SET DEFINE OFF;
Insert into HVK_FOOD (FOOD_NUMBER,FOOD_BRAND,FOOD_VARIETY,FOOD_PET_TYPE) values (1,'Iams','Mini Chunks','D');
Insert into HVK_FOOD (FOOD_NUMBER,FOOD_BRAND,FOOD_VARIETY,FOOD_PET_TYPE) values (2,'Iams','Large Dog','D');
Insert into HVK_FOOD (FOOD_NUMBER,FOOD_BRAND,FOOD_VARIETY,FOOD_PET_TYPE) values (3,'Iams','Weight Control','D');
Insert into HVK_FOOD (FOOD_NUMBER,FOOD_BRAND,FOOD_VARIETY,FOOD_PET_TYPE) values (4,'Iams','Beef and Rice Formula','D');
Insert into HVK_FOOD (FOOD_NUMBER,FOOD_BRAND,FOOD_VARIETY,FOOD_PET_TYPE) values (5,'President''s Choice','Xtra Meaty Chicken and Rice','D');
Insert into HVK_FOOD (FOOD_NUMBER,FOOD_BRAND,FOOD_VARIETY,FOOD_PET_TYPE) values (6,'President''s Choice','Xtra Meaty Lamb and Rice','D');
Insert into HVK_FOOD (FOOD_NUMBER,FOOD_BRAND,FOOD_VARIETY,FOOD_PET_TYPE) values (7,'Purina','Dog Chow','D');
Insert into HVK_FOOD (FOOD_NUMBER,FOOD_BRAND,FOOD_VARIETY,FOOD_PET_TYPE) values (11,'Science Diet','Allergy Formula','D');
Insert into HVK_FOOD (FOOD_NUMBER,FOOD_BRAND,FOOD_VARIETY,FOOD_PET_TYPE) values (13,'Own Food',null,'D');
Insert into HVK_FOOD (FOOD_NUMBER,FOOD_BRAND,FOOD_VARIETY,FOOD_PET_TYPE) values (14,'Pedigree','Choice Cuts in Sauce Country Stew','D');
Insert into HVK_FOOD (FOOD_NUMBER,FOOD_BRAND,FOOD_VARIETY,FOOD_PET_TYPE) values (15,'Purina','Moist Meaty Burger with Cheddar Cheese Burger with Cheddar Cheese','D');
Insert into HVK_FOOD (FOOD_NUMBER,FOOD_BRAND,FOOD_VARIETY,FOOD_PET_TYPE) values (8,'Purina Fancy Feast','Grilled Chicken Feast','C');
Insert into HVK_FOOD (FOOD_NUMBER,FOOD_BRAND,FOOD_VARIETY,FOOD_PET_TYPE) values (9,'Fromm','Weight Control','C');
Insert into HVK_FOOD (FOOD_NUMBER,FOOD_BRAND,FOOD_VARIETY,FOOD_PET_TYPE) values (10,'Purina','Cat Chow','C');
Insert into HVK_FOOD (FOOD_NUMBER,FOOD_BRAND,FOOD_VARIETY,FOOD_PET_TYPE) values (12,'Fromm','Salmon ? La Veg','C');
REM INSERTING into HVK_KENNEL_LOG
SET DEFINE OFF;
REM INSERTING into HVK_MEDICATION
SET DEFINE OFF;
Insert into HVK_MEDICATION (MEDICATION_NUMBER,MEDICATION_NAME,MEDICATION_DOSAGE,MEDICATION_SPECIAL_INSTRUCT,MEDICATION_END_DATE,PR_PET_RES_NUMBER) values (2,'Tapzole','1/2 tablet once daily',null,null,264);
Insert into HVK_MEDICATION (MEDICATION_NUMBER,MEDICATION_NAME,MEDICATION_DOSAGE,MEDICATION_SPECIAL_INSTRUCT,MEDICATION_END_DATE,PR_PET_RES_NUMBER) values (4,'Medicam','36 kg',null,null,240);
Insert into HVK_MEDICATION (MEDICATION_NUMBER,MEDICATION_NAME,MEDICATION_DOSAGE,MEDICATION_SPECIAL_INSTRUCT,MEDICATION_END_DATE,PR_PET_RES_NUMBER) values (3,'Prednisone','1 tablet twice daily',null,null,287);
Insert into HVK_MEDICATION (MEDICATION_NUMBER,MEDICATION_NAME,MEDICATION_DOSAGE,MEDICATION_SPECIAL_INSTRUCT,MEDICATION_END_DATE,PR_PET_RES_NUMBER) values (1,'Prednisone','1 tablet twice daily',null,null,300);
Insert into HVK_MEDICATION (MEDICATION_NUMBER,MEDICATION_NAME,MEDICATION_DOSAGE,MEDICATION_SPECIAL_INSTRUCT,MEDICATION_END_DATE,PR_PET_RES_NUMBER) values (5,'Hyper-thyroid pills','1 pill every morning',null,null,308);
Insert into HVK_MEDICATION (MEDICATION_NUMBER,MEDICATION_NAME,MEDICATION_DOSAGE,MEDICATION_SPECIAL_INSTRUCT,MEDICATION_END_DATE,PR_PET_RES_NUMBER) values (6,'Hyper-thyroid pills','1 pill every morning',null,null,311);
Insert into HVK_MEDICATION (MEDICATION_NUMBER,MEDICATION_NAME,MEDICATION_DOSAGE,MEDICATION_SPECIAL_INSTRUCT,MEDICATION_END_DATE,PR_PET_RES_NUMBER) values (7,'Revolution','once on January 1',null,null,310);
Insert into HVK_MEDICATION (MEDICATION_NUMBER,MEDICATION_NAME,MEDICATION_DOSAGE,MEDICATION_SPECIAL_INSTRUCT,MEDICATION_END_DATE,PR_PET_RES_NUMBER) values (8,'Revolution','Once on January 1',null,null,311);
REM INSERTING into HVK_OWNER
SET DEFINE OFF;
Insert into HVK_OWNER (OWNER_NUMBER,OWNER_FIRST_NAME,OWNER_LAST_NAME,OWNER_STREET,OWNER_CITY,OWNER_PROVINCE,OWNER_POSTAL_CODE,OWNER_PHONE,OWNER_EMAIL,EMERGENCY_CONTACT_FIRST_NAME,EMERGENCY_CONTACT_LAST_NAME,EMERGENCY_CONTACT_PHONE) values (18,'Barb B.','Que','18 Sequel Row','Gatineau','QC','J8A1V3','8195554215','bque@gmail.com',null,null,null);
Insert into HVK_OWNER (OWNER_NUMBER,OWNER_FIRST_NAME,OWNER_LAST_NAME,OWNER_STREET,OWNER_CITY,OWNER_PROVINCE,OWNER_POSTAL_CODE,OWNER_PHONE,OWNER_EMAIL,EMERGENCY_CONTACT_FIRST_NAME,EMERGENCY_CONTACT_LAST_NAME,EMERGENCY_CONTACT_PHONE) values (19,'Chester','Drawers',null,null,null,null,'8191234876','cdrawers@gmail.com',null,null,null);
Insert into HVK_OWNER (OWNER_NUMBER,OWNER_FIRST_NAME,OWNER_LAST_NAME,OWNER_STREET,OWNER_CITY,OWNER_PROVINCE,OWNER_POSTAL_CODE,OWNER_PHONE,OWNER_EMAIL,EMERGENCY_CONTACT_FIRST_NAME,EMERGENCY_CONTACT_LAST_NAME,EMERGENCY_CONTACT_PHONE) values (20,'Anita','Alibi',null,null,null,null,'8191224876','aalibi@gmail.com',null,null,null);
Insert into HVK_OWNER (OWNER_NUMBER,OWNER_FIRST_NAME,OWNER_LAST_NAME,OWNER_STREET,OWNER_CITY,OWNER_PROVINCE,OWNER_POSTAL_CODE,OWNER_PHONE,OWNER_EMAIL,EMERGENCY_CONTACT_FIRST_NAME,EMERGENCY_CONTACT_LAST_NAME,EMERGENCY_CONTACT_PHONE) values (8,'Amanda','Linn','23 Java Road','Gatineau','QC','J8Y6T5','8195552233','alinn@gmail.com',null,null,null);
Insert into HVK_OWNER (OWNER_NUMBER,OWNER_FIRST_NAME,OWNER_LAST_NAME,OWNER_STREET,OWNER_CITY,OWNER_PROVINCE,OWNER_POSTAL_CODE,OWNER_PHONE,OWNER_EMAIL,EMERGENCY_CONTACT_FIRST_NAME,EMERGENCY_CONTACT_LAST_NAME,EMERGENCY_CONTACT_PHONE) values (6,'Jeff','Summers','62 Adams','Maniwaki','QC','J8Y8T3','8195551843','jsummers@gmail.com',null,null,null);
Insert into HVK_OWNER (OWNER_NUMBER,OWNER_FIRST_NAME,OWNER_LAST_NAME,OWNER_STREET,OWNER_CITY,OWNER_PROVINCE,OWNER_POSTAL_CODE,OWNER_PHONE,OWNER_EMAIL,EMERGENCY_CONTACT_FIRST_NAME,EMERGENCY_CONTACT_LAST_NAME,EMERGENCY_CONTACT_PHONE) values (7,'Peter','Piper','107 Main','Gatineau','QC','J8Y6T3','8195554543','ppiper@gmail.com',null,null,null);
Insert into HVK_OWNER (OWNER_NUMBER,OWNER_FIRST_NAME,OWNER_LAST_NAME,OWNER_STREET,OWNER_CITY,OWNER_PROVINCE,OWNER_POSTAL_CODE,OWNER_PHONE,OWNER_EMAIL,EMERGENCY_CONTACT_FIRST_NAME,EMERGENCY_CONTACT_LAST_NAME,EMERGENCY_CONTACT_PHONE) values (1,'Jane','Smith','202 Poodle Path','Gatineau','QC','J8A1R2','8195551111','jsmith@gmail.com',null,null,null);
Insert into HVK_OWNER (OWNER_NUMBER,OWNER_FIRST_NAME,OWNER_LAST_NAME,OWNER_STREET,OWNER_CITY,OWNER_PROVINCE,OWNER_POSTAL_CODE,OWNER_PHONE,OWNER_EMAIL,EMERGENCY_CONTACT_FIRST_NAME,EMERGENCY_CONTACT_LAST_NAME,EMERGENCY_CONTACT_PHONE) values (2,'Mike','O''Phone','74 Benton','Gatineau','QC','J8Y6T3','8195552222','mophone@gmail.com',null,null,null);
Insert into HVK_OWNER (OWNER_NUMBER,OWNER_FIRST_NAME,OWNER_LAST_NAME,OWNER_STREET,OWNER_CITY,OWNER_PROVINCE,OWNER_POSTAL_CODE,OWNER_PHONE,OWNER_EMAIL,EMERGENCY_CONTACT_FIRST_NAME,EMERGENCY_CONTACT_LAST_NAME,EMERGENCY_CONTACT_PHONE) values (3,'Dwight','Wong','384 Garten','Ottawa','ON','K8Y6T3','8195555222','dwong@gmail.com',null,null,null);
Insert into HVK_OWNER (OWNER_NUMBER,OWNER_FIRST_NAME,OWNER_LAST_NAME,OWNER_STREET,OWNER_CITY,OWNER_PROVINCE,OWNER_POSTAL_CODE,OWNER_PHONE,OWNER_EMAIL,EMERGENCY_CONTACT_FIRST_NAME,EMERGENCY_CONTACT_LAST_NAME,EMERGENCY_CONTACT_PHONE) values (4,'Mahatma','Coate','1 Golfview','Ottawa','ON','K8Y6T3','8195559843','mcoate@gmail.com',null,null,null);
Insert into HVK_OWNER (OWNER_NUMBER,OWNER_FIRST_NAME,OWNER_LAST_NAME,OWNER_STREET,OWNER_CITY,OWNER_PROVINCE,OWNER_POSTAL_CODE,OWNER_PHONE,OWNER_EMAIL,EMERGENCY_CONTACT_FIRST_NAME,EMERGENCY_CONTACT_LAST_NAME,EMERGENCY_CONTACT_PHONE) values (5,'Sue','Metu','3 Riverview','Ottawa','ON','K8Y6T3','8195556699','smetu@gmail.com',null,null,null);
Insert into HVK_OWNER (OWNER_NUMBER,OWNER_FIRST_NAME,OWNER_LAST_NAME,OWNER_STREET,OWNER_CITY,OWNER_PROVINCE,OWNER_POSTAL_CODE,OWNER_PHONE,OWNER_EMAIL,EMERGENCY_CONTACT_FIRST_NAME,EMERGENCY_CONTACT_LAST_NAME,EMERGENCY_CONTACT_PHONE) values (10,'April','Showers',null,null,null,null,'8195558765','ashowers@gmail.com',null,null,null);
Insert into HVK_OWNER (OWNER_NUMBER,OWNER_FIRST_NAME,OWNER_LAST_NAME,OWNER_STREET,OWNER_CITY,OWNER_PROVINCE,OWNER_POSTAL_CODE,OWNER_PHONE,OWNER_EMAIL,EMERGENCY_CONTACT_FIRST_NAME,EMERGENCY_CONTACT_LAST_NAME,EMERGENCY_CONTACT_PHONE) values (11,'Salton','Pepper',null,null,null,null,'8195555571','spepper@gmail.com',null,null,null);
Insert into HVK_OWNER (OWNER_NUMBER,OWNER_FIRST_NAME,OWNER_LAST_NAME,OWNER_STREET,OWNER_CITY,OWNER_PROVINCE,OWNER_POSTAL_CODE,OWNER_PHONE,OWNER_EMAIL,EMERGENCY_CONTACT_FIRST_NAME,EMERGENCY_CONTACT_LAST_NAME,EMERGENCY_CONTACT_PHONE) values (12,'Ella','Mentary',null,null,null,null,'8195551839','ementary@gmail.com',null,null,null);
Insert into HVK_OWNER (OWNER_NUMBER,OWNER_FIRST_NAME,OWNER_LAST_NAME,OWNER_STREET,OWNER_CITY,OWNER_PROVINCE,OWNER_POSTAL_CODE,OWNER_PHONE,OWNER_EMAIL,EMERGENCY_CONTACT_FIRST_NAME,EMERGENCY_CONTACT_LAST_NAME,EMERGENCY_CONTACT_PHONE) values (13,'Sam','Ovar',null,null,null,'W2W2W2','8195551652','sovar@gmail.com',null,null,null);
Insert into HVK_OWNER (OWNER_NUMBER,OWNER_FIRST_NAME,OWNER_LAST_NAME,OWNER_STREET,OWNER_CITY,OWNER_PROVINCE,OWNER_POSTAL_CODE,OWNER_PHONE,OWNER_EMAIL,EMERGENCY_CONTACT_FIRST_NAME,EMERGENCY_CONTACT_LAST_NAME,EMERGENCY_CONTACT_PHONE) values (14,'Carrie','Mehome',null,null,null,null,'8195551232','cmehome@gmail.com',null,null,null);
Insert into HVK_OWNER (OWNER_NUMBER,OWNER_FIRST_NAME,OWNER_LAST_NAME,OWNER_STREET,OWNER_CITY,OWNER_PROVINCE,OWNER_POSTAL_CODE,OWNER_PHONE,OWNER_EMAIL,EMERGENCY_CONTACT_FIRST_NAME,EMERGENCY_CONTACT_LAST_NAME,EMERGENCY_CONTACT_PHONE) values (15,'Bayo','Wolfe',null,null,null,null,'8195565832','bwolfe@gmail.com',null,null,null);
Insert into HVK_OWNER (OWNER_NUMBER,OWNER_FIRST_NAME,OWNER_LAST_NAME,OWNER_STREET,OWNER_CITY,OWNER_PROVINCE,OWNER_POSTAL_CODE,OWNER_PHONE,OWNER_EMAIL,EMERGENCY_CONTACT_FIRST_NAME,EMERGENCY_CONTACT_LAST_NAME,EMERGENCY_CONTACT_PHONE) values (16,'Moe','Bilhome',null,null,null,null,'8195575332','mbilhome@gmail.com',null,null,null);
Insert into HVK_OWNER (OWNER_NUMBER,OWNER_FIRST_NAME,OWNER_LAST_NAME,OWNER_STREET,OWNER_CITY,OWNER_PROVINCE,OWNER_POSTAL_CODE,OWNER_PHONE,OWNER_EMAIL,EMERGENCY_CONTACT_FIRST_NAME,EMERGENCY_CONTACT_LAST_NAME,EMERGENCY_CONTACT_PHONE) values (17,'Polly','Morfek',null,null,null,null,'8195575332','pmorfek@gmail.com',null,null,null);
REM INSERTING into HVK_PET
SET DEFINE OFF;
Insert into HVK_PET (PET_NUMBER,PET_NAME,PET_GENDER,PET_FIXED,PET_BREED,PET_BIRTHDATE,OWN_OWNER_NUMBER,VET_VET_NUMBER) values (33,'Willie','M','T','Great Pyrenees',to_date('15-APR-08','DD-MON-RR'),18,2);
Insert into HVK_PET (PET_NUMBER,PET_NAME,PET_GENDER,PET_FIXED,PET_BREED,PET_BIRTHDATE,OWN_OWNER_NUMBER,VET_VET_NUMBER) values (34,'Aurora','F','T','Beagle',to_date('20-AUG-08','DD-MON-RR'),19,1);
Insert into HVK_PET (PET_NUMBER,PET_NAME,PET_GENDER,PET_FIXED,PET_BREED,PET_BIRTHDATE,OWN_OWNER_NUMBER,VET_VET_NUMBER) values (35,'Bella','F','T','Chihuahua',to_date('21-MAY-07','DD-MON-RR'),20,1);
Insert into HVK_PET (PET_NUMBER,PET_NAME,PET_GENDER,PET_FIXED,PET_BREED,PET_BIRTHDATE,OWN_OWNER_NUMBER,VET_VET_NUMBER) values (14,'Grizzlie','F','T','Shi Tzu',to_date('04-MAY-06','DD-MON-RR'),8,1);
Insert into HVK_PET (PET_NUMBER,PET_NAME,PET_GENDER,PET_FIXED,PET_BREED,PET_BIRTHDATE,OWN_OWNER_NUMBER,VET_VET_NUMBER) values (9,'Parker','M','T','Shepherd Mix',null,6,null);
Insert into HVK_PET (PET_NUMBER,PET_NAME,PET_GENDER,PET_FIXED,PET_BREED,PET_BIRTHDATE,OWN_OWNER_NUMBER,VET_VET_NUMBER) values (10,'Pete','M','T','Tibetan Spanial - Sheltie',null,7,2);
Insert into HVK_PET (PET_NUMBER,PET_NAME,PET_GENDER,PET_FIXED,PET_BREED,PET_BIRTHDATE,OWN_OWNER_NUMBER,VET_VET_NUMBER) values (11,'Max','M','T','Samoyed',null,7,2);
Insert into HVK_PET (PET_NUMBER,PET_NAME,PET_GENDER,PET_FIXED,PET_BREED,PET_BIRTHDATE,OWN_OWNER_NUMBER,VET_VET_NUMBER) values (12,'Kitoo','F','T','Samoyed',null,7,2);
Insert into HVK_PET (PET_NUMBER,PET_NAME,PET_GENDER,PET_FIXED,PET_BREED,PET_BIRTHDATE,OWN_OWNER_NUMBER,VET_VET_NUMBER) values (1,'Scrabble','F','T','Llassapoo',null,1,1);
Insert into HVK_PET (PET_NUMBER,PET_NAME,PET_GENDER,PET_FIXED,PET_BREED,PET_BIRTHDATE,OWN_OWNER_NUMBER,VET_VET_NUMBER) values (2,'Archie','F','T','Standard Poodle',null,1,1);
Insert into HVK_PET (PET_NUMBER,PET_NAME,PET_GENDER,PET_FIXED,PET_BREED,PET_BIRTHDATE,OWN_OWNER_NUMBER,VET_VET_NUMBER) values (3,'Jasper','M','T','Black Lab',to_date('04-APR-05','DD-MON-RR'),2,1);
Insert into HVK_PET (PET_NUMBER,PET_NAME,PET_GENDER,PET_FIXED,PET_BREED,PET_BIRTHDATE,OWN_OWNER_NUMBER,VET_VET_NUMBER) values (6,'Huxley','M','T','Standard Poodle',to_date('20-SEP-06','DD-MON-RR'),2,2);
Insert into HVK_PET (PET_NUMBER,PET_NAME,PET_GENDER,PET_FIXED,PET_BREED,PET_BIRTHDATE,OWN_OWNER_NUMBER,VET_VET_NUMBER) values (7,'Charlie','M','T','Jack Russell Terrier',null,4,2);
Insert into HVK_PET (PET_NUMBER,PET_NAME,PET_GENDER,PET_FIXED,PET_BREED,PET_BIRTHDATE,OWN_OWNER_NUMBER,VET_VET_NUMBER) values (16,'Maggie','F','F','Golden Retriever',to_date('02-MAR-05','DD-MON-RR'),10,1);
Insert into HVK_PET (PET_NUMBER,PET_NAME,PET_GENDER,PET_FIXED,PET_BREED,PET_BIRTHDATE,OWN_OWNER_NUMBER,VET_VET_NUMBER) values (26,'Skarpa','F','F',null,null,15,null);
Insert into HVK_PET (PET_NUMBER,PET_NAME,PET_GENDER,PET_FIXED,PET_BREED,PET_BIRTHDATE,OWN_OWNER_NUMBER,VET_VET_NUMBER) values (27,'Bothvar','M','F',null,null,15,null);
Insert into HVK_PET (PET_NUMBER,PET_NAME,PET_GENDER,PET_FIXED,PET_BREED,PET_BIRTHDATE,OWN_OWNER_NUMBER,VET_VET_NUMBER) values (28,'Foxfire','F','F',null,null,15,null);
Insert into HVK_PET (PET_NUMBER,PET_NAME,PET_GENDER,PET_FIXED,PET_BREED,PET_BIRTHDATE,OWN_OWNER_NUMBER,VET_VET_NUMBER) values (29,'Shaboo','F','F',null,null,16,null);
Insert into HVK_PET (PET_NUMBER,PET_NAME,PET_GENDER,PET_FIXED,PET_BREED,PET_BIRTHDATE,OWN_OWNER_NUMBER,VET_VET_NUMBER) values (30,'Suki','F','F',null,null,17,null);
Insert into HVK_PET (PET_NUMBER,PET_NAME,PET_GENDER,PET_FIXED,PET_BREED,PET_BIRTHDATE,OWN_OWNER_NUMBER,VET_VET_NUMBER) values (31,'Sam','M','F',null,null,17,null);
Insert into HVK_PET (PET_NUMBER,PET_NAME,PET_GENDER,PET_FIXED,PET_BREED,PET_BIRTHDATE,OWN_OWNER_NUMBER,VET_VET_NUMBER) values (32,'Snoop Dogg','M','F',null,null,17,null);
Insert into HVK_PET (PET_NUMBER,PET_NAME,PET_GENDER,PET_FIXED,PET_BREED,PET_BIRTHDATE,OWN_OWNER_NUMBER,VET_VET_NUMBER) values (4,'Tess','F','F','DSH',null,2,null);
Insert into HVK_PET (PET_NUMBER,PET_NAME,PET_GENDER,PET_FIXED,PET_BREED,PET_BIRTHDATE,OWN_OWNER_NUMBER,VET_VET_NUMBER) values (5,'Tripod','F','F','DSH',null,2,1);
Insert into HVK_PET (PET_NUMBER,PET_NAME,PET_GENDER,PET_FIXED,PET_BREED,PET_BIRTHDATE,OWN_OWNER_NUMBER,VET_VET_NUMBER) values (8,'Chloe','F','F','DSH',null,5,2);
Insert into HVK_PET (PET_NUMBER,PET_NAME,PET_GENDER,PET_FIXED,PET_BREED,PET_BIRTHDATE,OWN_OWNER_NUMBER,VET_VET_NUMBER) values (36,'Max','M','T','DSH',null,3,1);
Insert into HVK_PET (PET_NUMBER,PET_NAME,PET_GENDER,PET_FIXED,PET_BREED,PET_BIRTHDATE,OWN_OWNER_NUMBER,VET_VET_NUMBER) values (37,'Howard','M','T','DSH',null,4,1);
Insert into HVK_PET (PET_NUMBER,PET_NAME,PET_GENDER,PET_FIXED,PET_BREED,PET_BIRTHDATE,OWN_OWNER_NUMBER,VET_VET_NUMBER) values (38,'Noah','M','T','DSH',null,4,1);
Insert into HVK_PET (PET_NUMBER,PET_NAME,PET_GENDER,PET_FIXED,PET_BREED,PET_BIRTHDATE,OWN_OWNER_NUMBER,VET_VET_NUMBER) values (13,'Logan','M','T','Bernese Mountain Dog',to_date('20-OCT-01','DD-MON-RR'),3,2);
Insert into HVK_PET (PET_NUMBER,PET_NAME,PET_GENDER,PET_FIXED,PET_BREED,PET_BIRTHDATE,OWN_OWNER_NUMBER,VET_VET_NUMBER) values (20,'Poppy','F','F','Jack Russell Terrier',to_date('21-MAY-02','DD-MON-RR'),12,1);
REM INSERTING into HVK_PET_FOOD
SET DEFINE OFF;
Insert into HVK_PET_FOOD (PET_FOOD_FREQUENCY,PET_FOOD_QUANTITY,PR_PET_RES_NUMBER,FOOD_FOOD_NUMBER) values (1,null,204,1);
Insert into HVK_PET_FOOD (PET_FOOD_FREQUENCY,PET_FOOD_QUANTITY,PR_PET_RES_NUMBER,FOOD_FOOD_NUMBER) values (1,null,205,1);
Insert into HVK_PET_FOOD (PET_FOOD_FREQUENCY,PET_FOOD_QUANTITY,PR_PET_RES_NUMBER,FOOD_FOOD_NUMBER) values (1,null,206,1);
Insert into HVK_PET_FOOD (PET_FOOD_FREQUENCY,PET_FOOD_QUANTITY,PR_PET_RES_NUMBER,FOOD_FOOD_NUMBER) values (2,'.25',287,11);
Insert into HVK_PET_FOOD (PET_FOOD_FREQUENCY,PET_FOOD_QUANTITY,PR_PET_RES_NUMBER,FOOD_FOOD_NUMBER) values (1,'.25 cup',286,11);
Insert into HVK_PET_FOOD (PET_FOOD_FREQUENCY,PET_FOOD_QUANTITY,PR_PET_RES_NUMBER,FOOD_FOOD_NUMBER) values (1,'1 cup',219,2);
Insert into HVK_PET_FOOD (PET_FOOD_FREQUENCY,PET_FOOD_QUANTITY,PR_PET_RES_NUMBER,FOOD_FOOD_NUMBER) values (1,'.25 cup',288,1);
Insert into HVK_PET_FOOD (PET_FOOD_FREQUENCY,PET_FOOD_QUANTITY,PR_PET_RES_NUMBER,FOOD_FOOD_NUMBER) values (1,'.25 cup',289,1);
Insert into HVK_PET_FOOD (PET_FOOD_FREQUENCY,PET_FOOD_QUANTITY,PR_PET_RES_NUMBER,FOOD_FOOD_NUMBER) values (1,'1 cup',292,2);
Insert into HVK_PET_FOOD (PET_FOOD_FREQUENCY,PET_FOOD_QUANTITY,PR_PET_RES_NUMBER,FOOD_FOOD_NUMBER) values (1,'.5 cup',293,15);
Insert into HVK_PET_FOOD (PET_FOOD_FREQUENCY,PET_FOOD_QUANTITY,PR_PET_RES_NUMBER,FOOD_FOOD_NUMBER) values (1,'1 cup',294,2);
Insert into HVK_PET_FOOD (PET_FOOD_FREQUENCY,PET_FOOD_QUANTITY,PR_PET_RES_NUMBER,FOOD_FOOD_NUMBER) values (1,'1 cup',295,2);
Insert into HVK_PET_FOOD (PET_FOOD_FREQUENCY,PET_FOOD_QUANTITY,PR_PET_RES_NUMBER,FOOD_FOOD_NUMBER) values (1,'1,5',223,2);
Insert into HVK_PET_FOOD (PET_FOOD_FREQUENCY,PET_FOOD_QUANTITY,PR_PET_RES_NUMBER,FOOD_FOOD_NUMBER) values (2,'.5',224,13);
Insert into HVK_PET_FOOD (PET_FOOD_FREQUENCY,PET_FOOD_QUANTITY,PR_PET_RES_NUMBER,FOOD_FOOD_NUMBER) values (1,'1',225,5);
Insert into HVK_PET_FOOD (PET_FOOD_FREQUENCY,PET_FOOD_QUANTITY,PR_PET_RES_NUMBER,FOOD_FOOD_NUMBER) values (1,'1',226,15);
Insert into HVK_PET_FOOD (PET_FOOD_FREQUENCY,PET_FOOD_QUANTITY,PR_PET_RES_NUMBER,FOOD_FOOD_NUMBER) values (1,'.25',227,5);
Insert into HVK_PET_FOOD (PET_FOOD_FREQUENCY,PET_FOOD_QUANTITY,PR_PET_RES_NUMBER,FOOD_FOOD_NUMBER) values (1,'.25',228,14);
Insert into HVK_PET_FOOD (PET_FOOD_FREQUENCY,PET_FOOD_QUANTITY,PR_PET_RES_NUMBER,FOOD_FOOD_NUMBER) values (1,'.25',228,3);
Insert into HVK_PET_FOOD (PET_FOOD_FREQUENCY,PET_FOOD_QUANTITY,PR_PET_RES_NUMBER,FOOD_FOOD_NUMBER) values (1,'.25',229,5);
Insert into HVK_PET_FOOD (PET_FOOD_FREQUENCY,PET_FOOD_QUANTITY,PR_PET_RES_NUMBER,FOOD_FOOD_NUMBER) values (1,'1',229,15);
Insert into HVK_PET_FOOD (PET_FOOD_FREQUENCY,PET_FOOD_QUANTITY,PR_PET_RES_NUMBER,FOOD_FOOD_NUMBER) values (2,'.5',230,5);
Insert into HVK_PET_FOOD (PET_FOOD_FREQUENCY,PET_FOOD_QUANTITY,PR_PET_RES_NUMBER,FOOD_FOOD_NUMBER) values (2,'.5',264,13);
Insert into HVK_PET_FOOD (PET_FOOD_FREQUENCY,PET_FOOD_QUANTITY,PR_PET_RES_NUMBER,FOOD_FOOD_NUMBER) values (1,'1',231,5);
Insert into HVK_PET_FOOD (PET_FOOD_FREQUENCY,PET_FOOD_QUANTITY,PR_PET_RES_NUMBER,FOOD_FOOD_NUMBER) values (1,'1',232,5);
Insert into HVK_PET_FOOD (PET_FOOD_FREQUENCY,PET_FOOD_QUANTITY,PR_PET_RES_NUMBER,FOOD_FOOD_NUMBER) values (1,'.25 cups',233,1);
Insert into HVK_PET_FOOD (PET_FOOD_FREQUENCY,PET_FOOD_QUANTITY,PR_PET_RES_NUMBER,FOOD_FOOD_NUMBER) values (1,'1 cup',234,2);
Insert into HVK_PET_FOOD (PET_FOOD_FREQUENCY,PET_FOOD_QUANTITY,PR_PET_RES_NUMBER,FOOD_FOOD_NUMBER) values (1,'1 cup',235,2);
Insert into HVK_PET_FOOD (PET_FOOD_FREQUENCY,PET_FOOD_QUANTITY,PR_PET_RES_NUMBER,FOOD_FOOD_NUMBER) values (1,'1 cup',236,2);
Insert into HVK_PET_FOOD (PET_FOOD_FREQUENCY,PET_FOOD_QUANTITY,PR_PET_RES_NUMBER,FOOD_FOOD_NUMBER) values (1,'.25 cup',237,1);
Insert into HVK_PET_FOOD (PET_FOOD_FREQUENCY,PET_FOOD_QUANTITY,PR_PET_RES_NUMBER,FOOD_FOOD_NUMBER) values (1,'.25 cup',296,13);
Insert into HVK_PET_FOOD (PET_FOOD_FREQUENCY,PET_FOOD_QUANTITY,PR_PET_RES_NUMBER,FOOD_FOOD_NUMBER) values (1,'.25 cup',239,1);
Insert into HVK_PET_FOOD (PET_FOOD_FREQUENCY,PET_FOOD_QUANTITY,PR_PET_RES_NUMBER,FOOD_FOOD_NUMBER) values (1,'1 cup',240,2);
Insert into HVK_PET_FOOD (PET_FOOD_FREQUENCY,PET_FOOD_QUANTITY,PR_PET_RES_NUMBER,FOOD_FOOD_NUMBER) values (1,'1 cup',241,2);
Insert into HVK_PET_FOOD (PET_FOOD_FREQUENCY,PET_FOOD_QUANTITY,PR_PET_RES_NUMBER,FOOD_FOOD_NUMBER) values (1,'1 cup',242,2);
Insert into HVK_PET_FOOD (PET_FOOD_FREQUENCY,PET_FOOD_QUANTITY,PR_PET_RES_NUMBER,FOOD_FOOD_NUMBER) values (1,'1 cup',243,2);
Insert into HVK_PET_FOOD (PET_FOOD_FREQUENCY,PET_FOOD_QUANTITY,PR_PET_RES_NUMBER,FOOD_FOOD_NUMBER) values (1,'1 cup',272,2);
Insert into HVK_PET_FOOD (PET_FOOD_FREQUENCY,PET_FOOD_QUANTITY,PR_PET_RES_NUMBER,FOOD_FOOD_NUMBER) values (1,'1 cup',298,2);
Insert into HVK_PET_FOOD (PET_FOOD_FREQUENCY,PET_FOOD_QUANTITY,PR_PET_RES_NUMBER,FOOD_FOOD_NUMBER) values (2,'.25',300,11);
Insert into HVK_PET_FOOD (PET_FOOD_FREQUENCY,PET_FOOD_QUANTITY,PR_PET_RES_NUMBER,FOOD_FOOD_NUMBER) values (2,'.5',301,1);
Insert into HVK_PET_FOOD (PET_FOOD_FREQUENCY,PET_FOOD_QUANTITY,PR_PET_RES_NUMBER,FOOD_FOOD_NUMBER) values (2,'.25',302,11);
Insert into HVK_PET_FOOD (PET_FOOD_FREQUENCY,PET_FOOD_QUANTITY,PR_PET_RES_NUMBER,FOOD_FOOD_NUMBER) values (2,'.5',223,1);
Insert into HVK_PET_FOOD (PET_FOOD_FREQUENCY,PET_FOOD_QUANTITY,PR_PET_RES_NUMBER,FOOD_FOOD_NUMBER) values (2,'.5',304,5);
Insert into HVK_PET_FOOD (PET_FOOD_FREQUENCY,PET_FOOD_QUANTITY,PR_PET_RES_NUMBER,FOOD_FOOD_NUMBER) values (2,'.5',305,13);
Insert into HVK_PET_FOOD (PET_FOOD_FREQUENCY,PET_FOOD_QUANTITY,PR_PET_RES_NUMBER,FOOD_FOOD_NUMBER) values (1,'.5',306,13);
Insert into HVK_PET_FOOD (PET_FOOD_FREQUENCY,PET_FOOD_QUANTITY,PR_PET_RES_NUMBER,FOOD_FOOD_NUMBER) values (1,'.5',307,13);
Insert into HVK_PET_FOOD (PET_FOOD_FREQUENCY,PET_FOOD_QUANTITY,PR_PET_RES_NUMBER,FOOD_FOOD_NUMBER) values (2,'.5',249,13);
Insert into HVK_PET_FOOD (PET_FOOD_FREQUENCY,PET_FOOD_QUANTITY,PR_PET_RES_NUMBER,FOOD_FOOD_NUMBER) values (1,null,252,1);
Insert into HVK_PET_FOOD (PET_FOOD_FREQUENCY,PET_FOOD_QUANTITY,PR_PET_RES_NUMBER,FOOD_FOOD_NUMBER) values (1,'.25 cup',297,1);
Insert into HVK_PET_FOOD (PET_FOOD_FREQUENCY,PET_FOOD_QUANTITY,PR_PET_RES_NUMBER,FOOD_FOOD_NUMBER) values (1,null,215,4);
Insert into HVK_PET_FOOD (PET_FOOD_FREQUENCY,PET_FOOD_QUANTITY,PR_PET_RES_NUMBER,FOOD_FOOD_NUMBER) values (1,null,274,4);
Insert into HVK_PET_FOOD (PET_FOOD_FREQUENCY,PET_FOOD_QUANTITY,PR_PET_RES_NUMBER,FOOD_FOOD_NUMBER) values (1,null,273,4);
Insert into HVK_PET_FOOD (PET_FOOD_FREQUENCY,PET_FOOD_QUANTITY,PR_PET_RES_NUMBER,FOOD_FOOD_NUMBER) values (1,null,400,13);
Insert into HVK_PET_FOOD (PET_FOOD_FREQUENCY,PET_FOOD_QUANTITY,PR_PET_RES_NUMBER,FOOD_FOOD_NUMBER) values (1,null,401,13);
Insert into HVK_PET_FOOD (PET_FOOD_FREQUENCY,PET_FOOD_QUANTITY,PR_PET_RES_NUMBER,FOOD_FOOD_NUMBER) values (1,null,402,2);
Insert into HVK_PET_FOOD (PET_FOOD_FREQUENCY,PET_FOOD_QUANTITY,PR_PET_RES_NUMBER,FOOD_FOOD_NUMBER) values (1,null,403,1);
Insert into HVK_PET_FOOD (PET_FOOD_FREQUENCY,PET_FOOD_QUANTITY,PR_PET_RES_NUMBER,FOOD_FOOD_NUMBER) values (1,null,404,13);
Insert into HVK_PET_FOOD (PET_FOOD_FREQUENCY,PET_FOOD_QUANTITY,PR_PET_RES_NUMBER,FOOD_FOOD_NUMBER) values (1,null,405,13);
Insert into HVK_PET_FOOD (PET_FOOD_FREQUENCY,PET_FOOD_QUANTITY,PR_PET_RES_NUMBER,FOOD_FOOD_NUMBER) values (1,null,406,2);
Insert into HVK_PET_FOOD (PET_FOOD_FREQUENCY,PET_FOOD_QUANTITY,PR_PET_RES_NUMBER,FOOD_FOOD_NUMBER) values (1,null,407,8);
Insert into HVK_PET_FOOD (PET_FOOD_FREQUENCY,PET_FOOD_QUANTITY,PR_PET_RES_NUMBER,FOOD_FOOD_NUMBER) values (1,null,408,8);
Insert into HVK_PET_FOOD (PET_FOOD_FREQUENCY,PET_FOOD_QUANTITY,PR_PET_RES_NUMBER,FOOD_FOOD_NUMBER) values (1,null,409,3);
Insert into HVK_PET_FOOD (PET_FOOD_FREQUENCY,PET_FOOD_QUANTITY,PR_PET_RES_NUMBER,FOOD_FOOD_NUMBER) values (1,null,410,2);
Insert into HVK_PET_FOOD (PET_FOOD_FREQUENCY,PET_FOOD_QUANTITY,PR_PET_RES_NUMBER,FOOD_FOOD_NUMBER) values (1,null,411,13);
Insert into HVK_PET_FOOD (PET_FOOD_FREQUENCY,PET_FOOD_QUANTITY,PR_PET_RES_NUMBER,FOOD_FOOD_NUMBER) values (1,null,412,1);
Insert into HVK_PET_FOOD (PET_FOOD_FREQUENCY,PET_FOOD_QUANTITY,PR_PET_RES_NUMBER,FOOD_FOOD_NUMBER) values (1,null,413,2);
Insert into HVK_PET_FOOD (PET_FOOD_FREQUENCY,PET_FOOD_QUANTITY,PR_PET_RES_NUMBER,FOOD_FOOD_NUMBER) values (1,null,414,9);
Insert into HVK_PET_FOOD (PET_FOOD_FREQUENCY,PET_FOOD_QUANTITY,PR_PET_RES_NUMBER,FOOD_FOOD_NUMBER) values (1,null,415,9);
Insert into HVK_PET_FOOD (PET_FOOD_FREQUENCY,PET_FOOD_QUANTITY,PR_PET_RES_NUMBER,FOOD_FOOD_NUMBER) values (1,null,416,1);
Insert into HVK_PET_FOOD (PET_FOOD_FREQUENCY,PET_FOOD_QUANTITY,PR_PET_RES_NUMBER,FOOD_FOOD_NUMBER) values (1,null,417,13);
Insert into HVK_PET_FOOD (PET_FOOD_FREQUENCY,PET_FOOD_QUANTITY,PR_PET_RES_NUMBER,FOOD_FOOD_NUMBER) values (1,null,418,13);
Insert into HVK_PET_FOOD (PET_FOOD_FREQUENCY,PET_FOOD_QUANTITY,PR_PET_RES_NUMBER,FOOD_FOOD_NUMBER) values (1,null,419,1);
Insert into HVK_PET_FOOD (PET_FOOD_FREQUENCY,PET_FOOD_QUANTITY,PR_PET_RES_NUMBER,FOOD_FOOD_NUMBER) values (1,null,420,13);
Insert into HVK_PET_FOOD (PET_FOOD_FREQUENCY,PET_FOOD_QUANTITY,PR_PET_RES_NUMBER,FOOD_FOOD_NUMBER) values (1,null,421,13);
Insert into HVK_PET_FOOD (PET_FOOD_FREQUENCY,PET_FOOD_QUANTITY,PR_PET_RES_NUMBER,FOOD_FOOD_NUMBER) values (1,'1 tbsp',310,8);
Insert into HVK_PET_FOOD (PET_FOOD_FREQUENCY,PET_FOOD_QUANTITY,PR_PET_RES_NUMBER,FOOD_FOOD_NUMBER) values (1,'1 cup',310,10);
Insert into HVK_PET_FOOD (PET_FOOD_FREQUENCY,PET_FOOD_QUANTITY,PR_PET_RES_NUMBER,FOOD_FOOD_NUMBER) values (1,'0.5 cup',311,9);
Insert into HVK_PET_FOOD (PET_FOOD_FREQUENCY,PET_FOOD_QUANTITY,PR_PET_RES_NUMBER,FOOD_FOOD_NUMBER) values (1,'1 tbsp',311,12);
Insert into HVK_PET_FOOD (PET_FOOD_FREQUENCY,PET_FOOD_QUANTITY,PR_PET_RES_NUMBER,FOOD_FOOD_NUMBER) values (1,null,423,13);
Insert into HVK_PET_FOOD (PET_FOOD_FREQUENCY,PET_FOOD_QUANTITY,PR_PET_RES_NUMBER,FOOD_FOOD_NUMBER) values (1,null,422,12);
Insert into HVK_PET_FOOD (PET_FOOD_FREQUENCY,PET_FOOD_QUANTITY,PR_PET_RES_NUMBER,FOOD_FOOD_NUMBER) values (1,null,424,13);
Insert into HVK_PET_FOOD (PET_FOOD_FREQUENCY,PET_FOOD_QUANTITY,PR_PET_RES_NUMBER,FOOD_FOOD_NUMBER) values (1,null,425,1);
Insert into HVK_PET_FOOD (PET_FOOD_FREQUENCY,PET_FOOD_QUANTITY,PR_PET_RES_NUMBER,FOOD_FOOD_NUMBER) values (1,null,426,1);
Insert into HVK_PET_FOOD (PET_FOOD_FREQUENCY,PET_FOOD_QUANTITY,PR_PET_RES_NUMBER,FOOD_FOOD_NUMBER) values (1,null,427,1);
REM INSERTING into HVK_PET_RESERVATION
SET DEFINE OFF;
Insert into HVK_PET_RESERVATION (PET_RES_NUMBER,PET_PET_NUMBER,RES_RESERVATION_NUMBER,RUN_RUN_NUMBER,CS_CAT_SUITE_NUMBER,PR_SHARING_WITH) values (200,7,631,null,null,null);
Insert into HVK_PET_RESERVATION (PET_RES_NUMBER,PET_PET_NUMBER,RES_RESERVATION_NUMBER,RUN_RUN_NUMBER,CS_CAT_SUITE_NUMBER,PR_SHARING_WITH) values (201,20,632,null,null,null);
Insert into HVK_PET_RESERVATION (PET_RES_NUMBER,PET_PET_NUMBER,RES_RESERVATION_NUMBER,RUN_RUN_NUMBER,CS_CAT_SUITE_NUMBER,PR_SHARING_WITH) values (202,32,633,null,null,null);
Insert into HVK_PET_RESERVATION (PET_RES_NUMBER,PET_PET_NUMBER,RES_RESERVATION_NUMBER,RUN_RUN_NUMBER,CS_CAT_SUITE_NUMBER,PR_SHARING_WITH) values (204,20,625,null,null,null);
Insert into HVK_PET_RESERVATION (PET_RES_NUMBER,PET_PET_NUMBER,RES_RESERVATION_NUMBER,RUN_RUN_NUMBER,CS_CAT_SUITE_NUMBER,PR_SHARING_WITH) values (205,33,630,null,null,null);
Insert into HVK_PET_RESERVATION (PET_RES_NUMBER,PET_PET_NUMBER,RES_RESERVATION_NUMBER,RUN_RUN_NUMBER,CS_CAT_SUITE_NUMBER,PR_SHARING_WITH) values (206,10,635,null,null,null);
Insert into HVK_PET_RESERVATION (PET_RES_NUMBER,PET_PET_NUMBER,RES_RESERVATION_NUMBER,RUN_RUN_NUMBER,CS_CAT_SUITE_NUMBER,PR_SHARING_WITH) values (207,9,696,null,null,null);
Insert into HVK_PET_RESERVATION (PET_RES_NUMBER,PET_PET_NUMBER,RES_RESERVATION_NUMBER,RUN_RUN_NUMBER,CS_CAT_SUITE_NUMBER,PR_SHARING_WITH) values (208,26,707,null,null,null);
Insert into HVK_PET_RESERVATION (PET_RES_NUMBER,PET_PET_NUMBER,RES_RESERVATION_NUMBER,RUN_RUN_NUMBER,CS_CAT_SUITE_NUMBER,PR_SHARING_WITH) values (209,9,708,null,null,null);
Insert into HVK_PET_RESERVATION (PET_RES_NUMBER,PET_PET_NUMBER,RES_RESERVATION_NUMBER,RUN_RUN_NUMBER,CS_CAT_SUITE_NUMBER,PR_SHARING_WITH) values (210,11,709,null,null,null);
Insert into HVK_PET_RESERVATION (PET_RES_NUMBER,PET_PET_NUMBER,RES_RESERVATION_NUMBER,RUN_RUN_NUMBER,CS_CAT_SUITE_NUMBER,PR_SHARING_WITH) values (211,13,711,null,null,null);
Insert into HVK_PET_RESERVATION (PET_RES_NUMBER,PET_PET_NUMBER,RES_RESERVATION_NUMBER,RUN_RUN_NUMBER,CS_CAT_SUITE_NUMBER,PR_SHARING_WITH) values (212,14,712,null,null,null);
Insert into HVK_PET_RESERVATION (PET_RES_NUMBER,PET_PET_NUMBER,RES_RESERVATION_NUMBER,RUN_RUN_NUMBER,CS_CAT_SUITE_NUMBER,PR_SHARING_WITH) values (213,26,713,null,null,null);
Insert into HVK_PET_RESERVATION (PET_RES_NUMBER,PET_PET_NUMBER,RES_RESERVATION_NUMBER,RUN_RUN_NUMBER,CS_CAT_SUITE_NUMBER,PR_SHARING_WITH) values (214,29,716,null,null,null);
Insert into HVK_PET_RESERVATION (PET_RES_NUMBER,PET_PET_NUMBER,RES_RESERVATION_NUMBER,RUN_RUN_NUMBER,CS_CAT_SUITE_NUMBER,PR_SHARING_WITH) values (215,30,717,27,null,273);
Insert into HVK_PET_RESERVATION (PET_RES_NUMBER,PET_PET_NUMBER,RES_RESERVATION_NUMBER,RUN_RUN_NUMBER,CS_CAT_SUITE_NUMBER,PR_SHARING_WITH) values (216,3,720,27,null,null);
Insert into HVK_PET_RESERVATION (PET_RES_NUMBER,PET_PET_NUMBER,RES_RESERVATION_NUMBER,RUN_RUN_NUMBER,CS_CAT_SUITE_NUMBER,PR_SHARING_WITH) values (217,3,721,27,null,null);
Insert into HVK_PET_RESERVATION (PET_RES_NUMBER,PET_PET_NUMBER,RES_RESERVATION_NUMBER,RUN_RUN_NUMBER,CS_CAT_SUITE_NUMBER,PR_SHARING_WITH) values (219,3,595,null,null,null);
Insert into HVK_PET_RESERVATION (PET_RES_NUMBER,PET_PET_NUMBER,RES_RESERVATION_NUMBER,RUN_RUN_NUMBER,CS_CAT_SUITE_NUMBER,PR_SHARING_WITH) values (223,13,102,28,null,null);
Insert into HVK_PET_RESERVATION (PET_RES_NUMBER,PET_PET_NUMBER,RES_RESERVATION_NUMBER,RUN_RUN_NUMBER,CS_CAT_SUITE_NUMBER,PR_SHARING_WITH) values (224,6,103,36,null,null);
Insert into HVK_PET_RESERVATION (PET_RES_NUMBER,PET_PET_NUMBER,RES_RESERVATION_NUMBER,RUN_RUN_NUMBER,CS_CAT_SUITE_NUMBER,PR_SHARING_WITH) values (225,9,104,29,null,null);
Insert into HVK_PET_RESERVATION (PET_RES_NUMBER,PET_PET_NUMBER,RES_RESERVATION_NUMBER,RUN_RUN_NUMBER,CS_CAT_SUITE_NUMBER,PR_SHARING_WITH) values (226,6,105,27,null,null);
Insert into HVK_PET_RESERVATION (PET_RES_NUMBER,PET_PET_NUMBER,RES_RESERVATION_NUMBER,RUN_RUN_NUMBER,CS_CAT_SUITE_NUMBER,PR_SHARING_WITH) values (227,3,108,36,null,null);
Insert into HVK_PET_RESERVATION (PET_RES_NUMBER,PET_PET_NUMBER,RES_RESERVATION_NUMBER,RUN_RUN_NUMBER,CS_CAT_SUITE_NUMBER,PR_SHARING_WITH) values (228,10,109,35,null,null);
Insert into HVK_PET_RESERVATION (PET_RES_NUMBER,PET_PET_NUMBER,RES_RESERVATION_NUMBER,RUN_RUN_NUMBER,CS_CAT_SUITE_NUMBER,PR_SHARING_WITH) values (229,14,114,1,null,null);
Insert into HVK_PET_RESERVATION (PET_RES_NUMBER,PET_PET_NUMBER,RES_RESERVATION_NUMBER,RUN_RUN_NUMBER,CS_CAT_SUITE_NUMBER,PR_SHARING_WITH) values (230,3,115,27,null,null);
Insert into HVK_PET_RESERVATION (PET_RES_NUMBER,PET_PET_NUMBER,RES_RESERVATION_NUMBER,RUN_RUN_NUMBER,CS_CAT_SUITE_NUMBER,PR_SHARING_WITH) values (231,9,120,30,null,null);
Insert into HVK_PET_RESERVATION (PET_RES_NUMBER,PET_PET_NUMBER,RES_RESERVATION_NUMBER,RUN_RUN_NUMBER,CS_CAT_SUITE_NUMBER,PR_SHARING_WITH) values (232,9,123,35,null,null);
Insert into HVK_PET_RESERVATION (PET_RES_NUMBER,PET_PET_NUMBER,RES_RESERVATION_NUMBER,RUN_RUN_NUMBER,CS_CAT_SUITE_NUMBER,PR_SHARING_WITH) values (233,20,131,29,null,null);
Insert into HVK_PET_RESERVATION (PET_RES_NUMBER,PET_PET_NUMBER,RES_RESERVATION_NUMBER,RUN_RUN_NUMBER,CS_CAT_SUITE_NUMBER,PR_SHARING_WITH) values (234,10,136,28,null,null);
Insert into HVK_PET_RESERVATION (PET_RES_NUMBER,PET_PET_NUMBER,RES_RESERVATION_NUMBER,RUN_RUN_NUMBER,CS_CAT_SUITE_NUMBER,PR_SHARING_WITH) values (235,12,137,null,null,null);
Insert into HVK_PET_RESERVATION (PET_RES_NUMBER,PET_PET_NUMBER,RES_RESERVATION_NUMBER,RUN_RUN_NUMBER,CS_CAT_SUITE_NUMBER,PR_SHARING_WITH) values (236,13,138,21,null,null);
Insert into HVK_PET_RESERVATION (PET_RES_NUMBER,PET_PET_NUMBER,RES_RESERVATION_NUMBER,RUN_RUN_NUMBER,CS_CAT_SUITE_NUMBER,PR_SHARING_WITH) values (237,14,139,30,null,null);
Insert into HVK_PET_RESERVATION (PET_RES_NUMBER,PET_PET_NUMBER,RES_RESERVATION_NUMBER,RUN_RUN_NUMBER,CS_CAT_SUITE_NUMBER,PR_SHARING_WITH) values (239,27,140,1,null,null);
Insert into HVK_PET_RESERVATION (PET_RES_NUMBER,PET_PET_NUMBER,RES_RESERVATION_NUMBER,RUN_RUN_NUMBER,CS_CAT_SUITE_NUMBER,PR_SHARING_WITH) values (240,29,143,28,null,null);
Insert into HVK_PET_RESERVATION (PET_RES_NUMBER,PET_PET_NUMBER,RES_RESERVATION_NUMBER,RUN_RUN_NUMBER,CS_CAT_SUITE_NUMBER,PR_SHARING_WITH) values (241,29,144,14,null,null);
Insert into HVK_PET_RESERVATION (PET_RES_NUMBER,PET_PET_NUMBER,RES_RESERVATION_NUMBER,RUN_RUN_NUMBER,CS_CAT_SUITE_NUMBER,PR_SHARING_WITH) values (242,30,145,27,null,null);
Insert into HVK_PET_RESERVATION (PET_RES_NUMBER,PET_PET_NUMBER,RES_RESERVATION_NUMBER,RUN_RUN_NUMBER,CS_CAT_SUITE_NUMBER,PR_SHARING_WITH) values (243,31,146,27,null,null);
Insert into HVK_PET_RESERVATION (PET_RES_NUMBER,PET_PET_NUMBER,RES_RESERVATION_NUMBER,RUN_RUN_NUMBER,CS_CAT_SUITE_NUMBER,PR_SHARING_WITH) values (249,6,122,36,null,null);
Insert into HVK_PET_RESERVATION (PET_RES_NUMBER,PET_PET_NUMBER,RES_RESERVATION_NUMBER,RUN_RUN_NUMBER,CS_CAT_SUITE_NUMBER,PR_SHARING_WITH) values (250,6,615,null,null,null);
Insert into HVK_PET_RESERVATION (PET_RES_NUMBER,PET_PET_NUMBER,RES_RESERVATION_NUMBER,RUN_RUN_NUMBER,CS_CAT_SUITE_NUMBER,PR_SHARING_WITH) values (251,16,700,null,null,null);
Insert into HVK_PET_RESERVATION (PET_RES_NUMBER,PET_PET_NUMBER,RES_RESERVATION_NUMBER,RUN_RUN_NUMBER,CS_CAT_SUITE_NUMBER,PR_SHARING_WITH) values (252,7,620,null,null,null);
Insert into HVK_PET_RESERVATION (PET_RES_NUMBER,PET_PET_NUMBER,RES_RESERVATION_NUMBER,RUN_RUN_NUMBER,CS_CAT_SUITE_NUMBER,PR_SHARING_WITH) values (253,30,701,null,null,null);
Insert into HVK_PET_RESERVATION (PET_RES_NUMBER,PET_PET_NUMBER,RES_RESERVATION_NUMBER,RUN_RUN_NUMBER,CS_CAT_SUITE_NUMBER,PR_SHARING_WITH) values (254,33,702,null,null,null);
Insert into HVK_PET_RESERVATION (PET_RES_NUMBER,PET_PET_NUMBER,RES_RESERVATION_NUMBER,RUN_RUN_NUMBER,CS_CAT_SUITE_NUMBER,PR_SHARING_WITH) values (255,2,703,null,null,null);
Insert into HVK_PET_RESERVATION (PET_RES_NUMBER,PET_PET_NUMBER,RES_RESERVATION_NUMBER,RUN_RUN_NUMBER,CS_CAT_SUITE_NUMBER,PR_SHARING_WITH) values (256,32,704,null,null,null);
Insert into HVK_PET_RESERVATION (PET_RES_NUMBER,PET_PET_NUMBER,RES_RESERVATION_NUMBER,RUN_RUN_NUMBER,CS_CAT_SUITE_NUMBER,PR_SHARING_WITH) values (257,34,705,null,null,null);
Insert into HVK_PET_RESERVATION (PET_RES_NUMBER,PET_PET_NUMBER,RES_RESERVATION_NUMBER,RUN_RUN_NUMBER,CS_CAT_SUITE_NUMBER,PR_SHARING_WITH) values (261,1,703,null,null,null);
Insert into HVK_PET_RESERVATION (PET_RES_NUMBER,PET_PET_NUMBER,RES_RESERVATION_NUMBER,RUN_RUN_NUMBER,CS_CAT_SUITE_NUMBER,PR_SHARING_WITH) values (264,6,115,27,null,null);
Insert into HVK_PET_RESERVATION (PET_RES_NUMBER,PET_PET_NUMBER,RES_RESERVATION_NUMBER,RUN_RUN_NUMBER,CS_CAT_SUITE_NUMBER,PR_SHARING_WITH) values (268,12,709,null,null,null);
Insert into HVK_PET_RESERVATION (PET_RES_NUMBER,PET_PET_NUMBER,RES_RESERVATION_NUMBER,RUN_RUN_NUMBER,CS_CAT_SUITE_NUMBER,PR_SHARING_WITH) values (270,27,713,null,null,null);
Insert into HVK_PET_RESERVATION (PET_RES_NUMBER,PET_PET_NUMBER,RES_RESERVATION_NUMBER,RUN_RUN_NUMBER,CS_CAT_SUITE_NUMBER,PR_SHARING_WITH) values (271,28,713,null,null,null);
Insert into HVK_PET_RESERVATION (PET_RES_NUMBER,PET_PET_NUMBER,RES_RESERVATION_NUMBER,RUN_RUN_NUMBER,CS_CAT_SUITE_NUMBER,PR_SHARING_WITH) values (272,31,145,13,null,null);
Insert into HVK_PET_RESERVATION (PET_RES_NUMBER,PET_PET_NUMBER,RES_RESERVATION_NUMBER,RUN_RUN_NUMBER,CS_CAT_SUITE_NUMBER,PR_SHARING_WITH) values (273,31,717,null,null,215);
Insert into HVK_PET_RESERVATION (PET_RES_NUMBER,PET_PET_NUMBER,RES_RESERVATION_NUMBER,RUN_RUN_NUMBER,CS_CAT_SUITE_NUMBER,PR_SHARING_WITH) values (274,32,717,null,null,null);
Insert into HVK_PET_RESERVATION (PET_RES_NUMBER,PET_PET_NUMBER,RES_RESERVATION_NUMBER,RUN_RUN_NUMBER,CS_CAT_SUITE_NUMBER,PR_SHARING_WITH) values (275,36,722,null,1,null);
Insert into HVK_PET_RESERVATION (PET_RES_NUMBER,PET_PET_NUMBER,RES_RESERVATION_NUMBER,RUN_RUN_NUMBER,CS_CAT_SUITE_NUMBER,PR_SHARING_WITH) values (276,37,723,null,2,null);
Insert into HVK_PET_RESERVATION (PET_RES_NUMBER,PET_PET_NUMBER,RES_RESERVATION_NUMBER,RUN_RUN_NUMBER,CS_CAT_SUITE_NUMBER,PR_SHARING_WITH) values (277,38,724,null,3,null);
Insert into HVK_PET_RESERVATION (PET_RES_NUMBER,PET_PET_NUMBER,RES_RESERVATION_NUMBER,RUN_RUN_NUMBER,CS_CAT_SUITE_NUMBER,PR_SHARING_WITH) values (283,8,11,null,2,null);
Insert into HVK_PET_RESERVATION (PET_RES_NUMBER,PET_PET_NUMBER,RES_RESERVATION_NUMBER,RUN_RUN_NUMBER,CS_CAT_SUITE_NUMBER,PR_SHARING_WITH) values (298,11,148,27,null,299);
Insert into HVK_PET_RESERVATION (PET_RES_NUMBER,PET_PET_NUMBER,RES_RESERVATION_NUMBER,RUN_RUN_NUMBER,CS_CAT_SUITE_NUMBER,PR_SHARING_WITH) values (299,10,148,27,null,298);
Insert into HVK_PET_RESERVATION (PET_RES_NUMBER,PET_PET_NUMBER,RES_RESERVATION_NUMBER,RUN_RUN_NUMBER,CS_CAT_SUITE_NUMBER,PR_SHARING_WITH) values (404,10,802,null,null,null);
Insert into HVK_PET_RESERVATION (PET_RES_NUMBER,PET_PET_NUMBER,RES_RESERVATION_NUMBER,RUN_RUN_NUMBER,CS_CAT_SUITE_NUMBER,PR_SHARING_WITH) values (405,11,802,null,null,null);
Insert into HVK_PET_RESERVATION (PET_RES_NUMBER,PET_PET_NUMBER,RES_RESERVATION_NUMBER,RUN_RUN_NUMBER,CS_CAT_SUITE_NUMBER,PR_SHARING_WITH) values (406,3,803,null,null,null);
Insert into HVK_PET_RESERVATION (PET_RES_NUMBER,PET_PET_NUMBER,RES_RESERVATION_NUMBER,RUN_RUN_NUMBER,CS_CAT_SUITE_NUMBER,PR_SHARING_WITH) values (407,4,803,null,1,null);
Insert into HVK_PET_RESERVATION (PET_RES_NUMBER,PET_PET_NUMBER,RES_RESERVATION_NUMBER,RUN_RUN_NUMBER,CS_CAT_SUITE_NUMBER,PR_SHARING_WITH) values (408,5,803,null,2,null);
Insert into HVK_PET_RESERVATION (PET_RES_NUMBER,PET_PET_NUMBER,RES_RESERVATION_NUMBER,RUN_RUN_NUMBER,CS_CAT_SUITE_NUMBER,PR_SHARING_WITH) values (409,6,803,null,null,null);
Insert into HVK_PET_RESERVATION (PET_RES_NUMBER,PET_PET_NUMBER,RES_RESERVATION_NUMBER,RUN_RUN_NUMBER,CS_CAT_SUITE_NUMBER,PR_SHARING_WITH) values (410,10,804,null,null,null);
Insert into HVK_PET_RESERVATION (PET_RES_NUMBER,PET_PET_NUMBER,RES_RESERVATION_NUMBER,RUN_RUN_NUMBER,CS_CAT_SUITE_NUMBER,PR_SHARING_WITH) values (411,11,804,null,null,null);
Insert into HVK_PET_RESERVATION (PET_RES_NUMBER,PET_PET_NUMBER,RES_RESERVATION_NUMBER,RUN_RUN_NUMBER,CS_CAT_SUITE_NUMBER,PR_SHARING_WITH) values (412,12,804,null,null,null);
Insert into HVK_PET_RESERVATION (PET_RES_NUMBER,PET_PET_NUMBER,RES_RESERVATION_NUMBER,RUN_RUN_NUMBER,CS_CAT_SUITE_NUMBER,PR_SHARING_WITH) values (418,4,806,null,2,null);
Insert into HVK_PET_RESERVATION (PET_RES_NUMBER,PET_PET_NUMBER,RES_RESERVATION_NUMBER,RUN_RUN_NUMBER,CS_CAT_SUITE_NUMBER,PR_SHARING_WITH) values (419,5,806,null,3,null);
Insert into HVK_PET_RESERVATION (PET_RES_NUMBER,PET_PET_NUMBER,RES_RESERVATION_NUMBER,RUN_RUN_NUMBER,CS_CAT_SUITE_NUMBER,PR_SHARING_WITH) values (421,8,807,null,1,null);
Insert into HVK_PET_RESERVATION (PET_RES_NUMBER,PET_PET_NUMBER,RES_RESERVATION_NUMBER,RUN_RUN_NUMBER,CS_CAT_SUITE_NUMBER,PR_SHARING_WITH) values (284,6,636,null,null,285);
Insert into HVK_PET_RESERVATION (PET_RES_NUMBER,PET_PET_NUMBER,RES_RESERVATION_NUMBER,RUN_RUN_NUMBER,CS_CAT_SUITE_NUMBER,PR_SHARING_WITH) values (285,3,636,null,null,284);
Insert into HVK_PET_RESERVATION (PET_RES_NUMBER,PET_PET_NUMBER,RES_RESERVATION_NUMBER,RUN_RUN_NUMBER,CS_CAT_SUITE_NUMBER,PR_SHARING_WITH) values (286,1,594,36,null,287);
Insert into HVK_PET_RESERVATION (PET_RES_NUMBER,PET_PET_NUMBER,RES_RESERVATION_NUMBER,RUN_RUN_NUMBER,CS_CAT_SUITE_NUMBER,PR_SHARING_WITH) values (287,2,594,36,null,286);
Insert into HVK_PET_RESERVATION (PET_RES_NUMBER,PET_PET_NUMBER,RES_RESERVATION_NUMBER,RUN_RUN_NUMBER,CS_CAT_SUITE_NUMBER,PR_SHARING_WITH) values (288,26,601,null,null,289);
Insert into HVK_PET_RESERVATION (PET_RES_NUMBER,PET_PET_NUMBER,RES_RESERVATION_NUMBER,RUN_RUN_NUMBER,CS_CAT_SUITE_NUMBER,PR_SHARING_WITH) values (289,27,601,null,null,288);
Insert into HVK_PET_RESERVATION (PET_RES_NUMBER,PET_PET_NUMBER,RES_RESERVATION_NUMBER,RUN_RUN_NUMBER,CS_CAT_SUITE_NUMBER,PR_SHARING_WITH) values (292,31,603,null,null,293);
Insert into HVK_PET_RESERVATION (PET_RES_NUMBER,PET_PET_NUMBER,RES_RESERVATION_NUMBER,RUN_RUN_NUMBER,CS_CAT_SUITE_NUMBER,PR_SHARING_WITH) values (293,32,603,null,null,292);
Insert into HVK_PET_RESERVATION (PET_RES_NUMBER,PET_PET_NUMBER,RES_RESERVATION_NUMBER,RUN_RUN_NUMBER,CS_CAT_SUITE_NUMBER,PR_SHARING_WITH) values (294,11,605,null,null,295);
Insert into HVK_PET_RESERVATION (PET_RES_NUMBER,PET_PET_NUMBER,RES_RESERVATION_NUMBER,RUN_RUN_NUMBER,CS_CAT_SUITE_NUMBER,PR_SHARING_WITH) values (295,12,605,null,null,294);
Insert into HVK_PET_RESERVATION (PET_RES_NUMBER,PET_PET_NUMBER,RES_RESERVATION_NUMBER,RUN_RUN_NUMBER,CS_CAT_SUITE_NUMBER,PR_SHARING_WITH) values (296,26,140,2,null,297);
Insert into HVK_PET_RESERVATION (PET_RES_NUMBER,PET_PET_NUMBER,RES_RESERVATION_NUMBER,RUN_RUN_NUMBER,CS_CAT_SUITE_NUMBER,PR_SHARING_WITH) values (297,28,140,2,null,296);
Insert into HVK_PET_RESERVATION (PET_RES_NUMBER,PET_PET_NUMBER,RES_RESERVATION_NUMBER,RUN_RUN_NUMBER,CS_CAT_SUITE_NUMBER,PR_SHARING_WITH) values (300,1,112,29,null,301);
Insert into HVK_PET_RESERVATION (PET_RES_NUMBER,PET_PET_NUMBER,RES_RESERVATION_NUMBER,RUN_RUN_NUMBER,CS_CAT_SUITE_NUMBER,PR_SHARING_WITH) values (301,2,112,29,null,300);
Insert into HVK_PET_RESERVATION (PET_RES_NUMBER,PET_PET_NUMBER,RES_RESERVATION_NUMBER,RUN_RUN_NUMBER,CS_CAT_SUITE_NUMBER,PR_SHARING_WITH) values (302,1,100,29,null,303);
Insert into HVK_PET_RESERVATION (PET_RES_NUMBER,PET_PET_NUMBER,RES_RESERVATION_NUMBER,RUN_RUN_NUMBER,CS_CAT_SUITE_NUMBER,PR_SHARING_WITH) values (303,2,100,29,null,302);
Insert into HVK_PET_RESERVATION (PET_RES_NUMBER,PET_PET_NUMBER,RES_RESERVATION_NUMBER,RUN_RUN_NUMBER,CS_CAT_SUITE_NUMBER,PR_SHARING_WITH) values (304,3,106,27,null,305);
Insert into HVK_PET_RESERVATION (PET_RES_NUMBER,PET_PET_NUMBER,RES_RESERVATION_NUMBER,RUN_RUN_NUMBER,CS_CAT_SUITE_NUMBER,PR_SHARING_WITH) values (305,6,106,27,null,304);
Insert into HVK_PET_RESERVATION (PET_RES_NUMBER,PET_PET_NUMBER,RES_RESERVATION_NUMBER,RUN_RUN_NUMBER,CS_CAT_SUITE_NUMBER,PR_SHARING_WITH) values (306,11,110,36,null,307);
Insert into HVK_PET_RESERVATION (PET_RES_NUMBER,PET_PET_NUMBER,RES_RESERVATION_NUMBER,RUN_RUN_NUMBER,CS_CAT_SUITE_NUMBER,PR_SHARING_WITH) values (307,12,110,36,null,306);
Insert into HVK_PET_RESERVATION (PET_RES_NUMBER,PET_PET_NUMBER,RES_RESERVATION_NUMBER,RUN_RUN_NUMBER,CS_CAT_SUITE_NUMBER,PR_SHARING_WITH) values (308,5,5,null,3,309);
Insert into HVK_PET_RESERVATION (PET_RES_NUMBER,PET_PET_NUMBER,RES_RESERVATION_NUMBER,RUN_RUN_NUMBER,CS_CAT_SUITE_NUMBER,PR_SHARING_WITH) values (309,4,5,null,3,308);
Insert into HVK_PET_RESERVATION (PET_RES_NUMBER,PET_PET_NUMBER,RES_RESERVATION_NUMBER,RUN_RUN_NUMBER,CS_CAT_SUITE_NUMBER,PR_SHARING_WITH) values (400,31,800,null,null,401);
Insert into HVK_PET_RESERVATION (PET_RES_NUMBER,PET_PET_NUMBER,RES_RESERVATION_NUMBER,RUN_RUN_NUMBER,CS_CAT_SUITE_NUMBER,PR_SHARING_WITH) values (401,32,800,null,null,400);
Insert into HVK_PET_RESERVATION (PET_RES_NUMBER,PET_PET_NUMBER,RES_RESERVATION_NUMBER,RUN_RUN_NUMBER,CS_CAT_SUITE_NUMBER,PR_SHARING_WITH) values (402,26,801,null,null,403);
Insert into HVK_PET_RESERVATION (PET_RES_NUMBER,PET_PET_NUMBER,RES_RESERVATION_NUMBER,RUN_RUN_NUMBER,CS_CAT_SUITE_NUMBER,PR_SHARING_WITH) values (403,27,801,null,null,402);
Insert into HVK_PET_RESERVATION (PET_RES_NUMBER,PET_PET_NUMBER,RES_RESERVATION_NUMBER,RUN_RUN_NUMBER,CS_CAT_SUITE_NUMBER,PR_SHARING_WITH) values (413,3,805,null,null,416);
Insert into HVK_PET_RESERVATION (PET_RES_NUMBER,PET_PET_NUMBER,RES_RESERVATION_NUMBER,RUN_RUN_NUMBER,CS_CAT_SUITE_NUMBER,PR_SHARING_WITH) values (414,4,805,null,3,415);
Insert into HVK_PET_RESERVATION (PET_RES_NUMBER,PET_PET_NUMBER,RES_RESERVATION_NUMBER,RUN_RUN_NUMBER,CS_CAT_SUITE_NUMBER,PR_SHARING_WITH) values (415,5,805,null,3,414);
Insert into HVK_PET_RESERVATION (PET_RES_NUMBER,PET_PET_NUMBER,RES_RESERVATION_NUMBER,RUN_RUN_NUMBER,CS_CAT_SUITE_NUMBER,PR_SHARING_WITH) values (416,6,805,null,null,413);
Insert into HVK_PET_RESERVATION (PET_RES_NUMBER,PET_PET_NUMBER,RES_RESERVATION_NUMBER,RUN_RUN_NUMBER,CS_CAT_SUITE_NUMBER,PR_SHARING_WITH) values (417,3,806,null,null,420);
Insert into HVK_PET_RESERVATION (PET_RES_NUMBER,PET_PET_NUMBER,RES_RESERVATION_NUMBER,RUN_RUN_NUMBER,CS_CAT_SUITE_NUMBER,PR_SHARING_WITH) values (420,6,806,null,null,417);
Insert into HVK_PET_RESERVATION (PET_RES_NUMBER,PET_PET_NUMBER,RES_RESERVATION_NUMBER,RUN_RUN_NUMBER,CS_CAT_SUITE_NUMBER,PR_SHARING_WITH) values (310,4,725,null,3,311);
Insert into HVK_PET_RESERVATION (PET_RES_NUMBER,PET_PET_NUMBER,RES_RESERVATION_NUMBER,RUN_RUN_NUMBER,CS_CAT_SUITE_NUMBER,PR_SHARING_WITH) values (311,5,725,null,3,310);
Insert into HVK_PET_RESERVATION (PET_RES_NUMBER,PET_PET_NUMBER,RES_RESERVATION_NUMBER,RUN_RUN_NUMBER,CS_CAT_SUITE_NUMBER,PR_SHARING_WITH) values (422,36,808,null,1,null);
Insert into HVK_PET_RESERVATION (PET_RES_NUMBER,PET_PET_NUMBER,RES_RESERVATION_NUMBER,RUN_RUN_NUMBER,CS_CAT_SUITE_NUMBER,PR_SHARING_WITH) values (423,13,808,null,null,null);
Insert into HVK_PET_RESERVATION (PET_RES_NUMBER,PET_PET_NUMBER,RES_RESERVATION_NUMBER,RUN_RUN_NUMBER,CS_CAT_SUITE_NUMBER,PR_SHARING_WITH) values (424,11,809,null,null,425);
Insert into HVK_PET_RESERVATION (PET_RES_NUMBER,PET_PET_NUMBER,RES_RESERVATION_NUMBER,RUN_RUN_NUMBER,CS_CAT_SUITE_NUMBER,PR_SHARING_WITH) values (425,12,809,null,null,424);
Insert into HVK_PET_RESERVATION (PET_RES_NUMBER,PET_PET_NUMBER,RES_RESERVATION_NUMBER,RUN_RUN_NUMBER,CS_CAT_SUITE_NUMBER,PR_SHARING_WITH) values (426,33,810,null,null,null);
Insert into HVK_PET_RESERVATION (PET_RES_NUMBER,PET_PET_NUMBER,RES_RESERVATION_NUMBER,RUN_RUN_NUMBER,CS_CAT_SUITE_NUMBER,PR_SHARING_WITH) values (427,13,811,null,null,null);
REM INSERTING into HVK_PET_RESERVATION_DISCOUNT
SET DEFINE OFF;
Insert into HVK_PET_RESERVATION_DISCOUNT (DISC_DISCOUNT_NUMBER,PR_PET_RES_NUMBER) values (1,284);
Insert into HVK_PET_RESERVATION_DISCOUNT (DISC_DISCOUNT_NUMBER,PR_PET_RES_NUMBER) values (1,285);
Insert into HVK_PET_RESERVATION_DISCOUNT (DISC_DISCOUNT_NUMBER,PR_PET_RES_NUMBER) values (1,286);
Insert into HVK_PET_RESERVATION_DISCOUNT (DISC_DISCOUNT_NUMBER,PR_PET_RES_NUMBER) values (1,287);
Insert into HVK_PET_RESERVATION_DISCOUNT (DISC_DISCOUNT_NUMBER,PR_PET_RES_NUMBER) values (1,288);
Insert into HVK_PET_RESERVATION_DISCOUNT (DISC_DISCOUNT_NUMBER,PR_PET_RES_NUMBER) values (1,289);
Insert into HVK_PET_RESERVATION_DISCOUNT (DISC_DISCOUNT_NUMBER,PR_PET_RES_NUMBER) values (1,292);
Insert into HVK_PET_RESERVATION_DISCOUNT (DISC_DISCOUNT_NUMBER,PR_PET_RES_NUMBER) values (1,293);
Insert into HVK_PET_RESERVATION_DISCOUNT (DISC_DISCOUNT_NUMBER,PR_PET_RES_NUMBER) values (1,294);
Insert into HVK_PET_RESERVATION_DISCOUNT (DISC_DISCOUNT_NUMBER,PR_PET_RES_NUMBER) values (1,295);
Insert into HVK_PET_RESERVATION_DISCOUNT (DISC_DISCOUNT_NUMBER,PR_PET_RES_NUMBER) values (1,296);
Insert into HVK_PET_RESERVATION_DISCOUNT (DISC_DISCOUNT_NUMBER,PR_PET_RES_NUMBER) values (1,297);
Insert into HVK_PET_RESERVATION_DISCOUNT (DISC_DISCOUNT_NUMBER,PR_PET_RES_NUMBER) values (1,300);
Insert into HVK_PET_RESERVATION_DISCOUNT (DISC_DISCOUNT_NUMBER,PR_PET_RES_NUMBER) values (1,301);
Insert into HVK_PET_RESERVATION_DISCOUNT (DISC_DISCOUNT_NUMBER,PR_PET_RES_NUMBER) values (1,302);
Insert into HVK_PET_RESERVATION_DISCOUNT (DISC_DISCOUNT_NUMBER,PR_PET_RES_NUMBER) values (1,303);
Insert into HVK_PET_RESERVATION_DISCOUNT (DISC_DISCOUNT_NUMBER,PR_PET_RES_NUMBER) values (1,304);
Insert into HVK_PET_RESERVATION_DISCOUNT (DISC_DISCOUNT_NUMBER,PR_PET_RES_NUMBER) values (1,305);
Insert into HVK_PET_RESERVATION_DISCOUNT (DISC_DISCOUNT_NUMBER,PR_PET_RES_NUMBER) values (1,306);
Insert into HVK_PET_RESERVATION_DISCOUNT (DISC_DISCOUNT_NUMBER,PR_PET_RES_NUMBER) values (1,307);
Insert into HVK_PET_RESERVATION_DISCOUNT (DISC_DISCOUNT_NUMBER,PR_PET_RES_NUMBER) values (1,308);
Insert into HVK_PET_RESERVATION_DISCOUNT (DISC_DISCOUNT_NUMBER,PR_PET_RES_NUMBER) values (1,309);
Insert into HVK_PET_RESERVATION_DISCOUNT (DISC_DISCOUNT_NUMBER,PR_PET_RES_NUMBER) values (3,306);
Insert into HVK_PET_RESERVATION_DISCOUNT (DISC_DISCOUNT_NUMBER,PR_PET_RES_NUMBER) values (3,307);
REM INSERTING into HVK_PET_RESERVATION_SERVICE
SET DEFINE OFF;
Insert into HVK_PET_RESERVATION_SERVICE (SERVICE_FREQUENCY,PR_PET_RES_NUMBER,SERV_SERVICE_NUMBER) values (null,264,4);
Insert into HVK_PET_RESERVATION_SERVICE (SERVICE_FREQUENCY,PR_PET_RES_NUMBER,SERV_SERVICE_NUMBER) values (null,200,1);
Insert into HVK_PET_RESERVATION_SERVICE (SERVICE_FREQUENCY,PR_PET_RES_NUMBER,SERV_SERVICE_NUMBER) values (null,201,1);
Insert into HVK_PET_RESERVATION_SERVICE (SERVICE_FREQUENCY,PR_PET_RES_NUMBER,SERV_SERVICE_NUMBER) values (null,202,1);
Insert into HVK_PET_RESERVATION_SERVICE (SERVICE_FREQUENCY,PR_PET_RES_NUMBER,SERV_SERVICE_NUMBER) values (null,204,1);
Insert into HVK_PET_RESERVATION_SERVICE (SERVICE_FREQUENCY,PR_PET_RES_NUMBER,SERV_SERVICE_NUMBER) values (null,205,1);
Insert into HVK_PET_RESERVATION_SERVICE (SERVICE_FREQUENCY,PR_PET_RES_NUMBER,SERV_SERVICE_NUMBER) values (null,206,1);
Insert into HVK_PET_RESERVATION_SERVICE (SERVICE_FREQUENCY,PR_PET_RES_NUMBER,SERV_SERVICE_NUMBER) values (null,219,1);
Insert into HVK_PET_RESERVATION_SERVICE (SERVICE_FREQUENCY,PR_PET_RES_NUMBER,SERV_SERVICE_NUMBER) values (null,225,1);
Insert into HVK_PET_RESERVATION_SERVICE (SERVICE_FREQUENCY,PR_PET_RES_NUMBER,SERV_SERVICE_NUMBER) values (null,225,5);
Insert into HVK_PET_RESERVATION_SERVICE (SERVICE_FREQUENCY,PR_PET_RES_NUMBER,SERV_SERVICE_NUMBER) values (null,231,1);
Insert into HVK_PET_RESERVATION_SERVICE (SERVICE_FREQUENCY,PR_PET_RES_NUMBER,SERV_SERVICE_NUMBER) values (null,231,5);
Insert into HVK_PET_RESERVATION_SERVICE (SERVICE_FREQUENCY,PR_PET_RES_NUMBER,SERV_SERVICE_NUMBER) values (null,223,1);
Insert into HVK_PET_RESERVATION_SERVICE (SERVICE_FREQUENCY,PR_PET_RES_NUMBER,SERV_SERVICE_NUMBER) values (null,223,2);
Insert into HVK_PET_RESERVATION_SERVICE (SERVICE_FREQUENCY,PR_PET_RES_NUMBER,SERV_SERVICE_NUMBER) values (null,224,1);
Insert into HVK_PET_RESERVATION_SERVICE (SERVICE_FREQUENCY,PR_PET_RES_NUMBER,SERV_SERVICE_NUMBER) values (null,224,5);
Insert into HVK_PET_RESERVATION_SERVICE (SERVICE_FREQUENCY,PR_PET_RES_NUMBER,SERV_SERVICE_NUMBER) values (2,224,3);
Insert into HVK_PET_RESERVATION_SERVICE (SERVICE_FREQUENCY,PR_PET_RES_NUMBER,SERV_SERVICE_NUMBER) values (null,229,1);
Insert into HVK_PET_RESERVATION_SERVICE (SERVICE_FREQUENCY,PR_PET_RES_NUMBER,SERV_SERVICE_NUMBER) values (null,229,2);
Insert into HVK_PET_RESERVATION_SERVICE (SERVICE_FREQUENCY,PR_PET_RES_NUMBER,SERV_SERVICE_NUMBER) values (1,229,3);
Insert into HVK_PET_RESERVATION_SERVICE (SERVICE_FREQUENCY,PR_PET_RES_NUMBER,SERV_SERVICE_NUMBER) values (null,230,1);
Insert into HVK_PET_RESERVATION_SERVICE (SERVICE_FREQUENCY,PR_PET_RES_NUMBER,SERV_SERVICE_NUMBER) values (null,230,5);
Insert into HVK_PET_RESERVATION_SERVICE (SERVICE_FREQUENCY,PR_PET_RES_NUMBER,SERV_SERVICE_NUMBER) values (null,264,1);
Insert into HVK_PET_RESERVATION_SERVICE (SERVICE_FREQUENCY,PR_PET_RES_NUMBER,SERV_SERVICE_NUMBER) values (null,264,5);
Insert into HVK_PET_RESERVATION_SERVICE (SERVICE_FREQUENCY,PR_PET_RES_NUMBER,SERV_SERVICE_NUMBER) values (1,264,3);
Insert into HVK_PET_RESERVATION_SERVICE (SERVICE_FREQUENCY,PR_PET_RES_NUMBER,SERV_SERVICE_NUMBER) values (null,232,1);
Insert into HVK_PET_RESERVATION_SERVICE (SERVICE_FREQUENCY,PR_PET_RES_NUMBER,SERV_SERVICE_NUMBER) values (null,232,5);
Insert into HVK_PET_RESERVATION_SERVICE (SERVICE_FREQUENCY,PR_PET_RES_NUMBER,SERV_SERVICE_NUMBER) values (null,228,1);
Insert into HVK_PET_RESERVATION_SERVICE (SERVICE_FREQUENCY,PR_PET_RES_NUMBER,SERV_SERVICE_NUMBER) values (null,228,2);
Insert into HVK_PET_RESERVATION_SERVICE (SERVICE_FREQUENCY,PR_PET_RES_NUMBER,SERV_SERVICE_NUMBER) values (null,226,1);
Insert into HVK_PET_RESERVATION_SERVICE (SERVICE_FREQUENCY,PR_PET_RES_NUMBER,SERV_SERVICE_NUMBER) values (null,227,1);
Insert into HVK_PET_RESERVATION_SERVICE (SERVICE_FREQUENCY,PR_PET_RES_NUMBER,SERV_SERVICE_NUMBER) values (null,233,1);
Insert into HVK_PET_RESERVATION_SERVICE (SERVICE_FREQUENCY,PR_PET_RES_NUMBER,SERV_SERVICE_NUMBER) values (null,233,2);
Insert into HVK_PET_RESERVATION_SERVICE (SERVICE_FREQUENCY,PR_PET_RES_NUMBER,SERV_SERVICE_NUMBER) values (null,234,1);
Insert into HVK_PET_RESERVATION_SERVICE (SERVICE_FREQUENCY,PR_PET_RES_NUMBER,SERV_SERVICE_NUMBER) values (null,235,1);
Insert into HVK_PET_RESERVATION_SERVICE (SERVICE_FREQUENCY,PR_PET_RES_NUMBER,SERV_SERVICE_NUMBER) values (null,236,1);
Insert into HVK_PET_RESERVATION_SERVICE (SERVICE_FREQUENCY,PR_PET_RES_NUMBER,SERV_SERVICE_NUMBER) values (null,237,1);
Insert into HVK_PET_RESERVATION_SERVICE (SERVICE_FREQUENCY,PR_PET_RES_NUMBER,SERV_SERVICE_NUMBER) values (null,239,1);
Insert into HVK_PET_RESERVATION_SERVICE (SERVICE_FREQUENCY,PR_PET_RES_NUMBER,SERV_SERVICE_NUMBER) values (null,240,1);
Insert into HVK_PET_RESERVATION_SERVICE (SERVICE_FREQUENCY,PR_PET_RES_NUMBER,SERV_SERVICE_NUMBER) values (null,241,1);
Insert into HVK_PET_RESERVATION_SERVICE (SERVICE_FREQUENCY,PR_PET_RES_NUMBER,SERV_SERVICE_NUMBER) values (null,242,1);
Insert into HVK_PET_RESERVATION_SERVICE (SERVICE_FREQUENCY,PR_PET_RES_NUMBER,SERV_SERVICE_NUMBER) values (null,243,1);
Insert into HVK_PET_RESERVATION_SERVICE (SERVICE_FREQUENCY,PR_PET_RES_NUMBER,SERV_SERVICE_NUMBER) values (null,272,1);
Insert into HVK_PET_RESERVATION_SERVICE (SERVICE_FREQUENCY,PR_PET_RES_NUMBER,SERV_SERVICE_NUMBER) values (null,298,1);
Insert into HVK_PET_RESERVATION_SERVICE (SERVICE_FREQUENCY,PR_PET_RES_NUMBER,SERV_SERVICE_NUMBER) values (null,249,1);
Insert into HVK_PET_RESERVATION_SERVICE (SERVICE_FREQUENCY,PR_PET_RES_NUMBER,SERV_SERVICE_NUMBER) values (null,249,5);
Insert into HVK_PET_RESERVATION_SERVICE (SERVICE_FREQUENCY,PR_PET_RES_NUMBER,SERV_SERVICE_NUMBER) values (1,249,3);
Insert into HVK_PET_RESERVATION_SERVICE (SERVICE_FREQUENCY,PR_PET_RES_NUMBER,SERV_SERVICE_NUMBER) values (1,237,3);
Insert into HVK_PET_RESERVATION_SERVICE (SERVICE_FREQUENCY,PR_PET_RES_NUMBER,SERV_SERVICE_NUMBER) values (null,240,4);
Insert into HVK_PET_RESERVATION_SERVICE (SERVICE_FREQUENCY,PR_PET_RES_NUMBER,SERV_SERVICE_NUMBER) values (2,233,3);
Insert into HVK_PET_RESERVATION_SERVICE (SERVICE_FREQUENCY,PR_PET_RES_NUMBER,SERV_SERVICE_NUMBER) values (3,234,3);
Insert into HVK_PET_RESERVATION_SERVICE (SERVICE_FREQUENCY,PR_PET_RES_NUMBER,SERV_SERVICE_NUMBER) values (null,234,5);
Insert into HVK_PET_RESERVATION_SERVICE (SERVICE_FREQUENCY,PR_PET_RES_NUMBER,SERV_SERVICE_NUMBER) values (null,234,2);
Insert into HVK_PET_RESERVATION_SERVICE (SERVICE_FREQUENCY,PR_PET_RES_NUMBER,SERV_SERVICE_NUMBER) values (null,250,1);
Insert into HVK_PET_RESERVATION_SERVICE (SERVICE_FREQUENCY,PR_PET_RES_NUMBER,SERV_SERVICE_NUMBER) values (null,252,1);
Insert into HVK_PET_RESERVATION_SERVICE (SERVICE_FREQUENCY,PR_PET_RES_NUMBER,SERV_SERVICE_NUMBER) values (null,251,1);
Insert into HVK_PET_RESERVATION_SERVICE (SERVICE_FREQUENCY,PR_PET_RES_NUMBER,SERV_SERVICE_NUMBER) values (null,253,1);
Insert into HVK_PET_RESERVATION_SERVICE (SERVICE_FREQUENCY,PR_PET_RES_NUMBER,SERV_SERVICE_NUMBER) values (null,254,1);
Insert into HVK_PET_RESERVATION_SERVICE (SERVICE_FREQUENCY,PR_PET_RES_NUMBER,SERV_SERVICE_NUMBER) values (null,255,1);
Insert into HVK_PET_RESERVATION_SERVICE (SERVICE_FREQUENCY,PR_PET_RES_NUMBER,SERV_SERVICE_NUMBER) values (null,256,1);
Insert into HVK_PET_RESERVATION_SERVICE (SERVICE_FREQUENCY,PR_PET_RES_NUMBER,SERV_SERVICE_NUMBER) values (null,257,1);
Insert into HVK_PET_RESERVATION_SERVICE (SERVICE_FREQUENCY,PR_PET_RES_NUMBER,SERV_SERVICE_NUMBER) values (null,261,1);
Insert into HVK_PET_RESERVATION_SERVICE (SERVICE_FREQUENCY,PR_PET_RES_NUMBER,SERV_SERVICE_NUMBER) values (null,299,1);
Insert into HVK_PET_RESERVATION_SERVICE (SERVICE_FREQUENCY,PR_PET_RES_NUMBER,SERV_SERVICE_NUMBER) values (null,277,1);
Insert into HVK_PET_RESERVATION_SERVICE (SERVICE_FREQUENCY,PR_PET_RES_NUMBER,SERV_SERVICE_NUMBER) values (null,276,1);
Insert into HVK_PET_RESERVATION_SERVICE (SERVICE_FREQUENCY,PR_PET_RES_NUMBER,SERV_SERVICE_NUMBER) values (null,275,1);
Insert into HVK_PET_RESERVATION_SERVICE (SERVICE_FREQUENCY,PR_PET_RES_NUMBER,SERV_SERVICE_NUMBER) values (null,207,1);
Insert into HVK_PET_RESERVATION_SERVICE (SERVICE_FREQUENCY,PR_PET_RES_NUMBER,SERV_SERVICE_NUMBER) values (null,208,1);
Insert into HVK_PET_RESERVATION_SERVICE (SERVICE_FREQUENCY,PR_PET_RES_NUMBER,SERV_SERVICE_NUMBER) values (null,209,1);
Insert into HVK_PET_RESERVATION_SERVICE (SERVICE_FREQUENCY,PR_PET_RES_NUMBER,SERV_SERVICE_NUMBER) values (null,210,1);
Insert into HVK_PET_RESERVATION_SERVICE (SERVICE_FREQUENCY,PR_PET_RES_NUMBER,SERV_SERVICE_NUMBER) values (null,211,1);
Insert into HVK_PET_RESERVATION_SERVICE (SERVICE_FREQUENCY,PR_PET_RES_NUMBER,SERV_SERVICE_NUMBER) values (null,212,1);
Insert into HVK_PET_RESERVATION_SERVICE (SERVICE_FREQUENCY,PR_PET_RES_NUMBER,SERV_SERVICE_NUMBER) values (null,213,1);
Insert into HVK_PET_RESERVATION_SERVICE (SERVICE_FREQUENCY,PR_PET_RES_NUMBER,SERV_SERVICE_NUMBER) values (null,214,1);
Insert into HVK_PET_RESERVATION_SERVICE (SERVICE_FREQUENCY,PR_PET_RES_NUMBER,SERV_SERVICE_NUMBER) values (null,215,1);
Insert into HVK_PET_RESERVATION_SERVICE (SERVICE_FREQUENCY,PR_PET_RES_NUMBER,SERV_SERVICE_NUMBER) values (null,216,1);
Insert into HVK_PET_RESERVATION_SERVICE (SERVICE_FREQUENCY,PR_PET_RES_NUMBER,SERV_SERVICE_NUMBER) values (null,217,1);
Insert into HVK_PET_RESERVATION_SERVICE (SERVICE_FREQUENCY,PR_PET_RES_NUMBER,SERV_SERVICE_NUMBER) values (null,268,1);
Insert into HVK_PET_RESERVATION_SERVICE (SERVICE_FREQUENCY,PR_PET_RES_NUMBER,SERV_SERVICE_NUMBER) values (null,270,1);
Insert into HVK_PET_RESERVATION_SERVICE (SERVICE_FREQUENCY,PR_PET_RES_NUMBER,SERV_SERVICE_NUMBER) values (null,271,1);
Insert into HVK_PET_RESERVATION_SERVICE (SERVICE_FREQUENCY,PR_PET_RES_NUMBER,SERV_SERVICE_NUMBER) values (null,273,1);
Insert into HVK_PET_RESERVATION_SERVICE (SERVICE_FREQUENCY,PR_PET_RES_NUMBER,SERV_SERVICE_NUMBER) values (null,274,1);
Insert into HVK_PET_RESERVATION_SERVICE (SERVICE_FREQUENCY,PR_PET_RES_NUMBER,SERV_SERVICE_NUMBER) values (null,404,1);
Insert into HVK_PET_RESERVATION_SERVICE (SERVICE_FREQUENCY,PR_PET_RES_NUMBER,SERV_SERVICE_NUMBER) values (null,405,1);
Insert into HVK_PET_RESERVATION_SERVICE (SERVICE_FREQUENCY,PR_PET_RES_NUMBER,SERV_SERVICE_NUMBER) values (null,406,1);
Insert into HVK_PET_RESERVATION_SERVICE (SERVICE_FREQUENCY,PR_PET_RES_NUMBER,SERV_SERVICE_NUMBER) values (null,409,1);
Insert into HVK_PET_RESERVATION_SERVICE (SERVICE_FREQUENCY,PR_PET_RES_NUMBER,SERV_SERVICE_NUMBER) values (null,410,1);
Insert into HVK_PET_RESERVATION_SERVICE (SERVICE_FREQUENCY,PR_PET_RES_NUMBER,SERV_SERVICE_NUMBER) values (null,411,1);
Insert into HVK_PET_RESERVATION_SERVICE (SERVICE_FREQUENCY,PR_PET_RES_NUMBER,SERV_SERVICE_NUMBER) values (null,412,1);
Insert into HVK_PET_RESERVATION_SERVICE (SERVICE_FREQUENCY,PR_PET_RES_NUMBER,SERV_SERVICE_NUMBER) values (1,276,3);
Insert into HVK_PET_RESERVATION_SERVICE (SERVICE_FREQUENCY,PR_PET_RES_NUMBER,SERV_SERVICE_NUMBER) values (null,405,2);
Insert into HVK_PET_RESERVATION_SERVICE (SERVICE_FREQUENCY,PR_PET_RES_NUMBER,SERV_SERVICE_NUMBER) values (null,285,1);
Insert into HVK_PET_RESERVATION_SERVICE (SERVICE_FREQUENCY,PR_PET_RES_NUMBER,SERV_SERVICE_NUMBER) values (null,284,1);
Insert into HVK_PET_RESERVATION_SERVICE (SERVICE_FREQUENCY,PR_PET_RES_NUMBER,SERV_SERVICE_NUMBER) values (null,287,1);
Insert into HVK_PET_RESERVATION_SERVICE (SERVICE_FREQUENCY,PR_PET_RES_NUMBER,SERV_SERVICE_NUMBER) values (null,287,5);
Insert into HVK_PET_RESERVATION_SERVICE (SERVICE_FREQUENCY,PR_PET_RES_NUMBER,SERV_SERVICE_NUMBER) values (2,287,3);
Insert into HVK_PET_RESERVATION_SERVICE (SERVICE_FREQUENCY,PR_PET_RES_NUMBER,SERV_SERVICE_NUMBER) values (null,286,1);
Insert into HVK_PET_RESERVATION_SERVICE (SERVICE_FREQUENCY,PR_PET_RES_NUMBER,SERV_SERVICE_NUMBER) values (null,288,1);
Insert into HVK_PET_RESERVATION_SERVICE (SERVICE_FREQUENCY,PR_PET_RES_NUMBER,SERV_SERVICE_NUMBER) values (null,289,1);
Insert into HVK_PET_RESERVATION_SERVICE (SERVICE_FREQUENCY,PR_PET_RES_NUMBER,SERV_SERVICE_NUMBER) values (null,292,1);
Insert into HVK_PET_RESERVATION_SERVICE (SERVICE_FREQUENCY,PR_PET_RES_NUMBER,SERV_SERVICE_NUMBER) values (null,293,1);
Insert into HVK_PET_RESERVATION_SERVICE (SERVICE_FREQUENCY,PR_PET_RES_NUMBER,SERV_SERVICE_NUMBER) values (null,294,1);
Insert into HVK_PET_RESERVATION_SERVICE (SERVICE_FREQUENCY,PR_PET_RES_NUMBER,SERV_SERVICE_NUMBER) values (null,295,1);
Insert into HVK_PET_RESERVATION_SERVICE (SERVICE_FREQUENCY,PR_PET_RES_NUMBER,SERV_SERVICE_NUMBER) values (null,296,1);
Insert into HVK_PET_RESERVATION_SERVICE (SERVICE_FREQUENCY,PR_PET_RES_NUMBER,SERV_SERVICE_NUMBER) values (null,302,1);
Insert into HVK_PET_RESERVATION_SERVICE (SERVICE_FREQUENCY,PR_PET_RES_NUMBER,SERV_SERVICE_NUMBER) values (null,302,2);
Insert into HVK_PET_RESERVATION_SERVICE (SERVICE_FREQUENCY,PR_PET_RES_NUMBER,SERV_SERVICE_NUMBER) values (null,302,4);
Insert into HVK_PET_RESERVATION_SERVICE (SERVICE_FREQUENCY,PR_PET_RES_NUMBER,SERV_SERVICE_NUMBER) values (null,303,1);
Insert into HVK_PET_RESERVATION_SERVICE (SERVICE_FREQUENCY,PR_PET_RES_NUMBER,SERV_SERVICE_NUMBER) values (null,303,2);
Insert into HVK_PET_RESERVATION_SERVICE (SERVICE_FREQUENCY,PR_PET_RES_NUMBER,SERV_SERVICE_NUMBER) values (null,300,1);
Insert into HVK_PET_RESERVATION_SERVICE (SERVICE_FREQUENCY,PR_PET_RES_NUMBER,SERV_SERVICE_NUMBER) values (null,300,2);
Insert into HVK_PET_RESERVATION_SERVICE (SERVICE_FREQUENCY,PR_PET_RES_NUMBER,SERV_SERVICE_NUMBER) values (null,300,4);
Insert into HVK_PET_RESERVATION_SERVICE (SERVICE_FREQUENCY,PR_PET_RES_NUMBER,SERV_SERVICE_NUMBER) values (null,301,1);
Insert into HVK_PET_RESERVATION_SERVICE (SERVICE_FREQUENCY,PR_PET_RES_NUMBER,SERV_SERVICE_NUMBER) values (null,301,2);
Insert into HVK_PET_RESERVATION_SERVICE (SERVICE_FREQUENCY,PR_PET_RES_NUMBER,SERV_SERVICE_NUMBER) values (null,304,1);
Insert into HVK_PET_RESERVATION_SERVICE (SERVICE_FREQUENCY,PR_PET_RES_NUMBER,SERV_SERVICE_NUMBER) values (null,304,5);
Insert into HVK_PET_RESERVATION_SERVICE (SERVICE_FREQUENCY,PR_PET_RES_NUMBER,SERV_SERVICE_NUMBER) values (null,305,1);
Insert into HVK_PET_RESERVATION_SERVICE (SERVICE_FREQUENCY,PR_PET_RES_NUMBER,SERV_SERVICE_NUMBER) values (null,305,5);
Insert into HVK_PET_RESERVATION_SERVICE (SERVICE_FREQUENCY,PR_PET_RES_NUMBER,SERV_SERVICE_NUMBER) values (1,305,3);
Insert into HVK_PET_RESERVATION_SERVICE (SERVICE_FREQUENCY,PR_PET_RES_NUMBER,SERV_SERVICE_NUMBER) values (null,306,1);
Insert into HVK_PET_RESERVATION_SERVICE (SERVICE_FREQUENCY,PR_PET_RES_NUMBER,SERV_SERVICE_NUMBER) values (null,306,2);
Insert into HVK_PET_RESERVATION_SERVICE (SERVICE_FREQUENCY,PR_PET_RES_NUMBER,SERV_SERVICE_NUMBER) values (1,306,3);
Insert into HVK_PET_RESERVATION_SERVICE (SERVICE_FREQUENCY,PR_PET_RES_NUMBER,SERV_SERVICE_NUMBER) values (null,307,1);
Insert into HVK_PET_RESERVATION_SERVICE (SERVICE_FREQUENCY,PR_PET_RES_NUMBER,SERV_SERVICE_NUMBER) values (null,307,2);
Insert into HVK_PET_RESERVATION_SERVICE (SERVICE_FREQUENCY,PR_PET_RES_NUMBER,SERV_SERVICE_NUMBER) values (1,307,3);
Insert into HVK_PET_RESERVATION_SERVICE (SERVICE_FREQUENCY,PR_PET_RES_NUMBER,SERV_SERVICE_NUMBER) values (null,287,4);
Insert into HVK_PET_RESERVATION_SERVICE (SERVICE_FREQUENCY,PR_PET_RES_NUMBER,SERV_SERVICE_NUMBER) values (2,296,3);
Insert into HVK_PET_RESERVATION_SERVICE (SERVICE_FREQUENCY,PR_PET_RES_NUMBER,SERV_SERVICE_NUMBER) values (null,296,2);
Insert into HVK_PET_RESERVATION_SERVICE (SERVICE_FREQUENCY,PR_PET_RES_NUMBER,SERV_SERVICE_NUMBER) values (null,296,5);
Insert into HVK_PET_RESERVATION_SERVICE (SERVICE_FREQUENCY,PR_PET_RES_NUMBER,SERV_SERVICE_NUMBER) values (null,297,1);
Insert into HVK_PET_RESERVATION_SERVICE (SERVICE_FREQUENCY,PR_PET_RES_NUMBER,SERV_SERVICE_NUMBER) values (null,283,1);
Insert into HVK_PET_RESERVATION_SERVICE (SERVICE_FREQUENCY,PR_PET_RES_NUMBER,SERV_SERVICE_NUMBER) values (null,308,1);
Insert into HVK_PET_RESERVATION_SERVICE (SERVICE_FREQUENCY,PR_PET_RES_NUMBER,SERV_SERVICE_NUMBER) values (null,309,1);
Insert into HVK_PET_RESERVATION_SERVICE (SERVICE_FREQUENCY,PR_PET_RES_NUMBER,SERV_SERVICE_NUMBER) values (null,400,1);
Insert into HVK_PET_RESERVATION_SERVICE (SERVICE_FREQUENCY,PR_PET_RES_NUMBER,SERV_SERVICE_NUMBER) values (null,401,1);
Insert into HVK_PET_RESERVATION_SERVICE (SERVICE_FREQUENCY,PR_PET_RES_NUMBER,SERV_SERVICE_NUMBER) values (null,402,1);
Insert into HVK_PET_RESERVATION_SERVICE (SERVICE_FREQUENCY,PR_PET_RES_NUMBER,SERV_SERVICE_NUMBER) values (null,403,1);
Insert into HVK_PET_RESERVATION_SERVICE (SERVICE_FREQUENCY,PR_PET_RES_NUMBER,SERV_SERVICE_NUMBER) values (null,407,1);
Insert into HVK_PET_RESERVATION_SERVICE (SERVICE_FREQUENCY,PR_PET_RES_NUMBER,SERV_SERVICE_NUMBER) values (null,408,1);
Insert into HVK_PET_RESERVATION_SERVICE (SERVICE_FREQUENCY,PR_PET_RES_NUMBER,SERV_SERVICE_NUMBER) values (null,413,1);
Insert into HVK_PET_RESERVATION_SERVICE (SERVICE_FREQUENCY,PR_PET_RES_NUMBER,SERV_SERVICE_NUMBER) values (null,414,1);
Insert into HVK_PET_RESERVATION_SERVICE (SERVICE_FREQUENCY,PR_PET_RES_NUMBER,SERV_SERVICE_NUMBER) values (null,415,1);
Insert into HVK_PET_RESERVATION_SERVICE (SERVICE_FREQUENCY,PR_PET_RES_NUMBER,SERV_SERVICE_NUMBER) values (null,416,1);
Insert into HVK_PET_RESERVATION_SERVICE (SERVICE_FREQUENCY,PR_PET_RES_NUMBER,SERV_SERVICE_NUMBER) values (null,417,1);
Insert into HVK_PET_RESERVATION_SERVICE (SERVICE_FREQUENCY,PR_PET_RES_NUMBER,SERV_SERVICE_NUMBER) values (null,418,1);
Insert into HVK_PET_RESERVATION_SERVICE (SERVICE_FREQUENCY,PR_PET_RES_NUMBER,SERV_SERVICE_NUMBER) values (null,419,1);
Insert into HVK_PET_RESERVATION_SERVICE (SERVICE_FREQUENCY,PR_PET_RES_NUMBER,SERV_SERVICE_NUMBER) values (null,420,1);
Insert into HVK_PET_RESERVATION_SERVICE (SERVICE_FREQUENCY,PR_PET_RES_NUMBER,SERV_SERVICE_NUMBER) values (null,421,1);
Insert into HVK_PET_RESERVATION_SERVICE (SERVICE_FREQUENCY,PR_PET_RES_NUMBER,SERV_SERVICE_NUMBER) values (null,310,1);
Insert into HVK_PET_RESERVATION_SERVICE (SERVICE_FREQUENCY,PR_PET_RES_NUMBER,SERV_SERVICE_NUMBER) values (null,311,1);
Insert into HVK_PET_RESERVATION_SERVICE (SERVICE_FREQUENCY,PR_PET_RES_NUMBER,SERV_SERVICE_NUMBER) values (1,310,4);
Insert into HVK_PET_RESERVATION_SERVICE (SERVICE_FREQUENCY,PR_PET_RES_NUMBER,SERV_SERVICE_NUMBER) values (1,310,6);
Insert into HVK_PET_RESERVATION_SERVICE (SERVICE_FREQUENCY,PR_PET_RES_NUMBER,SERV_SERVICE_NUMBER) values (null,308,4);
Insert into HVK_PET_RESERVATION_SERVICE (SERVICE_FREQUENCY,PR_PET_RES_NUMBER,SERV_SERVICE_NUMBER) values (1,311,4);
Insert into HVK_PET_RESERVATION_SERVICE (SERVICE_FREQUENCY,PR_PET_RES_NUMBER,SERV_SERVICE_NUMBER) values (null,422,1);
Insert into HVK_PET_RESERVATION_SERVICE (SERVICE_FREQUENCY,PR_PET_RES_NUMBER,SERV_SERVICE_NUMBER) values (null,423,1);
Insert into HVK_PET_RESERVATION_SERVICE (SERVICE_FREQUENCY,PR_PET_RES_NUMBER,SERV_SERVICE_NUMBER) values (null,423,3);
Insert into HVK_PET_RESERVATION_SERVICE (SERVICE_FREQUENCY,PR_PET_RES_NUMBER,SERV_SERVICE_NUMBER) values (null,422,3);
Insert into HVK_PET_RESERVATION_SERVICE (SERVICE_FREQUENCY,PR_PET_RES_NUMBER,SERV_SERVICE_NUMBER) values (null,423,2);
Insert into HVK_PET_RESERVATION_SERVICE (SERVICE_FREQUENCY,PR_PET_RES_NUMBER,SERV_SERVICE_NUMBER) values (null,424,1);
Insert into HVK_PET_RESERVATION_SERVICE (SERVICE_FREQUENCY,PR_PET_RES_NUMBER,SERV_SERVICE_NUMBER) values (null,425,1);
Insert into HVK_PET_RESERVATION_SERVICE (SERVICE_FREQUENCY,PR_PET_RES_NUMBER,SERV_SERVICE_NUMBER) values (null,426,1);
Insert into HVK_PET_RESERVATION_SERVICE (SERVICE_FREQUENCY,PR_PET_RES_NUMBER,SERV_SERVICE_NUMBER) values (null,427,1);
REM INSERTING into HVK_PET_VACCINATION
SET DEFINE OFF;
Insert into HVK_PET_VACCINATION (VACCINATION_EXPIRY_DATE,VACC_VACCINATION_NUMBER,PET_PET_NUMBER) values (to_date('12-JAN-15','DD-MON-RR'),1,33);
Insert into HVK_PET_VACCINATION (VACCINATION_EXPIRY_DATE,VACC_VACCINATION_NUMBER,PET_PET_NUMBER) values (to_date('12-JAN-15','DD-MON-RR'),2,33);
Insert into HVK_PET_VACCINATION (VACCINATION_EXPIRY_DATE,VACC_VACCINATION_NUMBER,PET_PET_NUMBER) values (to_date('12-JAN-15','DD-MON-RR'),3,33);
Insert into HVK_PET_VACCINATION (VACCINATION_EXPIRY_DATE,VACC_VACCINATION_NUMBER,PET_PET_NUMBER) values (to_date('12-JAN-15','DD-MON-RR'),4,33);
Insert into HVK_PET_VACCINATION (VACCINATION_EXPIRY_DATE,VACC_VACCINATION_NUMBER,PET_PET_NUMBER) values (to_date('12-JAN-16','DD-MON-RR'),5,33);
Insert into HVK_PET_VACCINATION (VACCINATION_EXPIRY_DATE,VACC_VACCINATION_NUMBER,PET_PET_NUMBER) values (to_date('12-JAN-16','DD-MON-RR'),6,33);
Insert into HVK_PET_VACCINATION (VACCINATION_EXPIRY_DATE,VACC_VACCINATION_NUMBER,PET_PET_NUMBER) values (to_date('10-SEP-14','DD-MON-RR'),1,35);
Insert into HVK_PET_VACCINATION (VACCINATION_EXPIRY_DATE,VACC_VACCINATION_NUMBER,PET_PET_NUMBER) values (to_date('10-SEP-14','DD-MON-RR'),2,35);
Insert into HVK_PET_VACCINATION (VACCINATION_EXPIRY_DATE,VACC_VACCINATION_NUMBER,PET_PET_NUMBER) values (to_date('10-SEP-14','DD-MON-RR'),3,35);
Insert into HVK_PET_VACCINATION (VACCINATION_EXPIRY_DATE,VACC_VACCINATION_NUMBER,PET_PET_NUMBER) values (to_date('10-SEP-14','DD-MON-RR'),4,35);
Insert into HVK_PET_VACCINATION (VACCINATION_EXPIRY_DATE,VACC_VACCINATION_NUMBER,PET_PET_NUMBER) values (to_date('10-SEP-14','DD-MON-RR'),5,35);
Insert into HVK_PET_VACCINATION (VACCINATION_EXPIRY_DATE,VACC_VACCINATION_NUMBER,PET_PET_NUMBER) values (to_date('10-SEP-14','DD-MON-RR'),6,35);
Insert into HVK_PET_VACCINATION (VACCINATION_EXPIRY_DATE,VACC_VACCINATION_NUMBER,PET_PET_NUMBER) values (to_date('05-MAY-15','DD-MON-RR'),1,13);
Insert into HVK_PET_VACCINATION (VACCINATION_EXPIRY_DATE,VACC_VACCINATION_NUMBER,PET_PET_NUMBER) values (to_date('05-MAY-15','DD-MON-RR'),2,13);
Insert into HVK_PET_VACCINATION (VACCINATION_EXPIRY_DATE,VACC_VACCINATION_NUMBER,PET_PET_NUMBER) values (to_date('05-MAY-15','DD-MON-RR'),3,13);
Insert into HVK_PET_VACCINATION (VACCINATION_EXPIRY_DATE,VACC_VACCINATION_NUMBER,PET_PET_NUMBER) values (to_date('05-MAY-15','DD-MON-RR'),4,13);
Insert into HVK_PET_VACCINATION (VACCINATION_EXPIRY_DATE,VACC_VACCINATION_NUMBER,PET_PET_NUMBER) values (to_date('05-MAY-15','DD-MON-RR'),5,13);
Insert into HVK_PET_VACCINATION (VACCINATION_EXPIRY_DATE,VACC_VACCINATION_NUMBER,PET_PET_NUMBER) values (to_date('05-MAY-15','DD-MON-RR'),1,9);
Insert into HVK_PET_VACCINATION (VACCINATION_EXPIRY_DATE,VACC_VACCINATION_NUMBER,PET_PET_NUMBER) values (to_date('05-MAY-15','DD-MON-RR'),2,9);
Insert into HVK_PET_VACCINATION (VACCINATION_EXPIRY_DATE,VACC_VACCINATION_NUMBER,PET_PET_NUMBER) values (to_date('05-NOV-14','DD-MON-RR'),1,1);
Insert into HVK_PET_VACCINATION (VACCINATION_EXPIRY_DATE,VACC_VACCINATION_NUMBER,PET_PET_NUMBER) values (to_date('05-NOV-14','DD-MON-RR'),2,1);
Insert into HVK_PET_VACCINATION (VACCINATION_EXPIRY_DATE,VACC_VACCINATION_NUMBER,PET_PET_NUMBER) values (to_date('05-NOV-14','DD-MON-RR'),3,1);
Insert into HVK_PET_VACCINATION (VACCINATION_EXPIRY_DATE,VACC_VACCINATION_NUMBER,PET_PET_NUMBER) values (to_date('05-NOV-14','DD-MON-RR'),4,1);
Insert into HVK_PET_VACCINATION (VACCINATION_EXPIRY_DATE,VACC_VACCINATION_NUMBER,PET_PET_NUMBER) values (to_date('05-NOV-14','DD-MON-RR'),5,1);
Insert into HVK_PET_VACCINATION (VACCINATION_EXPIRY_DATE,VACC_VACCINATION_NUMBER,PET_PET_NUMBER) values (to_date('05-NOV-15','DD-MON-RR'),6,1);
Insert into HVK_PET_VACCINATION (VACCINATION_EXPIRY_DATE,VACC_VACCINATION_NUMBER,PET_PET_NUMBER) values (to_date('05-NOV-14','DD-MON-RR'),1,2);
Insert into HVK_PET_VACCINATION (VACCINATION_EXPIRY_DATE,VACC_VACCINATION_NUMBER,PET_PET_NUMBER) values (to_date('05-NOV-14','DD-MON-RR'),2,2);
Insert into HVK_PET_VACCINATION (VACCINATION_EXPIRY_DATE,VACC_VACCINATION_NUMBER,PET_PET_NUMBER) values (to_date('05-NOV-14','DD-MON-RR'),3,2);
Insert into HVK_PET_VACCINATION (VACCINATION_EXPIRY_DATE,VACC_VACCINATION_NUMBER,PET_PET_NUMBER) values (to_date('05-NOV-14','DD-MON-RR'),4,2);
Insert into HVK_PET_VACCINATION (VACCINATION_EXPIRY_DATE,VACC_VACCINATION_NUMBER,PET_PET_NUMBER) values (to_date('05-NOV-14','DD-MON-RR'),5,2);
Insert into HVK_PET_VACCINATION (VACCINATION_EXPIRY_DATE,VACC_VACCINATION_NUMBER,PET_PET_NUMBER) values (to_date('05-NOV-15','DD-MON-RR'),6,2);
Insert into HVK_PET_VACCINATION (VACCINATION_EXPIRY_DATE,VACC_VACCINATION_NUMBER,PET_PET_NUMBER) values (to_date('05-MAY-15','DD-MON-RR'),1,3);
Insert into HVK_PET_VACCINATION (VACCINATION_EXPIRY_DATE,VACC_VACCINATION_NUMBER,PET_PET_NUMBER) values (to_date('05-MAY-15','DD-MON-RR'),2,3);
Insert into HVK_PET_VACCINATION (VACCINATION_EXPIRY_DATE,VACC_VACCINATION_NUMBER,PET_PET_NUMBER) values (to_date('05-MAY-15','DD-MON-RR'),3,3);
Insert into HVK_PET_VACCINATION (VACCINATION_EXPIRY_DATE,VACC_VACCINATION_NUMBER,PET_PET_NUMBER) values (to_date('05-MAY-15','DD-MON-RR'),4,3);
Insert into HVK_PET_VACCINATION (VACCINATION_EXPIRY_DATE,VACC_VACCINATION_NUMBER,PET_PET_NUMBER) values (to_date('05-MAY-15','DD-MON-RR'),5,3);
Insert into HVK_PET_VACCINATION (VACCINATION_EXPIRY_DATE,VACC_VACCINATION_NUMBER,PET_PET_NUMBER) values (to_date('07-NOV-13','DD-MON-RR'),1,6);
Insert into HVK_PET_VACCINATION (VACCINATION_EXPIRY_DATE,VACC_VACCINATION_NUMBER,PET_PET_NUMBER) values (to_date('03-JUN-14','DD-MON-RR'),2,6);
Insert into HVK_PET_VACCINATION (VACCINATION_EXPIRY_DATE,VACC_VACCINATION_NUMBER,PET_PET_NUMBER) values (to_date('07-NOV-13','DD-MON-RR'),3,6);
Insert into HVK_PET_VACCINATION (VACCINATION_EXPIRY_DATE,VACC_VACCINATION_NUMBER,PET_PET_NUMBER) values (to_date('07-NOV-13','DD-MON-RR'),4,6);
Insert into HVK_PET_VACCINATION (VACCINATION_EXPIRY_DATE,VACC_VACCINATION_NUMBER,PET_PET_NUMBER) values (to_date('07-NOV-13','DD-MON-RR'),5,6);
Insert into HVK_PET_VACCINATION (VACCINATION_EXPIRY_DATE,VACC_VACCINATION_NUMBER,PET_PET_NUMBER) values (to_date('07-APR-15','DD-MON-RR'),6,6);
Insert into HVK_PET_VACCINATION (VACCINATION_EXPIRY_DATE,VACC_VACCINATION_NUMBER,PET_PET_NUMBER) values (to_date('07-NOV-14','DD-MON-RR'),1,7);
Insert into HVK_PET_VACCINATION (VACCINATION_EXPIRY_DATE,VACC_VACCINATION_NUMBER,PET_PET_NUMBER) values (to_date('07-NOV-14','DD-MON-RR'),2,7);
Insert into HVK_PET_VACCINATION (VACCINATION_EXPIRY_DATE,VACC_VACCINATION_NUMBER,PET_PET_NUMBER) values (to_date('07-MAR-14','DD-MON-RR'),4,7);
Insert into HVK_PET_VACCINATION (VACCINATION_EXPIRY_DATE,VACC_VACCINATION_NUMBER,PET_PET_NUMBER) values (to_date('17-JUL-15','DD-MON-RR'),6,7);
Insert into HVK_PET_VACCINATION (VACCINATION_EXPIRY_DATE,VACC_VACCINATION_NUMBER,PET_PET_NUMBER) values (to_date('05-MAY-15','DD-MON-RR'),3,9);
Insert into HVK_PET_VACCINATION (VACCINATION_EXPIRY_DATE,VACC_VACCINATION_NUMBER,PET_PET_NUMBER) values (to_date('05-MAY-15','DD-MON-RR'),4,9);
Insert into HVK_PET_VACCINATION (VACCINATION_EXPIRY_DATE,VACC_VACCINATION_NUMBER,PET_PET_NUMBER) values (to_date('05-MAY-15','DD-MON-RR'),5,9);
Insert into HVK_PET_VACCINATION (VACCINATION_EXPIRY_DATE,VACC_VACCINATION_NUMBER,PET_PET_NUMBER) values (to_date('05-MAY-15','DD-MON-RR'),1,12);
Insert into HVK_PET_VACCINATION (VACCINATION_EXPIRY_DATE,VACC_VACCINATION_NUMBER,PET_PET_NUMBER) values (to_date('05-MAY-15','DD-MON-RR'),2,12);
Insert into HVK_PET_VACCINATION (VACCINATION_EXPIRY_DATE,VACC_VACCINATION_NUMBER,PET_PET_NUMBER) values (to_date('05-MAY-15','DD-MON-RR'),3,12);
Insert into HVK_PET_VACCINATION (VACCINATION_EXPIRY_DATE,VACC_VACCINATION_NUMBER,PET_PET_NUMBER) values (to_date('05-MAY-15','DD-MON-RR'),4,12);
Insert into HVK_PET_VACCINATION (VACCINATION_EXPIRY_DATE,VACC_VACCINATION_NUMBER,PET_PET_NUMBER) values (to_date('05-MAY-15','DD-MON-RR'),5,12);
Insert into HVK_PET_VACCINATION (VACCINATION_EXPIRY_DATE,VACC_VACCINATION_NUMBER,PET_PET_NUMBER) values (to_date('05-MAY-15','DD-MON-RR'),1,11);
Insert into HVK_PET_VACCINATION (VACCINATION_EXPIRY_DATE,VACC_VACCINATION_NUMBER,PET_PET_NUMBER) values (to_date('05-MAY-15','DD-MON-RR'),2,11);
Insert into HVK_PET_VACCINATION (VACCINATION_EXPIRY_DATE,VACC_VACCINATION_NUMBER,PET_PET_NUMBER) values (to_date('05-MAY-15','DD-MON-RR'),3,11);
Insert into HVK_PET_VACCINATION (VACCINATION_EXPIRY_DATE,VACC_VACCINATION_NUMBER,PET_PET_NUMBER) values (to_date('05-MAY-15','DD-MON-RR'),4,11);
Insert into HVK_PET_VACCINATION (VACCINATION_EXPIRY_DATE,VACC_VACCINATION_NUMBER,PET_PET_NUMBER) values (to_date('05-MAY-15','DD-MON-RR'),5,11);
Insert into HVK_PET_VACCINATION (VACCINATION_EXPIRY_DATE,VACC_VACCINATION_NUMBER,PET_PET_NUMBER) values (to_date('05-MAY-15','DD-MON-RR'),1,14);
Insert into HVK_PET_VACCINATION (VACCINATION_EXPIRY_DATE,VACC_VACCINATION_NUMBER,PET_PET_NUMBER) values (to_date('05-MAY-15','DD-MON-RR'),2,14);
Insert into HVK_PET_VACCINATION (VACCINATION_EXPIRY_DATE,VACC_VACCINATION_NUMBER,PET_PET_NUMBER) values (to_date('05-MAY-15','DD-MON-RR'),3,14);
Insert into HVK_PET_VACCINATION (VACCINATION_EXPIRY_DATE,VACC_VACCINATION_NUMBER,PET_PET_NUMBER) values (to_date('05-MAY-15','DD-MON-RR'),4,14);
Insert into HVK_PET_VACCINATION (VACCINATION_EXPIRY_DATE,VACC_VACCINATION_NUMBER,PET_PET_NUMBER) values (to_date('05-MAY-15','DD-MON-RR'),5,14);
Insert into HVK_PET_VACCINATION (VACCINATION_EXPIRY_DATE,VACC_VACCINATION_NUMBER,PET_PET_NUMBER) values (to_date('21-NOV-14','DD-MON-RR'),1,16);
Insert into HVK_PET_VACCINATION (VACCINATION_EXPIRY_DATE,VACC_VACCINATION_NUMBER,PET_PET_NUMBER) values (to_date('02-NOV-14','DD-MON-RR'),3,16);
Insert into HVK_PET_VACCINATION (VACCINATION_EXPIRY_DATE,VACC_VACCINATION_NUMBER,PET_PET_NUMBER) values (to_date('21-NOV-13','DD-MON-RR'),4,16);
Insert into HVK_PET_VACCINATION (VACCINATION_EXPIRY_DATE,VACC_VACCINATION_NUMBER,PET_PET_NUMBER) values (to_date('02-DEC-15','DD-MON-RR'),1,20);
Insert into HVK_PET_VACCINATION (VACCINATION_EXPIRY_DATE,VACC_VACCINATION_NUMBER,PET_PET_NUMBER) values (to_date('02-DEC-15','DD-MON-RR'),2,20);
Insert into HVK_PET_VACCINATION (VACCINATION_EXPIRY_DATE,VACC_VACCINATION_NUMBER,PET_PET_NUMBER) values (to_date('21-NOV-15','DD-MON-RR'),5,20);
Insert into HVK_PET_VACCINATION (VACCINATION_EXPIRY_DATE,VACC_VACCINATION_NUMBER,PET_PET_NUMBER) values (to_date('08-AUG-15','DD-MON-RR'),1,26);
Insert into HVK_PET_VACCINATION (VACCINATION_EXPIRY_DATE,VACC_VACCINATION_NUMBER,PET_PET_NUMBER) values (to_date('08-AUG-15','DD-MON-RR'),2,26);
Insert into HVK_PET_VACCINATION (VACCINATION_EXPIRY_DATE,VACC_VACCINATION_NUMBER,PET_PET_NUMBER) values (to_date('08-AUG-15','DD-MON-RR'),3,26);
Insert into HVK_PET_VACCINATION (VACCINATION_EXPIRY_DATE,VACC_VACCINATION_NUMBER,PET_PET_NUMBER) values (to_date('08-AUG-15','DD-MON-RR'),4,26);
Insert into HVK_PET_VACCINATION (VACCINATION_EXPIRY_DATE,VACC_VACCINATION_NUMBER,PET_PET_NUMBER) values (to_date('08-AUG-15','DD-MON-RR'),5,26);
Insert into HVK_PET_VACCINATION (VACCINATION_EXPIRY_DATE,VACC_VACCINATION_NUMBER,PET_PET_NUMBER) values (to_date('08-AUG-15','DD-MON-RR'),6,26);
Insert into HVK_PET_VACCINATION (VACCINATION_EXPIRY_DATE,VACC_VACCINATION_NUMBER,PET_PET_NUMBER) values (to_date('08-AUG-15','DD-MON-RR'),1,27);
Insert into HVK_PET_VACCINATION (VACCINATION_EXPIRY_DATE,VACC_VACCINATION_NUMBER,PET_PET_NUMBER) values (to_date('08-AUG-15','DD-MON-RR'),2,27);
Insert into HVK_PET_VACCINATION (VACCINATION_EXPIRY_DATE,VACC_VACCINATION_NUMBER,PET_PET_NUMBER) values (to_date('08-AUG-15','DD-MON-RR'),3,27);
Insert into HVK_PET_VACCINATION (VACCINATION_EXPIRY_DATE,VACC_VACCINATION_NUMBER,PET_PET_NUMBER) values (to_date('08-AUG-15','DD-MON-RR'),4,27);
Insert into HVK_PET_VACCINATION (VACCINATION_EXPIRY_DATE,VACC_VACCINATION_NUMBER,PET_PET_NUMBER) values (to_date('08-AUG-15','DD-MON-RR'),5,27);
Insert into HVK_PET_VACCINATION (VACCINATION_EXPIRY_DATE,VACC_VACCINATION_NUMBER,PET_PET_NUMBER) values (to_date('08-AUG-15','DD-MON-RR'),6,27);
Insert into HVK_PET_VACCINATION (VACCINATION_EXPIRY_DATE,VACC_VACCINATION_NUMBER,PET_PET_NUMBER) values (to_date('08-AUG-15','DD-MON-RR'),1,28);
Insert into HVK_PET_VACCINATION (VACCINATION_EXPIRY_DATE,VACC_VACCINATION_NUMBER,PET_PET_NUMBER) values (to_date('08-AUG-15','DD-MON-RR'),2,28);
Insert into HVK_PET_VACCINATION (VACCINATION_EXPIRY_DATE,VACC_VACCINATION_NUMBER,PET_PET_NUMBER) values (to_date('08-AUG-15','DD-MON-RR'),3,28);
Insert into HVK_PET_VACCINATION (VACCINATION_EXPIRY_DATE,VACC_VACCINATION_NUMBER,PET_PET_NUMBER) values (to_date('08-AUG-15','DD-MON-RR'),4,28);
Insert into HVK_PET_VACCINATION (VACCINATION_EXPIRY_DATE,VACC_VACCINATION_NUMBER,PET_PET_NUMBER) values (to_date('08-AUG-15','DD-MON-RR'),5,28);
Insert into HVK_PET_VACCINATION (VACCINATION_EXPIRY_DATE,VACC_VACCINATION_NUMBER,PET_PET_NUMBER) values (to_date('08-AUG-15','DD-MON-RR'),6,28);
Insert into HVK_PET_VACCINATION (VACCINATION_EXPIRY_DATE,VACC_VACCINATION_NUMBER,PET_PET_NUMBER) values (to_date('08-AUG-15','DD-MON-RR'),1,29);
Insert into HVK_PET_VACCINATION (VACCINATION_EXPIRY_DATE,VACC_VACCINATION_NUMBER,PET_PET_NUMBER) values (to_date('08-AUG-15','DD-MON-RR'),2,29);
Insert into HVK_PET_VACCINATION (VACCINATION_EXPIRY_DATE,VACC_VACCINATION_NUMBER,PET_PET_NUMBER) values (to_date('08-AUG-15','DD-MON-RR'),3,29);
Insert into HVK_PET_VACCINATION (VACCINATION_EXPIRY_DATE,VACC_VACCINATION_NUMBER,PET_PET_NUMBER) values (to_date('08-AUG-15','DD-MON-RR'),4,29);
Insert into HVK_PET_VACCINATION (VACCINATION_EXPIRY_DATE,VACC_VACCINATION_NUMBER,PET_PET_NUMBER) values (to_date('08-AUG-15','DD-MON-RR'),5,29);
Insert into HVK_PET_VACCINATION (VACCINATION_EXPIRY_DATE,VACC_VACCINATION_NUMBER,PET_PET_NUMBER) values (to_date('08-AUG-15','DD-MON-RR'),6,29);
Insert into HVK_PET_VACCINATION (VACCINATION_EXPIRY_DATE,VACC_VACCINATION_NUMBER,PET_PET_NUMBER) values (to_date('08-AUG-15','DD-MON-RR'),1,30);
Insert into HVK_PET_VACCINATION (VACCINATION_EXPIRY_DATE,VACC_VACCINATION_NUMBER,PET_PET_NUMBER) values (to_date('08-AUG-15','DD-MON-RR'),2,30);
Insert into HVK_PET_VACCINATION (VACCINATION_EXPIRY_DATE,VACC_VACCINATION_NUMBER,PET_PET_NUMBER) values (to_date('08-AUG-15','DD-MON-RR'),3,30);
Insert into HVK_PET_VACCINATION (VACCINATION_EXPIRY_DATE,VACC_VACCINATION_NUMBER,PET_PET_NUMBER) values (to_date('08-AUG-15','DD-MON-RR'),4,30);
Insert into HVK_PET_VACCINATION (VACCINATION_EXPIRY_DATE,VACC_VACCINATION_NUMBER,PET_PET_NUMBER) values (to_date('08-AUG-15','DD-MON-RR'),5,30);
Insert into HVK_PET_VACCINATION (VACCINATION_EXPIRY_DATE,VACC_VACCINATION_NUMBER,PET_PET_NUMBER) values (to_date('08-AUG-15','DD-MON-RR'),6,30);
Insert into HVK_PET_VACCINATION (VACCINATION_EXPIRY_DATE,VACC_VACCINATION_NUMBER,PET_PET_NUMBER) values (to_date('08-AUG-15','DD-MON-RR'),1,31);
Insert into HVK_PET_VACCINATION (VACCINATION_EXPIRY_DATE,VACC_VACCINATION_NUMBER,PET_PET_NUMBER) values (to_date('08-AUG-15','DD-MON-RR'),2,31);
Insert into HVK_PET_VACCINATION (VACCINATION_EXPIRY_DATE,VACC_VACCINATION_NUMBER,PET_PET_NUMBER) values (to_date('08-AUG-15','DD-MON-RR'),3,31);
Insert into HVK_PET_VACCINATION (VACCINATION_EXPIRY_DATE,VACC_VACCINATION_NUMBER,PET_PET_NUMBER) values (to_date('08-AUG-15','DD-MON-RR'),4,31);
Insert into HVK_PET_VACCINATION (VACCINATION_EXPIRY_DATE,VACC_VACCINATION_NUMBER,PET_PET_NUMBER) values (to_date('08-AUG-15','DD-MON-RR'),5,31);
Insert into HVK_PET_VACCINATION (VACCINATION_EXPIRY_DATE,VACC_VACCINATION_NUMBER,PET_PET_NUMBER) values (to_date('08-AUG-15','DD-MON-RR'),6,31);
Insert into HVK_PET_VACCINATION (VACCINATION_EXPIRY_DATE,VACC_VACCINATION_NUMBER,PET_PET_NUMBER) values (to_date('08-AUG-15','DD-MON-RR'),1,32);
Insert into HVK_PET_VACCINATION (VACCINATION_EXPIRY_DATE,VACC_VACCINATION_NUMBER,PET_PET_NUMBER) values (to_date('08-AUG-15','DD-MON-RR'),2,32);
Insert into HVK_PET_VACCINATION (VACCINATION_EXPIRY_DATE,VACC_VACCINATION_NUMBER,PET_PET_NUMBER) values (to_date('08-AUG-15','DD-MON-RR'),3,32);
Insert into HVK_PET_VACCINATION (VACCINATION_EXPIRY_DATE,VACC_VACCINATION_NUMBER,PET_PET_NUMBER) values (to_date('08-AUG-15','DD-MON-RR'),4,32);
Insert into HVK_PET_VACCINATION (VACCINATION_EXPIRY_DATE,VACC_VACCINATION_NUMBER,PET_PET_NUMBER) values (to_date('08-AUG-15','DD-MON-RR'),5,32);
Insert into HVK_PET_VACCINATION (VACCINATION_EXPIRY_DATE,VACC_VACCINATION_NUMBER,PET_PET_NUMBER) values (to_date('08-AUG-15','DD-MON-RR'),6,32);
Insert into HVK_PET_VACCINATION (VACCINATION_EXPIRY_DATE,VACC_VACCINATION_NUMBER,PET_PET_NUMBER) values (to_date('17-JUL-14','DD-MON-RR'),10,4);
Insert into HVK_PET_VACCINATION (VACCINATION_EXPIRY_DATE,VACC_VACCINATION_NUMBER,PET_PET_NUMBER) values (to_date('17-JUL-14','DD-MON-RR'),7,4);
Insert into HVK_PET_VACCINATION (VACCINATION_EXPIRY_DATE,VACC_VACCINATION_NUMBER,PET_PET_NUMBER) values (to_date('17-JUL-14','DD-MON-RR'),8,4);
Insert into HVK_PET_VACCINATION (VACCINATION_EXPIRY_DATE,VACC_VACCINATION_NUMBER,PET_PET_NUMBER) values (to_date('17-JUL-14','DD-MON-RR'),9,4);
Insert into HVK_PET_VACCINATION (VACCINATION_EXPIRY_DATE,VACC_VACCINATION_NUMBER,PET_PET_NUMBER) values (to_date('17-JUL-14','DD-MON-RR'),10,5);
Insert into HVK_PET_VACCINATION (VACCINATION_EXPIRY_DATE,VACC_VACCINATION_NUMBER,PET_PET_NUMBER) values (to_date('17-JUL-13','DD-MON-RR'),9,5);
Insert into HVK_PET_VACCINATION (VACCINATION_EXPIRY_DATE,VACC_VACCINATION_NUMBER,PET_PET_NUMBER) values (to_date('13-SEP-13','DD-MON-RR'),10,8);
Insert into HVK_PET_VACCINATION (VACCINATION_EXPIRY_DATE,VACC_VACCINATION_NUMBER,PET_PET_NUMBER) values (to_date('13-SEP-13','DD-MON-RR'),7,8);
Insert into HVK_PET_VACCINATION (VACCINATION_EXPIRY_DATE,VACC_VACCINATION_NUMBER,PET_PET_NUMBER) values (to_date('13-SEP-13','DD-MON-RR'),8,8);
Insert into HVK_PET_VACCINATION (VACCINATION_EXPIRY_DATE,VACC_VACCINATION_NUMBER,PET_PET_NUMBER) values (to_date('13-SEP-13','DD-MON-RR'),9,8);
Insert into HVK_PET_VACCINATION (VACCINATION_EXPIRY_DATE,VACC_VACCINATION_NUMBER,PET_PET_NUMBER) values (to_date('02-NOV-15','DD-MON-RR'),7,36);
Insert into HVK_PET_VACCINATION (VACCINATION_EXPIRY_DATE,VACC_VACCINATION_NUMBER,PET_PET_NUMBER) values (to_date('02-NOV-15','DD-MON-RR'),8,36);
Insert into HVK_PET_VACCINATION (VACCINATION_EXPIRY_DATE,VACC_VACCINATION_NUMBER,PET_PET_NUMBER) values (to_date('02-NOV-15','DD-MON-RR'),9,36);
Insert into HVK_PET_VACCINATION (VACCINATION_EXPIRY_DATE,VACC_VACCINATION_NUMBER,PET_PET_NUMBER) values (to_date('02-NOV-15','DD-MON-RR'),10,36);
Insert into HVK_PET_VACCINATION (VACCINATION_EXPIRY_DATE,VACC_VACCINATION_NUMBER,PET_PET_NUMBER) values (to_date('02-NOV-15','DD-MON-RR'),9,37);
Insert into HVK_PET_VACCINATION (VACCINATION_EXPIRY_DATE,VACC_VACCINATION_NUMBER,PET_PET_NUMBER) values (to_date('02-NOV-15','DD-MON-RR'),8,37);
Insert into HVK_PET_VACCINATION (VACCINATION_EXPIRY_DATE,VACC_VACCINATION_NUMBER,PET_PET_NUMBER) values (to_date('02-NOV-15','DD-MON-RR'),7,37);
Insert into HVK_PET_VACCINATION (VACCINATION_EXPIRY_DATE,VACC_VACCINATION_NUMBER,PET_PET_NUMBER) values (to_date('02-NOV-13','DD-MON-RR'),7,38);
Insert into HVK_PET_VACCINATION (VACCINATION_EXPIRY_DATE,VACC_VACCINATION_NUMBER,PET_PET_NUMBER) values (to_date('02-NOV-13','DD-MON-RR'),8,38);
Insert into HVK_PET_VACCINATION (VACCINATION_EXPIRY_DATE,VACC_VACCINATION_NUMBER,PET_PET_NUMBER) values (to_date('02-NOV-13','DD-MON-RR'),10,38);
Insert into HVK_PET_VACCINATION (VACCINATION_EXPIRY_DATE,VACC_VACCINATION_NUMBER,PET_PET_NUMBER) values (to_date('05-MAY-16','DD-MON-RR'),6,13);
Insert into HVK_PET_VACCINATION (VACCINATION_EXPIRY_DATE,VACC_VACCINATION_NUMBER,PET_PET_NUMBER) values (to_date('05-MAY-16','DD-MON-RR'),6,3);
Insert into HVK_PET_VACCINATION (VACCINATION_EXPIRY_DATE,VACC_VACCINATION_NUMBER,PET_PET_NUMBER) values (to_date('05-MAY-16','DD-MON-RR'),6,9);
Insert into HVK_PET_VACCINATION (VACCINATION_EXPIRY_DATE,VACC_VACCINATION_NUMBER,PET_PET_NUMBER) values (to_date('05-MAY-16','DD-MON-RR'),6,12);
Insert into HVK_PET_VACCINATION (VACCINATION_EXPIRY_DATE,VACC_VACCINATION_NUMBER,PET_PET_NUMBER) values (to_date('05-MAY-16','DD-MON-RR'),6,11);
Insert into HVK_PET_VACCINATION (VACCINATION_EXPIRY_DATE,VACC_VACCINATION_NUMBER,PET_PET_NUMBER) values (to_date('02-FEB-16','DD-MON-RR'),6,20);
Insert into HVK_PET_VACCINATION (VACCINATION_EXPIRY_DATE,VACC_VACCINATION_NUMBER,PET_PET_NUMBER) values (to_date('02-FEB-16','DD-MON-RR'),6,16);
Insert into HVK_PET_VACCINATION (VACCINATION_EXPIRY_DATE,VACC_VACCINATION_NUMBER,PET_PET_NUMBER) values (to_date('17-JUL-12','DD-MON-RR'),8,5);
REM INSERTING into HVK_RESERVATION
SET DEFINE OFF;
Insert into HVK_RESERVATION (RESERVATION_NUMBER,RESERVATION_START_DATE,RESERVATION_END_DATE,RESERVATION_STATUS) values (800,to_date('20-APR-15','DD-MON-RR'),to_date('26-APR-15','DD-MON-RR'),1);
Insert into HVK_RESERVATION (RESERVATION_NUMBER,RESERVATION_START_DATE,RESERVATION_END_DATE,RESERVATION_STATUS) values (801,to_date('20-APR-15','DD-MON-RR'),to_date('26-APR-15','DD-MON-RR'),1);
Insert into HVK_RESERVATION (RESERVATION_NUMBER,RESERVATION_START_DATE,RESERVATION_END_DATE,RESERVATION_STATUS) values (802,to_date('20-APR-15','DD-MON-RR'),to_date('26-APR-15','DD-MON-RR'),1);
Insert into HVK_RESERVATION (RESERVATION_NUMBER,RESERVATION_START_DATE,RESERVATION_END_DATE,RESERVATION_STATUS) values (803,to_date('20-APR-15','DD-MON-RR'),to_date('26-APR-15','DD-MON-RR'),1);
Insert into HVK_RESERVATION (RESERVATION_NUMBER,RESERVATION_START_DATE,RESERVATION_END_DATE,RESERVATION_STATUS) values (804,to_date('20-JUN-15','DD-MON-RR'),to_date('26-JUN-15','DD-MON-RR'),1);
Insert into HVK_RESERVATION (RESERVATION_NUMBER,RESERVATION_START_DATE,RESERVATION_END_DATE,RESERVATION_STATUS) values (805,to_date('20-JUN-15','DD-MON-RR'),to_date('30-JUN-15','DD-MON-RR'),1);
Insert into HVK_RESERVATION (RESERVATION_NUMBER,RESERVATION_START_DATE,RESERVATION_END_DATE,RESERVATION_STATUS) values (806,to_date('23-DEC-15','DD-MON-RR'),to_date('03-JAN-16','DD-MON-RR'),1);
Insert into HVK_RESERVATION (RESERVATION_NUMBER,RESERVATION_START_DATE,RESERVATION_END_DATE,RESERVATION_STATUS) values (807,to_date('23-DEC-15','DD-MON-RR'),to_date('03-JAN-16','DD-MON-RR'),1);
Insert into HVK_RESERVATION (RESERVATION_NUMBER,RESERVATION_START_DATE,RESERVATION_END_DATE,RESERVATION_STATUS) values (100,to_date('12-JUL-13','DD-MON-RR'),to_date('19-JUL-13','DD-MON-RR'),3);
Insert into HVK_RESERVATION (RESERVATION_NUMBER,RESERVATION_START_DATE,RESERVATION_END_DATE,RESERVATION_STATUS) values (102,to_date('16-JUL-13','DD-MON-RR'),to_date('18-JUL-13','DD-MON-RR'),3);
Insert into HVK_RESERVATION (RESERVATION_NUMBER,RESERVATION_START_DATE,RESERVATION_END_DATE,RESERVATION_STATUS) values (103,to_date('01-AUG-13','DD-MON-RR'),to_date('05-SEP-13','DD-MON-RR'),3);
Insert into HVK_RESERVATION (RESERVATION_NUMBER,RESERVATION_START_DATE,RESERVATION_END_DATE,RESERVATION_STATUS) values (104,to_date('15-AUG-13','DD-MON-RR'),to_date('22-AUG-13','DD-MON-RR'),3);
Insert into HVK_RESERVATION (RESERVATION_NUMBER,RESERVATION_START_DATE,RESERVATION_END_DATE,RESERVATION_STATUS) values (105,to_date('01-NOV-13','DD-MON-RR'),to_date('20-NOV-13','DD-MON-RR'),3);
Insert into HVK_RESERVATION (RESERVATION_NUMBER,RESERVATION_START_DATE,RESERVATION_END_DATE,RESERVATION_STATUS) values (106,to_date('10-FEB-14','DD-MON-RR'),to_date('17-FEB-14','DD-MON-RR'),3);
Insert into HVK_RESERVATION (RESERVATION_NUMBER,RESERVATION_START_DATE,RESERVATION_END_DATE,RESERVATION_STATUS) values (108,to_date('28-FEB-14','DD-MON-RR'),to_date('04-MAR-14','DD-MON-RR'),3);
Insert into HVK_RESERVATION (RESERVATION_NUMBER,RESERVATION_START_DATE,RESERVATION_END_DATE,RESERVATION_STATUS) values (109,to_date('01-MAY-14','DD-MON-RR'),to_date('18-MAY-14','DD-MON-RR'),3);
Insert into HVK_RESERVATION (RESERVATION_NUMBER,RESERVATION_START_DATE,RESERVATION_END_DATE,RESERVATION_STATUS) values (110,to_date('01-MAY-14','DD-MON-RR'),to_date('18-MAY-14','DD-MON-RR'),3);
Insert into HVK_RESERVATION (RESERVATION_NUMBER,RESERVATION_START_DATE,RESERVATION_END_DATE,RESERVATION_STATUS) values (112,to_date('12-MAY-14','DD-MON-RR'),to_date('19-MAY-14','DD-MON-RR'),3);
Insert into HVK_RESERVATION (RESERVATION_NUMBER,RESERVATION_START_DATE,RESERVATION_END_DATE,RESERVATION_STATUS) values (114,to_date('15-MAY-14','DD-MON-RR'),to_date('18-MAY-14','DD-MON-RR'),3);
Insert into HVK_RESERVATION (RESERVATION_NUMBER,RESERVATION_START_DATE,RESERVATION_END_DATE,RESERVATION_STATUS) values (115,to_date('15-MAY-14','DD-MON-RR'),to_date('17-MAY-14','DD-MON-RR'),3);
Insert into HVK_RESERVATION (RESERVATION_NUMBER,RESERVATION_START_DATE,RESERVATION_END_DATE,RESERVATION_STATUS) values (120,to_date('16-MAY-14','DD-MON-RR'),to_date('18-MAY-14','DD-MON-RR'),3);
Insert into HVK_RESERVATION (RESERVATION_NUMBER,RESERVATION_START_DATE,RESERVATION_END_DATE,RESERVATION_STATUS) values (122,to_date('01-NOV-14','DD-MON-RR'),to_date('05-NOV-14','DD-MON-RR'),1);
Insert into HVK_RESERVATION (RESERVATION_NUMBER,RESERVATION_START_DATE,RESERVATION_END_DATE,RESERVATION_STATUS) values (123,to_date('01-NOV-14','DD-MON-RR'),to_date('30-NOV-14','DD-MON-RR'),1);
Insert into HVK_RESERVATION (RESERVATION_NUMBER,RESERVATION_START_DATE,RESERVATION_END_DATE,RESERVATION_STATUS) values (131,to_date('01-OCT-14','DD-MON-RR'),to_date('07-NOV-14','DD-MON-RR'),1);
Insert into HVK_RESERVATION (RESERVATION_NUMBER,RESERVATION_START_DATE,RESERVATION_END_DATE,RESERVATION_STATUS) values (136,to_date('31-OCT-14','DD-MON-RR'),to_date('09-NOV-14','DD-MON-RR'),1);
Insert into HVK_RESERVATION (RESERVATION_NUMBER,RESERVATION_START_DATE,RESERVATION_END_DATE,RESERVATION_STATUS) values (137,to_date('31-OCT-14','DD-MON-RR'),to_date('10-NOV-14','DD-MON-RR'),1);
Insert into HVK_RESERVATION (RESERVATION_NUMBER,RESERVATION_START_DATE,RESERVATION_END_DATE,RESERVATION_STATUS) values (138,to_date('31-OCT-14','DD-MON-RR'),to_date('10-NOV-14','DD-MON-RR'),1);
Insert into HVK_RESERVATION (RESERVATION_NUMBER,RESERVATION_START_DATE,RESERVATION_END_DATE,RESERVATION_STATUS) values (139,to_date('01-NOV-14','DD-MON-RR'),to_date('10-NOV-14','DD-MON-RR'),1);
Insert into HVK_RESERVATION (RESERVATION_NUMBER,RESERVATION_START_DATE,RESERVATION_END_DATE,RESERVATION_STATUS) values (140,to_date('25-OCT-14','DD-MON-RR'),to_date('10-NOV-14','DD-MON-RR'),1);
Insert into HVK_RESERVATION (RESERVATION_NUMBER,RESERVATION_START_DATE,RESERVATION_END_DATE,RESERVATION_STATUS) values (141,to_date('25-OCT-14','DD-MON-RR'),to_date('10-NOV-14','DD-MON-RR'),1);
Insert into HVK_RESERVATION (RESERVATION_NUMBER,RESERVATION_START_DATE,RESERVATION_END_DATE,RESERVATION_STATUS) values (143,to_date('03-OCT-14','DD-MON-RR'),to_date('05-OCT-14','DD-MON-RR'),3);
Insert into HVK_RESERVATION (RESERVATION_NUMBER,RESERVATION_START_DATE,RESERVATION_END_DATE,RESERVATION_STATUS) values (144,to_date('25-OCT-14','DD-MON-RR'),to_date('10-NOV-14','DD-MON-RR'),1);
Insert into HVK_RESERVATION (RESERVATION_NUMBER,RESERVATION_START_DATE,RESERVATION_END_DATE,RESERVATION_STATUS) values (145,to_date('06-NOV-14','DD-MON-RR'),to_date('08-NOV-14','DD-MON-RR'),1);
Insert into HVK_RESERVATION (RESERVATION_NUMBER,RESERVATION_START_DATE,RESERVATION_END_DATE,RESERVATION_STATUS) values (146,to_date('28-OCT-14','DD-MON-RR'),to_date('01-NOV-14','DD-MON-RR'),1);
Insert into HVK_RESERVATION (RESERVATION_NUMBER,RESERVATION_START_DATE,RESERVATION_END_DATE,RESERVATION_STATUS) values (148,to_date('09-NOV-14','DD-MON-RR'),to_date('12-NOV-14','DD-MON-RR'),1);
Insert into HVK_RESERVATION (RESERVATION_NUMBER,RESERVATION_START_DATE,RESERVATION_END_DATE,RESERVATION_STATUS) values (594,to_date('01-OCT-14','DD-MON-RR'),to_date('05-NOV-14','DD-MON-RR'),1);
Insert into HVK_RESERVATION (RESERVATION_NUMBER,RESERVATION_START_DATE,RESERVATION_END_DATE,RESERVATION_STATUS) values (595,to_date('28-DEC-14','DD-MON-RR'),to_date('01-JAN-15','DD-MON-RR'),1);
Insert into HVK_RESERVATION (RESERVATION_NUMBER,RESERVATION_START_DATE,RESERVATION_END_DATE,RESERVATION_STATUS) values (601,to_date('01-JAN-15','DD-MON-RR'),to_date('07-JAN-15','DD-MON-RR'),1);
Insert into HVK_RESERVATION (RESERVATION_NUMBER,RESERVATION_START_DATE,RESERVATION_END_DATE,RESERVATION_STATUS) values (603,to_date('01-JAN-15','DD-MON-RR'),to_date('07-JAN-15','DD-MON-RR'),1);
Insert into HVK_RESERVATION (RESERVATION_NUMBER,RESERVATION_START_DATE,RESERVATION_END_DATE,RESERVATION_STATUS) values (605,to_date('01-JAN-15','DD-MON-RR'),to_date('07-JAN-15','DD-MON-RR'),1);
Insert into HVK_RESERVATION (RESERVATION_NUMBER,RESERVATION_START_DATE,RESERVATION_END_DATE,RESERVATION_STATUS) values (615,to_date('07-DEC-14','DD-MON-RR'),to_date('14-DEC-14','DD-MON-RR'),1);
Insert into HVK_RESERVATION (RESERVATION_NUMBER,RESERVATION_START_DATE,RESERVATION_END_DATE,RESERVATION_STATUS) values (620,to_date('08-FEB-14','DD-MON-RR'),to_date('09-MAR-14','DD-MON-RR'),3);
Insert into HVK_RESERVATION (RESERVATION_NUMBER,RESERVATION_START_DATE,RESERVATION_END_DATE,RESERVATION_STATUS) values (625,to_date('15-JAN-15','DD-MON-RR'),to_date('20-JAN-15','DD-MON-RR'),1);
Insert into HVK_RESERVATION (RESERVATION_NUMBER,RESERVATION_START_DATE,RESERVATION_END_DATE,RESERVATION_STATUS) values (630,to_date('05-JAN-15','DD-MON-RR'),to_date('13-JAN-15','DD-MON-RR'),1);
Insert into HVK_RESERVATION (RESERVATION_NUMBER,RESERVATION_START_DATE,RESERVATION_END_DATE,RESERVATION_STATUS) values (631,to_date('01-NOV-13','DD-MON-RR'),to_date('04-NOV-13','DD-MON-RR'),3);
Insert into HVK_RESERVATION (RESERVATION_NUMBER,RESERVATION_START_DATE,RESERVATION_END_DATE,RESERVATION_STATUS) values (632,to_date('07-NOV-14','DD-MON-RR'),to_date('09-NOV-14','DD-MON-RR'),1);
Insert into HVK_RESERVATION (RESERVATION_NUMBER,RESERVATION_START_DATE,RESERVATION_END_DATE,RESERVATION_STATUS) values (633,to_date('07-NOV-14','DD-MON-RR'),to_date('09-NOV-14','DD-MON-RR'),1);
Insert into HVK_RESERVATION (RESERVATION_NUMBER,RESERVATION_START_DATE,RESERVATION_END_DATE,RESERVATION_STATUS) values (635,to_date('20-JAN-15','DD-MON-RR'),to_date('25-JAN-15','DD-MON-RR'),1);
Insert into HVK_RESERVATION (RESERVATION_NUMBER,RESERVATION_START_DATE,RESERVATION_END_DATE,RESERVATION_STATUS) values (636,to_date('09-NOV-14','DD-MON-RR'),to_date('12-NOV-14','DD-MON-RR'),1);
Insert into HVK_RESERVATION (RESERVATION_NUMBER,RESERVATION_START_DATE,RESERVATION_END_DATE,RESERVATION_STATUS) values (696,to_date('07-SEP-14','DD-MON-RR'),to_date('16-SEP-14','DD-MON-RR'),3);
Insert into HVK_RESERVATION (RESERVATION_NUMBER,RESERVATION_START_DATE,RESERVATION_END_DATE,RESERVATION_STATUS) values (700,to_date('10-NOV-14','DD-MON-RR'),to_date('12-NOV-14','DD-MON-RR'),1);
Insert into HVK_RESERVATION (RESERVATION_NUMBER,RESERVATION_START_DATE,RESERVATION_END_DATE,RESERVATION_STATUS) values (701,to_date('10-NOV-14','DD-MON-RR'),to_date('12-NOV-14','DD-MON-RR'),1);
Insert into HVK_RESERVATION (RESERVATION_NUMBER,RESERVATION_START_DATE,RESERVATION_END_DATE,RESERVATION_STATUS) values (702,to_date('10-NOV-14','DD-MON-RR'),to_date('12-NOV-14','DD-MON-RR'),1);
Insert into HVK_RESERVATION (RESERVATION_NUMBER,RESERVATION_START_DATE,RESERVATION_END_DATE,RESERVATION_STATUS) values (703,to_date('10-NOV-14','DD-MON-RR'),to_date('12-NOV-14','DD-MON-RR'),1);
Insert into HVK_RESERVATION (RESERVATION_NUMBER,RESERVATION_START_DATE,RESERVATION_END_DATE,RESERVATION_STATUS) values (704,to_date('10-NOV-14','DD-MON-RR'),to_date('12-NOV-14','DD-MON-RR'),1);
Insert into HVK_RESERVATION (RESERVATION_NUMBER,RESERVATION_START_DATE,RESERVATION_END_DATE,RESERVATION_STATUS) values (705,to_date('10-NOV-14','DD-MON-RR'),to_date('12-NOV-14','DD-MON-RR'),1);
Insert into HVK_RESERVATION (RESERVATION_NUMBER,RESERVATION_START_DATE,RESERVATION_END_DATE,RESERVATION_STATUS) values (707,to_date('15-JAN-15','DD-MON-RR'),to_date('20-JAN-15','DD-MON-RR'),1);
Insert into HVK_RESERVATION (RESERVATION_NUMBER,RESERVATION_START_DATE,RESERVATION_END_DATE,RESERVATION_STATUS) values (708,to_date('15-FEB-15','DD-MON-RR'),to_date('20-FEB-15','DD-MON-RR'),1);
Insert into HVK_RESERVATION (RESERVATION_NUMBER,RESERVATION_START_DATE,RESERVATION_END_DATE,RESERVATION_STATUS) values (709,to_date('15-FEB-15','DD-MON-RR'),to_date('20-FEB-15','DD-MON-RR'),1);
Insert into HVK_RESERVATION (RESERVATION_NUMBER,RESERVATION_START_DATE,RESERVATION_END_DATE,RESERVATION_STATUS) values (711,to_date('15-FEB-15','DD-MON-RR'),to_date('20-FEB-15','DD-MON-RR'),1);
Insert into HVK_RESERVATION (RESERVATION_NUMBER,RESERVATION_START_DATE,RESERVATION_END_DATE,RESERVATION_STATUS) values (712,to_date('15-FEB-15','DD-MON-RR'),to_date('20-FEB-15','DD-MON-RR'),1);
Insert into HVK_RESERVATION (RESERVATION_NUMBER,RESERVATION_START_DATE,RESERVATION_END_DATE,RESERVATION_STATUS) values (713,to_date('10-FEB-15','DD-MON-RR'),to_date('25-FEB-15','DD-MON-RR'),1);
Insert into HVK_RESERVATION (RESERVATION_NUMBER,RESERVATION_START_DATE,RESERVATION_END_DATE,RESERVATION_STATUS) values (716,to_date('10-FEB-15','DD-MON-RR'),to_date('25-FEB-15','DD-MON-RR'),1);
Insert into HVK_RESERVATION (RESERVATION_NUMBER,RESERVATION_START_DATE,RESERVATION_END_DATE,RESERVATION_STATUS) values (717,to_date('10-FEB-15','DD-MON-RR'),to_date('25-FEB-15','DD-MON-RR'),1);
Insert into HVK_RESERVATION (RESERVATION_NUMBER,RESERVATION_START_DATE,RESERVATION_END_DATE,RESERVATION_STATUS) values (720,to_date('25-FEB-15','DD-MON-RR'),to_date('28-FEB-15','DD-MON-RR'),1);
Insert into HVK_RESERVATION (RESERVATION_NUMBER,RESERVATION_START_DATE,RESERVATION_END_DATE,RESERVATION_STATUS) values (721,to_date('05-FEB-15','DD-MON-RR'),to_date('09-FEB-15','DD-MON-RR'),1);
Insert into HVK_RESERVATION (RESERVATION_NUMBER,RESERVATION_START_DATE,RESERVATION_END_DATE,RESERVATION_STATUS) values (722,to_date('22-DEC-14','DD-MON-RR'),to_date('03-JAN-15','DD-MON-RR'),1);
Insert into HVK_RESERVATION (RESERVATION_NUMBER,RESERVATION_START_DATE,RESERVATION_END_DATE,RESERVATION_STATUS) values (723,to_date('22-DEC-13','DD-MON-RR'),to_date('03-JAN-14','DD-MON-RR'),3);
Insert into HVK_RESERVATION (RESERVATION_NUMBER,RESERVATION_START_DATE,RESERVATION_END_DATE,RESERVATION_STATUS) values (724,to_date('22-DEC-14','DD-MON-RR'),to_date('03-JAN-15','DD-MON-RR'),1);
Insert into HVK_RESERVATION (RESERVATION_NUMBER,RESERVATION_START_DATE,RESERVATION_END_DATE,RESERVATION_STATUS) values (5,to_date('15-NOV-14','DD-MON-RR'),to_date('17-NOV-14','DD-MON-RR'),1);
Insert into HVK_RESERVATION (RESERVATION_NUMBER,RESERVATION_START_DATE,RESERVATION_END_DATE,RESERVATION_STATUS) values (11,to_date('15-NOV-14','DD-MON-RR'),to_date('17-NOV-14','DD-MON-RR'),1);
Insert into HVK_RESERVATION (RESERVATION_NUMBER,RESERVATION_START_DATE,RESERVATION_END_DATE,RESERVATION_STATUS) values (725,to_date('23-DEC-14','DD-MON-RR'),to_date('02-JAN-15','DD-MON-RR'),1);
Insert into HVK_RESERVATION (RESERVATION_NUMBER,RESERVATION_START_DATE,RESERVATION_END_DATE,RESERVATION_STATUS) values (808,to_date('31-OCT-15','DD-MON-RR'),to_date('12-NOV-15','DD-MON-RR'),1);
Insert into HVK_RESERVATION (RESERVATION_NUMBER,RESERVATION_START_DATE,RESERVATION_END_DATE,RESERVATION_STATUS) values (809,to_date('02-MAY-15','DD-MON-RR'),to_date('09-MAY-15','DD-MON-RR'),1);
Insert into HVK_RESERVATION (RESERVATION_NUMBER,RESERVATION_START_DATE,RESERVATION_END_DATE,RESERVATION_STATUS) values (810,to_date('12-JAN-15','DD-MON-RR'),to_date('17-JAN-15','DD-MON-RR'),1);
Insert into HVK_RESERVATION (RESERVATION_NUMBER,RESERVATION_START_DATE,RESERVATION_END_DATE,RESERVATION_STATUS) values (811,to_date('26-APR-15','DD-MON-RR'),to_date('05-MAY-15','DD-MON-RR'),1);
REM INSERTING into HVK_RESERVATION_DISCOUNT
SET DEFINE OFF;
Insert into HVK_RESERVATION_DISCOUNT (DISC_DISCOUNT_NUMBER,RES_RESERVATION_NUMBER) values (2,713);
Insert into HVK_RESERVATION_DISCOUNT (DISC_DISCOUNT_NUMBER,RES_RESERVATION_NUMBER) values (2,717);
REM INSERTING into HVK_RUN
SET DEFINE OFF;
Insert into HVK_RUN (RUN_NUMBER,RUN_SIZE,RUN_COVERED,RUN_LOCATION,RUN_STATUS) values (1,'R','F','F',1);
Insert into HVK_RUN (RUN_NUMBER,RUN_SIZE,RUN_COVERED,RUN_LOCATION,RUN_STATUS) values (2,'R','F','F',1);
Insert into HVK_RUN (RUN_NUMBER,RUN_SIZE,RUN_COVERED,RUN_LOCATION,RUN_STATUS) values (13,'L','F','F',1);
Insert into HVK_RUN (RUN_NUMBER,RUN_SIZE,RUN_COVERED,RUN_LOCATION,RUN_STATUS) values (14,'L','F','F',1);
Insert into HVK_RUN (RUN_NUMBER,RUN_SIZE,RUN_COVERED,RUN_LOCATION,RUN_STATUS) values (21,'L','F','B',1);
Insert into HVK_RUN (RUN_NUMBER,RUN_SIZE,RUN_COVERED,RUN_LOCATION,RUN_STATUS) values (22,'L','F','B',1);
Insert into HVK_RUN (RUN_NUMBER,RUN_SIZE,RUN_COVERED,RUN_LOCATION,RUN_STATUS) values (27,'L','T','B',1);
Insert into HVK_RUN (RUN_NUMBER,RUN_SIZE,RUN_COVERED,RUN_LOCATION,RUN_STATUS) values (28,'L','T','B',1);
Insert into HVK_RUN (RUN_NUMBER,RUN_SIZE,RUN_COVERED,RUN_LOCATION,RUN_STATUS) values (29,'R','T','B',1);
Insert into HVK_RUN (RUN_NUMBER,RUN_SIZE,RUN_COVERED,RUN_LOCATION,RUN_STATUS) values (30,'R','T','B',1);
Insert into HVK_RUN (RUN_NUMBER,RUN_SIZE,RUN_COVERED,RUN_LOCATION,RUN_STATUS) values (35,'R','F','B',1);
Insert into HVK_RUN (RUN_NUMBER,RUN_SIZE,RUN_COVERED,RUN_LOCATION,RUN_STATUS) values (36,'R','F','B',1);
REM INSERTING into HVK_SERVICE
SET DEFINE OFF;
Insert into HVK_SERVICE (SERVICE_NUMBER,SERVICE_DESCRIPTION) values (1,'Boarding');
Insert into HVK_SERVICE (SERVICE_NUMBER,SERVICE_DESCRIPTION) values (2,'Walk');
Insert into HVK_SERVICE (SERVICE_NUMBER,SERVICE_DESCRIPTION) values (3,'Grooming');
Insert into HVK_SERVICE (SERVICE_NUMBER,SERVICE_DESCRIPTION) values (4,'Medication');
Insert into HVK_SERVICE (SERVICE_NUMBER,SERVICE_DESCRIPTION) values (5,'Playtime');
Insert into HVK_SERVICE (SERVICE_NUMBER,SERVICE_DESCRIPTION) values (6,'Bath');
REM INSERTING into HVK_SPECIAL_NOTES
SET DEFINE OFF;
Insert into HVK_SPECIAL_NOTES (SPECIAL_NOTES,PET_PET_NUMBER) values ('Scrabble is terrified of hot air balloons',1);
Insert into HVK_SPECIAL_NOTES (SPECIAL_NOTES,PET_PET_NUMBER) values ('Archie is extremely shy and very timid around other dogs - she does not do well in an open playtime.',2);
Insert into HVK_SPECIAL_NOTES (SPECIAL_NOTES,PET_PET_NUMBER) values ('Huxley has an uncontrollable tendency to quote Shakespeare',6);
REM INSERTING into HVK_VACCINATION
SET DEFINE OFF;
Insert into HVK_VACCINATION (VACCINATION_NUMBER,VACCINATION_PET_TYPE,VACCINATION_NAME) values (1,'D','Bordetella');
Insert into HVK_VACCINATION (VACCINATION_NUMBER,VACCINATION_PET_TYPE,VACCINATION_NAME) values (2,'D','Distemper');
Insert into HVK_VACCINATION (VACCINATION_NUMBER,VACCINATION_PET_TYPE,VACCINATION_NAME) values (3,'D','Hepatitis');
Insert into HVK_VACCINATION (VACCINATION_NUMBER,VACCINATION_PET_TYPE,VACCINATION_NAME) values (4,'D','Parainfluenza');
Insert into HVK_VACCINATION (VACCINATION_NUMBER,VACCINATION_PET_TYPE,VACCINATION_NAME) values (5,'D','Parovirus');
Insert into HVK_VACCINATION (VACCINATION_NUMBER,VACCINATION_PET_TYPE,VACCINATION_NAME) values (6,'D','Rabies');
Insert into HVK_VACCINATION (VACCINATION_NUMBER,VACCINATION_PET_TYPE,VACCINATION_NAME) values (10,'C','Rabies');
Insert into HVK_VACCINATION (VACCINATION_NUMBER,VACCINATION_PET_TYPE,VACCINATION_NAME) values (7,'C','Panleukopenia');
Insert into HVK_VACCINATION (VACCINATION_NUMBER,VACCINATION_PET_TYPE,VACCINATION_NAME) values (8,'C','Rhinotracheitis');
Insert into HVK_VACCINATION (VACCINATION_NUMBER,VACCINATION_PET_TYPE,VACCINATION_NAME) values (9,'C','Calicivirus');
REM INSERTING into HVK_VETERINARIAN
SET DEFINE OFF;
Insert into HVK_VETERINARIAN (VET_NUMBER,VET_NAME,VET_PHONE,VET_STREET,VET_CITY,VET_PROVINCE,VET_POSTAL_CODE) values (5,'Dr. Frankenstein','8888888888',null,null,'QC',null);
Insert into HVK_VETERINARIAN (VET_NUMBER,VET_NAME,VET_PHONE,VET_STREET,VET_CITY,VET_PROVINCE,VET_POSTAL_CODE) values (6,'Dr. Jorge Potter','1234567890',null,null,'QC',null);
Insert into HVK_VETERINARIAN (VET_NUMBER,VET_NAME,VET_PHONE,VET_STREET,VET_CITY,VET_PROVINCE,VET_POSTAL_CODE) values (7,'Dr. Akura Petforu','1234567890',null,null,'QC',null);
Insert into HVK_VETERINARIAN (VET_NUMBER,VET_NAME,VET_PHONE,VET_STREET,VET_CITY,VET_PROVINCE,VET_POSTAL_CODE) values (1,'Dr. I. Care','8195552122',null,null,'QC',null);
Insert into HVK_VETERINARIAN (VET_NUMBER,VET_NAME,VET_PHONE,VET_STREET,VET_CITY,VET_PROVINCE,VET_POSTAL_CODE) values (2,'Dr. Sandy Beech','8195559238',null,null,'QC',null);
--------------------------------------------------------
--  DDL for Index CAT_PK
--------------------------------------------------------

  CREATE UNIQUE INDEX CAT_PK ON HVK_CAT (PET_PET_NUMBER)
--------------------------------------------------------
--  DDL for Index CAT_SUITE_PK
--------------------------------------------------------

  CREATE UNIQUE INDEX CAT_SUITE_PK ON HVK_CAT_SUITE (CAT_SUITE_NUMBER)
--------------------------------------------------------
--  DDL for Index CAT_SUITE_TYPE_PK
--------------------------------------------------------

  CREATE UNIQUE INDEX CAT_SUITE_TYPE_PK ON HVK_CAT_SUITE_TYPE (CAT_SUITE_TYPE_NUMBER)
--------------------------------------------------------
--  DDL for Index DAILY_RATE_PK
--------------------------------------------------------

  CREATE UNIQUE INDEX DAILY_RATE_PK ON HVK_DAILY_RATE (DAILY_RATE_NUMBER)
--------------------------------------------------------
--  DDL for Index DISCOUNT_PK
--------------------------------------------------------

  CREATE UNIQUE INDEX DISCOUNT_PK ON HVK_DISCOUNT (DISCOUNT_NUMBER)
--------------------------------------------------------
--  DDL for Index DOG_PK
--------------------------------------------------------

  CREATE UNIQUE INDEX DOG_PK ON HVK_DOG (PET_PET_NUMBER)
--------------------------------------------------------
--  DDL for Index FOOD_PK
--------------------------------------------------------

  CREATE UNIQUE INDEX FOOD_PK ON HVK_FOOD (FOOD_NUMBER)
--------------------------------------------------------
--  DDL for Index KENNEL_LOG_PK
--------------------------------------------------------

  CREATE UNIQUE INDEX KENNEL_LOG_PK ON HVK_KENNEL_LOG (KENNEL_LOG_DATE, KENNEL_LOG_SEQUENCE_NUMBER, PR_PET_RES_NUMBER)
--------------------------------------------------------
--  DDL for Index MEDICATION_PK
--------------------------------------------------------

  CREATE UNIQUE INDEX MEDICATION_PK ON HVK_MEDICATION (MEDICATION_NUMBER)
--------------------------------------------------------
--  DDL for Index OWNER_PK
--------------------------------------------------------

  CREATE UNIQUE INDEX OWNER_PK ON HVK_OWNER (OWNER_NUMBER)
--------------------------------------------------------
--  DDL for Index PET_FOOD_PK
--------------------------------------------------------

  CREATE UNIQUE INDEX PET_FOOD_PK ON HVK_PET_FOOD (PR_PET_RES_NUMBER, FOOD_FOOD_NUMBER)
--------------------------------------------------------
--  DDL for Index PET_PK
--------------------------------------------------------

  CREATE UNIQUE INDEX PET_PK ON HVK_PET (PET_NUMBER)
--------------------------------------------------------
--  DDL for Index PET_RESERVATION_PK
--------------------------------------------------------

  CREATE UNIQUE INDEX PET_RESERVATION_PK ON HVK_PET_RESERVATION (PET_RES_NUMBER)
--------------------------------------------------------
--  DDL for Index PET_RESERVATION_SERVICE_PK
--------------------------------------------------------

  CREATE UNIQUE INDEX PET_RESERVATION_SERVICE_PK ON HVK_PET_RESERVATION_SERVICE (PR_PET_RES_NUMBER, SERV_SERVICE_NUMBER)
--------------------------------------------------------
--  DDL for Index PET_RES_DISC_PK
--------------------------------------------------------

  CREATE UNIQUE INDEX PET_RES_DISC_PK ON HVK_PET_RESERVATION_DISCOUNT (DISC_DISCOUNT_NUMBER, PR_PET_RES_NUMBER)
--------------------------------------------------------
--  DDL for Index PET_VACCINATION_PK
--------------------------------------------------------

  CREATE UNIQUE INDEX PET_VACCINATION_PK ON HVK_PET_VACCINATION (VACC_VACCINATION_NUMBER, PET_PET_NUMBER)
--------------------------------------------------------
--  DDL for Index PR__IDX
--------------------------------------------------------

  CREATE UNIQUE INDEX PR__IDX ON HVK_PET_RESERVATION (PR_SHARING_WITH)
--------------------------------------------------------
--  DDL for Index RESERVATION_PK
--------------------------------------------------------

  CREATE UNIQUE INDEX RESERVATION_PK ON HVK_RESERVATION (RESERVATION_NUMBER)
--------------------------------------------------------
--  DDL for Index RES_DISC_PK
--------------------------------------------------------

  CREATE UNIQUE INDEX RES_DISC_PK ON HVK_RESERVATION_DISCOUNT (DISC_DISCOUNT_NUMBER, RES_RESERVATION_NUMBER)
--------------------------------------------------------
--  DDL for Index RUN_PK
--------------------------------------------------------

  CREATE UNIQUE INDEX RUN_PK ON HVK_RUN (RUN_NUMBER)
--------------------------------------------------------
--  DDL for Index SERVICE_PK
--------------------------------------------------------

  CREATE UNIQUE INDEX SERVICE_PK ON HVK_SERVICE (SERVICE_NUMBER)
--------------------------------------------------------
--  DDL for Index SPECIAL_NOTES_PK
--------------------------------------------------------

  CREATE UNIQUE INDEX SPECIAL_NOTES_PK ON HVK_SPECIAL_NOTES (PET_PET_NUMBER)
--------------------------------------------------------
--  DDL for Index VACCINATION_PK
--------------------------------------------------------

  CREATE UNIQUE INDEX VACCINATION_PK ON HVK_VACCINATION (VACCINATION_NUMBER)
--------------------------------------------------------
--  DDL for Index VETERINARIAN_PK
--------------------------------------------------------

  CREATE UNIQUE INDEX VETERINARIAN_PK ON HVK_VETERINARIAN (VET_NUMBER)
--------------------------------------------------------
--  Constraints for Table HVK_CAT
--------------------------------------------------------

  ALTER TABLE HVK_CAT ADD CONSTRAINT CAT_PK PRIMARY KEY (PET_PET_NUMBER) ENABLE
 
  ALTER TABLE HVK_CAT MODIFY (PET_PET_NUMBER NOT NULL ENABLE)
 
  ALTER TABLE HVK_CAT ADD CHECK ( CAT_DECLAWED       IN ('F', 'T')) ENABLE
 
  ALTER TABLE HVK_CAT ADD CHECK ( CAT_INDOOR_OUTDOOR IN ('F', 'T')) ENABLE
--------------------------------------------------------
--  Constraints for Table HVK_CAT_SUITE
--------------------------------------------------------

  ALTER TABLE HVK_CAT_SUITE ADD CONSTRAINT CAT_SUITE_PK PRIMARY KEY (CAT_SUITE_NUMBER) ENABLE
 
  ALTER TABLE HVK_CAT_SUITE ADD CONSTRAINT CAT_SUITE_STATUS_CK CHECK ( SUITE_STATUS IN (1, 2, 3, 4)) ENABLE
 
  ALTER TABLE HVK_CAT_SUITE MODIFY (CAT_SUITE_NUMBER NOT NULL ENABLE)
 
  ALTER TABLE HVK_CAT_SUITE MODIFY (SUITE_STATUS NOT NULL ENABLE)
 
  ALTER TABLE HVK_CAT_SUITE MODIFY (CST_CAT_SUITE_TYPE_NUMBER NOT NULL ENABLE)
--------------------------------------------------------
--  Constraints for Table HVK_CAT_SUITE_TYPE
--------------------------------------------------------

  ALTER TABLE HVK_CAT_SUITE_TYPE ADD CONSTRAINT CAT_SUITE_TYPE_PK PRIMARY KEY (CAT_SUITE_TYPE_NUMBER) ENABLE
 
  ALTER TABLE HVK_CAT_SUITE_TYPE ADD CONSTRAINT CS_MAX_OCCUPANCY_CHK CHECK ( CAT_SUITE_MAXIMUM_OCCUPANCY IN (1, 2)) ENABLE
 
  ALTER TABLE HVK_CAT_SUITE_TYPE MODIFY (CAT_SUITE_TYPE_NUMBER NOT NULL ENABLE)
 
  ALTER TABLE HVK_CAT_SUITE_TYPE MODIFY (CAT_SUITE_MAXIMUM_OCCUPANCY NOT NULL ENABLE)
 
  ALTER TABLE HVK_CAT_SUITE_TYPE MODIFY (SUITE_DESCRIPTION NOT NULL ENABLE)
--------------------------------------------------------
--  Constraints for Table HVK_DAILY_RATE
--------------------------------------------------------

  ALTER TABLE HVK_DAILY_RATE ADD CONSTRAINT DAILY_RATE_PK PRIMARY KEY (DAILY_RATE_NUMBER) ENABLE
 
  ALTER TABLE HVK_DAILY_RATE ADD CONSTRAINT DR_NUM_CATS_CHK CHECK ( DAILY_RATE_NUMBER_OF_CATS IN (1, 2)) ENABLE
 
  ALTER TABLE HVK_DAILY_RATE MODIFY (DAILY_RATE_NUMBER NOT NULL ENABLE)
 
  ALTER TABLE HVK_DAILY_RATE MODIFY (DAILY_RATE NOT NULL ENABLE)
 
  ALTER TABLE HVK_DAILY_RATE MODIFY (DAILY_RATE_PET_TYPE NOT NULL ENABLE)
 
  ALTER TABLE HVK_DAILY_RATE ADD CHECK ( DAILY_RATE_PET_TYPE                                  IN ('C', 'D')) ENABLE
 
  ALTER TABLE HVK_DAILY_RATE ADD CHECK ( DAILY_RATE_DOG_SIZE                                  IN ('L', 'M', 'S')) ENABLE
--------------------------------------------------------
--  Constraints for Table HVK_DISCOUNT
--------------------------------------------------------

  ALTER TABLE HVK_DISCOUNT ADD CONSTRAINT DISCOUNT_PK PRIMARY KEY (DISCOUNT_NUMBER) ENABLE
 
  ALTER TABLE HVK_DISCOUNT ADD CONSTRAINT DISCOUNT_TYPE_CHK CHECK ( DISCOUNT_TYPE IN ('D', 'T')) ENABLE
 
  ALTER TABLE HVK_DISCOUNT MODIFY (DISCOUNT_NUMBER NOT NULL ENABLE)
 
  ALTER TABLE HVK_DISCOUNT MODIFY (DISCOUNT_DESCRIPTION NOT NULL ENABLE)
 
  ALTER TABLE HVK_DISCOUNT MODIFY (DISCOUNT_PERCENTAGE NOT NULL ENABLE)
 
  ALTER TABLE HVK_DISCOUNT MODIFY (DISCOUNT_TYPE NOT NULL ENABLE)
--------------------------------------------------------
--  Constraints for Table HVK_DOG
--------------------------------------------------------

  ALTER TABLE HVK_DOG ADD CONSTRAINT DOG_PK PRIMARY KEY (PET_PET_NUMBER) ENABLE
 
  ALTER TABLE HVK_DOG MODIFY (PET_PET_NUMBER NOT NULL ENABLE)
 
  ALTER TABLE HVK_DOG ADD CHECK (DOG_SIZE='L' OR DOG_SIZE='M' OR DOG_SIZE='S') ENABLE
--------------------------------------------------------
--  Constraints for Table HVK_FOOD
--------------------------------------------------------

  ALTER TABLE HVK_FOOD ADD CONSTRAINT FOOD_PK PRIMARY KEY (FOOD_NUMBER) ENABLE
 
  ALTER TABLE HVK_FOOD MODIFY (FOOD_NUMBER NOT NULL ENABLE)
 
  ALTER TABLE HVK_FOOD MODIFY (FOOD_BRAND NOT NULL ENABLE)
 
  ALTER TABLE HVK_FOOD MODIFY (FOOD_PET_TYPE NOT NULL ENABLE)
 
  ALTER TABLE HVK_FOOD ADD CHECK ( FOOD_PET_TYPE IN ('C', 'D')) ENABLE
--------------------------------------------------------
--  Constraints for Table HVK_KENNEL_LOG
--------------------------------------------------------

  ALTER TABLE HVK_KENNEL_LOG ADD CONSTRAINT KENNEL_LOG_PK PRIMARY KEY (KENNEL_LOG_DATE, KENNEL_LOG_SEQUENCE_NUMBER, PR_PET_RES_NUMBER) ENABLE
 
  ALTER TABLE HVK_KENNEL_LOG MODIFY (KENNEL_LOG_DATE NOT NULL ENABLE)
 
  ALTER TABLE HVK_KENNEL_LOG MODIFY (KENNEL_LOG_SEQUENCE_NUMBER NOT NULL ENABLE)
 
  ALTER TABLE HVK_KENNEL_LOG MODIFY (KENNEL_LOG_NOTES NOT NULL ENABLE)
 
  ALTER TABLE HVK_KENNEL_LOG MODIFY (PR_PET_RES_NUMBER NOT NULL ENABLE)
--------------------------------------------------------
--  Constraints for Table HVK_MEDICATION
--------------------------------------------------------

  ALTER TABLE HVK_MEDICATION ADD CONSTRAINT MEDICATION_PK PRIMARY KEY (MEDICATION_NUMBER) ENABLE
 
  ALTER TABLE HVK_MEDICATION MODIFY (MEDICATION_NUMBER NOT NULL ENABLE)
 
  ALTER TABLE HVK_MEDICATION MODIFY (MEDICATION_NAME NOT NULL ENABLE)
 
  ALTER TABLE HVK_MEDICATION MODIFY (PR_PET_RES_NUMBER NOT NULL ENABLE)
--------------------------------------------------------
--  Constraints for Table HVK_OWNER
--------------------------------------------------------

  ALTER TABLE HVK_OWNER ADD CONSTRAINT OWNER_PK PRIMARY KEY (OWNER_NUMBER) ENABLE
 
  ALTER TABLE HVK_OWNER MODIFY (OWNER_NUMBER NOT NULL ENABLE)
 
  ALTER TABLE HVK_OWNER MODIFY (OWNER_FIRST_NAME NOT NULL ENABLE)
 
  ALTER TABLE HVK_OWNER MODIFY (OWNER_LAST_NAME NOT NULL ENABLE)
 
  ALTER TABLE HVK_OWNER ADD CHECK ( OWNER_PROVINCE IN ('ON', 'QC')) ENABLE
--------------------------------------------------------
--  Constraints for Table HVK_PET
--------------------------------------------------------

  ALTER TABLE HVK_PET ADD CONSTRAINT PET_PK PRIMARY KEY (PET_NUMBER) ENABLE
 
  ALTER TABLE HVK_PET MODIFY (PET_NUMBER NOT NULL ENABLE)
 
  ALTER TABLE HVK_PET MODIFY (PET_NAME NOT NULL ENABLE)
 
  ALTER TABLE HVK_PET MODIFY (PET_GENDER NOT NULL ENABLE)
 
  ALTER TABLE HVK_PET MODIFY (PET_FIXED NOT NULL ENABLE)
 
  ALTER TABLE HVK_PET MODIFY (OWN_OWNER_NUMBER NOT NULL ENABLE)
 
  ALTER TABLE HVK_PET ADD CONSTRAINT SYS_C00262057 CHECK (PET_GENDER IN ('F', 'M')) ENABLE
 
  ALTER TABLE HVK_PET ADD CONSTRAINT SYS_C00262058 CHECK (PET_FIXED  IN ('F', 'T')) ENABLE
--------------------------------------------------------
--  Constraints for Table HVK_PET_FOOD
--------------------------------------------------------

  ALTER TABLE HVK_PET_FOOD ADD CONSTRAINT PET_FOOD_PK PRIMARY KEY (PR_PET_RES_NUMBER, FOOD_FOOD_NUMBER) ENABLE
 
  ALTER TABLE HVK_PET_FOOD MODIFY (PET_FOOD_FREQUENCY NOT NULL ENABLE)
 
  ALTER TABLE HVK_PET_FOOD MODIFY (PR_PET_RES_NUMBER NOT NULL ENABLE)
 
  ALTER TABLE HVK_PET_FOOD MODIFY (FOOD_FOOD_NUMBER NOT NULL ENABLE)
 
  ALTER TABLE HVK_PET_FOOD ADD CHECK ( PET_FOOD_FREQUENCY IN (1, 2)) ENABLE
--------------------------------------------------------
--  Constraints for Table HVK_PET_RESERVATION
--------------------------------------------------------

  ALTER TABLE HVK_PET_RESERVATION ADD CONSTRAINT FKARC_3 CHECK ( ( (RUN_RUN_NUMBER IS NOT NULL) AND (CS_CAT_SUITE_NUMBER IS NULL) ) OR ( (CS_CAT_SUITE_NUMBER IS NOT NULL) AND (RUN_RUN_NUMBER IS NULL) ) OR ( (RUN_RUN_NUMBER IS NULL) AND (CS_CAT_SUITE_NUMBER IS NULL) ) ) ENABLE
 
  ALTER TABLE HVK_PET_RESERVATION ADD CONSTRAINT PET_RESERVATION_PK PRIMARY KEY (PET_RES_NUMBER) ENABLE
 
  ALTER TABLE HVK_PET_RESERVATION MODIFY (PET_RES_NUMBER NOT NULL ENABLE)
 
  ALTER TABLE HVK_PET_RESERVATION MODIFY (PET_PET_NUMBER NOT NULL ENABLE)
 
  ALTER TABLE HVK_PET_RESERVATION MODIFY (RES_RESERVATION_NUMBER NOT NULL ENABLE)
--------------------------------------------------------
--  Constraints for Table HVK_PET_RESERVATION_DISCOUNT
--------------------------------------------------------

  ALTER TABLE HVK_PET_RESERVATION_DISCOUNT ADD CONSTRAINT PET_RES_DISC_PK PRIMARY KEY (DISC_DISCOUNT_NUMBER, PR_PET_RES_NUMBER) ENABLE
 
  ALTER TABLE HVK_PET_RESERVATION_DISCOUNT MODIFY (DISC_DISCOUNT_NUMBER NOT NULL ENABLE)
 
  ALTER TABLE HVK_PET_RESERVATION_DISCOUNT MODIFY (PR_PET_RES_NUMBER NOT NULL ENABLE)
--------------------------------------------------------
--  Constraints for Table HVK_PET_RESERVATION_SERVICE
--------------------------------------------------------

  ALTER TABLE HVK_PET_RESERVATION_SERVICE ADD CONSTRAINT PET_RESERVATION_SERVICE_PK PRIMARY KEY (PR_PET_RES_NUMBER, SERV_SERVICE_NUMBER) ENABLE
 
  ALTER TABLE HVK_PET_RESERVATION_SERVICE MODIFY (PR_PET_RES_NUMBER NOT NULL ENABLE)
 
  ALTER TABLE HVK_PET_RESERVATION_SERVICE MODIFY (SERV_SERVICE_NUMBER NOT NULL ENABLE)
--------------------------------------------------------
--  Constraints for Table HVK_PET_VACCINATION
--------------------------------------------------------

  ALTER TABLE HVK_PET_VACCINATION ADD CONSTRAINT PET_VACCINATION_PK PRIMARY KEY (VACC_VACCINATION_NUMBER, PET_PET_NUMBER) ENABLE
 
  ALTER TABLE HVK_PET_VACCINATION MODIFY (VACCINATION_EXPIRY_DATE NOT NULL ENABLE)
 
  ALTER TABLE HVK_PET_VACCINATION MODIFY (VACC_VACCINATION_NUMBER NOT NULL ENABLE)
 
  ALTER TABLE HVK_PET_VACCINATION MODIFY (PET_PET_NUMBER NOT NULL ENABLE)
--------------------------------------------------------
--  Constraints for Table HVK_RESERVATION
--------------------------------------------------------

  ALTER TABLE HVK_RESERVATION ADD CONSTRAINT RESERVATION_PK PRIMARY KEY (RESERVATION_NUMBER) ENABLE
 
  ALTER TABLE HVK_RESERVATION ADD CONSTRAINT RES_STATUS_CHK CHECK ( RESERVATION_STATUS IN (1, 2, 3, 4)) ENABLE
 
  ALTER TABLE HVK_RESERVATION MODIFY (RESERVATION_NUMBER NOT NULL ENABLE)
 
  ALTER TABLE HVK_RESERVATION MODIFY (RESERVATION_START_DATE NOT NULL ENABLE)
 
  ALTER TABLE HVK_RESERVATION MODIFY (RESERVATION_END_DATE NOT NULL ENABLE)
 
  ALTER TABLE HVK_RESERVATION MODIFY (RESERVATION_STATUS NOT NULL ENABLE)
--------------------------------------------------------
--  Constraints for Table HVK_RESERVATION_DISCOUNT
--------------------------------------------------------

  ALTER TABLE HVK_RESERVATION_DISCOUNT ADD CONSTRAINT RES_DISC_PK PRIMARY KEY (DISC_DISCOUNT_NUMBER, RES_RESERVATION_NUMBER) ENABLE
 
  ALTER TABLE HVK_RESERVATION_DISCOUNT MODIFY (DISC_DISCOUNT_NUMBER NOT NULL ENABLE)
 
  ALTER TABLE HVK_RESERVATION_DISCOUNT MODIFY (RES_RESERVATION_NUMBER NOT NULL ENABLE)
--------------------------------------------------------
--  Constraints for Table HVK_RUN
--------------------------------------------------------

  ALTER TABLE HVK_RUN ADD CONSTRAINT RUN_LOCATION_CHK CHECK ( RUN_LOCATION IN ('B', 'F')) ENABLE
 
  ALTER TABLE HVK_RUN ADD CONSTRAINT RUN_PK PRIMARY KEY (RUN_NUMBER) ENABLE
 
  ALTER TABLE HVK_RUN ADD CONSTRAINT RUN_SIZE_CHK CHECK ( RUN_SIZE         IN ('L', 'R')) ENABLE
 
  ALTER TABLE HVK_RUN ADD CONSTRAINT RUN_STATUS_CHK CHECK ( RUN_STATUS     IN (1, 2, 3, 4)) ENABLE
 
  ALTER TABLE HVK_RUN MODIFY (RUN_NUMBER NOT NULL ENABLE)
 
  ALTER TABLE HVK_RUN MODIFY (RUN_SIZE NOT NULL ENABLE)
 
  ALTER TABLE HVK_RUN ADD CHECK ( RUN_COVERED                              IN ('F', 'T')) ENABLE
--------------------------------------------------------
--  Constraints for Table HVK_SERVICE
--------------------------------------------------------

  ALTER TABLE HVK_SERVICE ADD CONSTRAINT SERVICE_PK PRIMARY KEY (SERVICE_NUMBER) ENABLE
 
  ALTER TABLE HVK_SERVICE MODIFY (SERVICE_NUMBER NOT NULL ENABLE)
 
  ALTER TABLE HVK_SERVICE MODIFY (SERVICE_DESCRIPTION NOT NULL ENABLE)
--------------------------------------------------------
--  Constraints for Table HVK_SPECIAL_NOTES
--------------------------------------------------------

  ALTER TABLE HVK_SPECIAL_NOTES ADD CONSTRAINT SPECIAL_NOTES_PK PRIMARY KEY (PET_PET_NUMBER) ENABLE
 
  ALTER TABLE HVK_SPECIAL_NOTES MODIFY (PET_PET_NUMBER NOT NULL ENABLE)
--------------------------------------------------------
--  Constraints for Table HVK_VACCINATION
--------------------------------------------------------

  ALTER TABLE HVK_VACCINATION MODIFY (VACCINATION_NUMBER NOT NULL ENABLE)
 
  ALTER TABLE HVK_VACCINATION MODIFY (VACCINATION_PET_TYPE NOT NULL ENABLE)
 
  ALTER TABLE HVK_VACCINATION MODIFY (VACCINATION_NAME NOT NULL ENABLE)
 
  ALTER TABLE HVK_VACCINATION ADD CHECK ( VACCINATION_PET_TYPE IN ('C', 'D')) ENABLE
 
  ALTER TABLE HVK_VACCINATION ADD CONSTRAINT VACCINATION_PK PRIMARY KEY (VACCINATION_NUMBER) ENABLE
--------------------------------------------------------
--  Constraints for Table HVK_VETERINARIAN
--------------------------------------------------------

  ALTER TABLE HVK_VETERINARIAN MODIFY (VET_NUMBER NOT NULL ENABLE)
 
  ALTER TABLE HVK_VETERINARIAN MODIFY (VET_NAME NOT NULL ENABLE)
 
  ALTER TABLE HVK_VETERINARIAN MODIFY (VET_PHONE NOT NULL ENABLE)
 
  ALTER TABLE HVK_VETERINARIAN ADD CHECK ( VET_PROVINCE IN ('ON', 'QC')) ENABLE
 
  ALTER TABLE HVK_VETERINARIAN ADD CONSTRAINT VETERINARIAN_PK PRIMARY KEY (VET_NUMBER) ENABLE
--------------------------------------------------------
--  Ref Constraints for Table HVK_CAT_SUITE
--------------------------------------------------------

  ALTER TABLE HVK_CAT_SUITE ADD CONSTRAINT CS_CST_FK FOREIGN KEY (CST_CAT_SUITE_TYPE_NUMBER) REFERENCES HVK_CAT_SUITE_TYPE (CAT_SUITE_TYPE_NUMBER) ENABLE
--------------------------------------------------------
--  Ref Constraints for Table HVK_DAILY_RATE
--------------------------------------------------------

  ALTER TABLE HVK_DAILY_RATE ADD CONSTRAINT DR_CST_FK FOREIGN KEY (CST_CAT_SUITE_TYPE_NUMBER) REFERENCES HVK_CAT_SUITE_TYPE (CAT_SUITE_TYPE_NUMBER) ENABLE
 
  ALTER TABLE HVK_DAILY_RATE ADD CONSTRAINT DR_SERV_FK FOREIGN KEY (SERV_SERVICE_NUMBER) REFERENCES HVK_SERVICE (SERVICE_NUMBER) ENABLE
--------------------------------------------------------
--  Ref Constraints for Table HVK_KENNEL_LOG
--------------------------------------------------------

  ALTER TABLE HVK_KENNEL_LOG ADD CONSTRAINT KL_PR_FK FOREIGN KEY (PR_PET_RES_NUMBER) REFERENCES HVK_PET_RESERVATION (PET_RES_NUMBER) ENABLE
--------------------------------------------------------
--  Ref Constraints for Table HVK_MEDICATION
--------------------------------------------------------

  ALTER TABLE HVK_MEDICATION ADD CONSTRAINT MED_PR_FK FOREIGN KEY (PR_PET_RES_NUMBER) REFERENCES HVK_PET_RESERVATION (PET_RES_NUMBER) ENABLE
--------------------------------------------------------
--  Ref Constraints for Table HVK_PET
--------------------------------------------------------

  ALTER TABLE HVK_PET ADD CONSTRAINT PET_OWN_FK FOREIGN KEY (OWN_OWNER_NUMBER) REFERENCES HVK_OWNER (OWNER_NUMBER) ON DELETE CASCADE ENABLE
 
  ALTER TABLE HVK_PET ADD CONSTRAINT PET_VET_FK FOREIGN KEY (VET_VET_NUMBER) REFERENCES HVK_VETERINARIAN (VET_NUMBER) ENABLE
--------------------------------------------------------
--  Ref Constraints for Table HVK_PET_FOOD
--------------------------------------------------------

  ALTER TABLE HVK_PET_FOOD ADD CONSTRAINT PF_FOOD_FK FOREIGN KEY (FOOD_FOOD_NUMBER) REFERENCES HVK_FOOD (FOOD_NUMBER) ENABLE
 
  ALTER TABLE HVK_PET_FOOD ADD CONSTRAINT PF_PR_FK FOREIGN KEY (PR_PET_RES_NUMBER) REFERENCES HVK_PET_RESERVATION (PET_RES_NUMBER) ENABLE
--------------------------------------------------------
--  Ref Constraints for Table HVK_PET_RESERVATION
--------------------------------------------------------

  ALTER TABLE HVK_PET_RESERVATION ADD CONSTRAINT PR_CS_FK FOREIGN KEY (CS_CAT_SUITE_NUMBER) REFERENCES HVK_CAT_SUITE (CAT_SUITE_NUMBER) ENABLE
 
  ALTER TABLE HVK_PET_RESERVATION ADD CONSTRAINT PR_PET_FK FOREIGN KEY (PET_PET_NUMBER) REFERENCES HVK_PET (PET_NUMBER) ENABLE
 
  ALTER TABLE HVK_PET_RESERVATION ADD CONSTRAINT PR_PR_FK FOREIGN KEY (PR_SHARING_WITH) REFERENCES HVK_PET_RESERVATION (PET_RES_NUMBER) ENABLE
 
  ALTER TABLE HVK_PET_RESERVATION ADD CONSTRAINT PR_RES_FK FOREIGN KEY (RES_RESERVATION_NUMBER) REFERENCES HVK_RESERVATION (RESERVATION_NUMBER) ENABLE
 
  ALTER TABLE HVK_PET_RESERVATION ADD CONSTRAINT PR_RUN_FK FOREIGN KEY (RUN_RUN_NUMBER) REFERENCES HVK_RUN (RUN_NUMBER) ENABLE
--------------------------------------------------------
--  Ref Constraints for Table HVK_PET_RESERVATION_DISCOUNT
--------------------------------------------------------

  ALTER TABLE HVK_PET_RESERVATION_DISCOUNT ADD CONSTRAINT PRD_DISC_FK FOREIGN KEY (DISC_DISCOUNT_NUMBER) REFERENCES HVK_DISCOUNT (DISCOUNT_NUMBER) ENABLE
 
  ALTER TABLE HVK_PET_RESERVATION_DISCOUNT ADD CONSTRAINT PRD_PR_FK FOREIGN KEY (PR_PET_RES_NUMBER) REFERENCES HVK_PET_RESERVATION (PET_RES_NUMBER) ENABLE
--------------------------------------------------------
--  Ref Constraints for Table HVK_PET_RESERVATION_SERVICE
--------------------------------------------------------

  ALTER TABLE HVK_PET_RESERVATION_SERVICE ADD CONSTRAINT PRS_PR_FK FOREIGN KEY (PR_PET_RES_NUMBER) REFERENCES HVK_PET_RESERVATION (PET_RES_NUMBER) ENABLE
 
  ALTER TABLE HVK_PET_RESERVATION_SERVICE ADD CONSTRAINT PRS_SERV_FK FOREIGN KEY (SERV_SERVICE_NUMBER) REFERENCES HVK_SERVICE (SERVICE_NUMBER) ENABLE
--------------------------------------------------------
--  Ref Constraints for Table HVK_PET_VACCINATION
--------------------------------------------------------

  ALTER TABLE HVK_PET_VACCINATION ADD CONSTRAINT PV_PET_FK FOREIGN KEY (PET_PET_NUMBER) REFERENCES HVK_PET (PET_NUMBER) ENABLE
 
  ALTER TABLE HVK_PET_VACCINATION ADD CONSTRAINT PV_VACC_FK FOREIGN KEY (VACC_VACCINATION_NUMBER) REFERENCES HVK_VACCINATION (VACCINATION_NUMBER) ENABLE
--------------------------------------------------------
--  Ref Constraints for Table HVK_RESERVATION_DISCOUNT
--------------------------------------------------------

  ALTER TABLE HVK_RESERVATION_DISCOUNT ADD CONSTRAINT RD_DISC_FK FOREIGN KEY (DISC_DISCOUNT_NUMBER) REFERENCES HVK_DISCOUNT (DISCOUNT_NUMBER) ENABLE
 
  ALTER TABLE HVK_RESERVATION_DISCOUNT ADD CONSTRAINT RD_RES_FK FOREIGN KEY (RES_RESERVATION_NUMBER) REFERENCES HVK_RESERVATION (RESERVATION_NUMBER) ENABLE
--------------------------------------------------------
--  Ref Constraints for Table HVK_SPECIAL_NOTES
--------------------------------------------------------

  ALTER TABLE HVK_SPECIAL_NOTES ADD CONSTRAINT SPECIAL_NOTES_PET_FK FOREIGN KEY (PET_PET_NUMBER) REFERENCES HVK_PET (PET_NUMBER) ENABLE